:020000040800F2
:10000000C04B00201560000875600008ED50000826
:100010007560000875600008756000080000000049
:1000200000000000000000000000000075600008F3
:100030007560000800000000B5BA000899AE00081D
:10004000756000087560000875600008756000083C
:10005000756000087560000875600008756000082C
:10006000756000087560000875600008756000081C
:100070007560000875600008E955000875600008A3
:1000800075600008756000087560000875600008FC
:100090007DBA00087560000875600008756000088A
:1000A00075600008756000087560000875600008DC
:1000B000DDA500087560000885560008E5A3000866
:1000C00041A40008756000087560000875600008AC
:1000D00075600008ED080008D10700087560000889
:1000E0007560000875600008756000080000000079
:1000F0000000000000000000000000000000000000
:1001000000000000000000005FF808F1B0B584B006
:1001100000AFF860B9607A603B60BB681B7803F0A1
:100120002003002B00F03C81FB681B780D2B0BD0CB
:10013000FB681B783B2B07D0FB681B780A2B03D08E
:10014000FB681B78002B3CD1BB681B7803F0400395
:10015000002B36D17B6800221A60BB681B7823F025
:100160004E03DAB2BB681A70BB681B7843F0010318
:10017000DAB2BB681A70BB681B78302B40F2108172
:100180003B6A1B881A46BB8C013B13401A463B68EE
:1001900013440D221A703B6A1B8801339AB23B6AE2
:1001A0001A803B6A1B881AB2BB8C013B9BB21BB204
:1001B00013401BB29AB2BB6A1A80BB68A1221A70A4
:1001C000EEE03B6BD3E900450AF0F6FD02460B4634
:1001D0009D4208BF944206D2BB681B78212B02D0F7
:1001E000BB6821221A70BB681B7803F01003002B38
:1001F00054D0BB681B7803F04003002B0CD0FB6885
:100200001B78292B40F0CC80BB681B7823F040037F
:10021000DAB2BB681A70C3E0FB681B78282B07D1E1
:10022000BB681B7843F04003DAB2BB681A70B7E0D2
:100230003B6A1B881A46BB8C013B13401A463B683D
:100240001344FA6812781A703B6A1B881AB2BB8C86
:10025000013B9BB21BB213401BB29AB2BB6A1A801D
:100260003B6A1B8801339AB23B6A1A803B6A1A8840
:10027000FB6A1B889A4240F09380BB681B7863F04E
:100280007F03DAB2BB681A703B6A1A88BB8C5B08C2
:100290009BB213449AB2FB6A1A8081E0BB681B7858
:1002A00003F00103002B4AD00AF086FD0A460146FE
:1002B0007B6B1B684FF000045B1844EB02043A6B45
:1002C000C2E90034FB681B782A2B0ED17B681B68BF
:1002D0001B02FA6812781A447B681A60BB681B78A4
:1002E0000233DAB2BB681A7029E0FB681A782E4B29
:1002F0001968BB681B785B08DBB2DB43DB0003F0EB
:10030000180321FA03F3DBB29A420ED17B681B6813
:100310001B02FA6812781A447B681A60BB681B7863
:100320000233DAB2BB681A7009E07B6800221A60F7
:10033000BB681B7823F05F03DAB2BB681A70BB6836
:100340001B7803F07F03292B2AD1BB681B7823F08D
:100350007F03DAB2BB681A70BB681B7843F03003C6
:10036000DAB2BB681A703B6A1A88BB6B1A803B6AA8
:100370001A88BB8C5B089BB213449AB2FB6A1A8042
:100380003B6A1B881AB2BB8C013B9BB21BB2134069
:100390001BB29AB2FB6B1A807B6800221A60FFE7DF
:1003A00000BF1037BD46B0BDB40E002080B485B08C
:1003B00000AF786039603B681B682D4AA2FB0323BD
:1003C0005B099BB21B01FB813B681B68FA89120920
:1003D00092B21146642202FB01F29B1ABB60BB6819
:1003E0001B013233224AA2FB03235B099BB203F0B9
:1003F0000F039AB2FB891343FB817B681B8A9BB274
:1004000023F440539AB27B681A827B689B899BB223
:1004100023F4B05323F00C039AB27B689A817B6873
:100420009B899BB243F00C039AB27B689A817B68EC
:100430009B8A9BB223F440739AB27B689A827B6852
:10044000FA891A817B689B899BB223F080039AB258
:100450007B689A817B689B899BB243F020039AB2A8
:100460007B689A8100BF1437BD4680BC704700BFCF
:100470001F85EB5180B584B000AF78600021274B19
:100480000A465A70264B0A465A700021254B0A46E6
:100490001A80254B0A461A800021244B0A461A80EE
:1004A000234B0A461A80234B00221A60224A224B11
:1004B0009B6943F004039361204A204B1B6823F49B
:1004C0007F4313601D4A1D4B1B6843F49643136022
:1004D000194A194BDB6943F40033D3617B689B00F5
:1004E000174AB2FBF3F3FB6007F10C0319461548FA
:1004F000FFF75CFF144B402283F82623124B402267
:100500005A60104A0F4B9B899BB243F400539BB235
:10051000938100BF1037BD4680BD00BFEC040020B2
:10052000E8040020F0040020EE040020860A0020E9
:10053000B80B0020FC04002000100240000801401D
:1005400000E9A4350044004000E100E080B584B03B
:1005500000AF78600021274B0A461A70264B0A46E6
:100560001A700021254B0A461A80254B0A461A802C
:100570000021244B0A461A80234B0A461A80234B3B
:1005800000221A60224A224B9B6943F004039361C4
:10059000204A204B5B6823F47F6353601D4A1D4B48
:1005A0005B6843F496635360194A194B9B6943F4A3
:1005B000804393617B689B00174AB2FBF3F3FB60B7
:1005C00007F10C0319461548FFF7F0FE144B4022C3
:1005D00083F82523124B20225A60104A0F4B9B8927
:1005E0009BB243F400539BB2938100BF1037BD46CA
:1005F00080BD00BFEC040020E8040020F6040020C9
:10060000F4040020800900208A0A00200005002050
:10061000001002400008014000D2496B0038014040
:1006200000E100E080B582B000AF03460A46FB71EE
:100630001346BB71BB79022B6CD8BB7903F0010365
:10064000DAB2554B1A70BB79002B14BF012300237B
:10065000DBB21A46514B1A7055E04F4B1B781A46C5
:100660004F4B9B5CDAB24F4B1A704B4B1B781A46C0
:100670004D4B53F822204B4B1B78591CC8B24949AB
:1006800008701344FA791A70464B1B7803F01F0365
:10069000DAB2444B1A70454B4CF250321A6004E007
:1006A000424B1B68013B414A13603B4B1B781A4687
:1006B0003F4B9B5CDAB23B4B1B789A4203D13B4BDE
:1006C0001B68002BECD1344B1B781A46354B19783C
:1006D000334B995472B6304B1B781A46354B53F84E
:1006E00022302D4A12781146324A52F821201288BF
:1006F00042F0800292B21A8062B6274B1B78013317
:10070000DAB2254B1A70244B1A78244B1B789A4284
:10071000A3D93CE0BB790C2B29D1274B1B78802B2C
:100720001ED8224B4CF250321A6004E01F4B1B685B
:10073000013B1E4A1360214B1B687E2B03DC1B4BC5
:100740001B68002BF2D11C4B1B7819461C4AFB7905
:100750005354194B1B780133DAB2174B1A7016E059
:100760000F21184809F090FA0AF062FD0FE0164BCD
:100770001B885A1C91B2144A11801946134AFB79FE
:100780005354114B1B883F2B01D90AF051FD00BF78
:100790000837BD4680BD00BF840A0020880A0020BB
:1007A000E80400209C0A002000000020980A002095
:1007B000EC04002008000020250900202409002066
:1007C00098460020ECF2000860090020284700202D
:1007D00080B58AB008AF354B1B889BB27B607B68C5
:1007E00003F02003002B30D0304B9B889BB2DBB250
:1007F000BB700AF0EDFA2E4B1B7803F02003002BA0
:1008000009D0BB7803F03F03DBB2BB70BB7818465E
:1008100005F07EFC16E0B81C264B0793264B06938A
:10082000264B0593264B0493264B0393264B0293AA
:100830004FF480730193254B0093254B254A26499D
:10084000FFF764FC0AF0D2FA2CE07B6803F0800327
:10085000002B27D0214B5B78FB70214B5B78DBB200
:10086000FA789A420FD1114A104B9B899BB223F020
:1008700080039BB293811B4B1B8823F008039AB221
:10088000184B1A800EE0094AFB78591CF97019467A
:10089000154B5B5C9BB29380FB7803F01F03DAB2CD
:1008A0000E4B5A7000BF0837BD4680BD0044004063
:1008B000A4060020B80B0020EE040020B00B00209E
:1008C000A80B0020F2040020860A0020F00400207B
:1008D00084090020FC040020A10B0020EC0400206F
:1008E000E8040020820F0020A804002080B58AB010
:1008F00008AF354B1B889BB27B607B6803F02003FD
:10090000002B30D0304B9B889BB2DBB2BB700AF01F
:100910005FFA2E4B1B7803F01003002B09D0BB7835
:1009200003F03F03DBB2BB70BB78184605F0F0FB69
:1009300016E0B81C264B0793264B0693264B0593CF
:10094000264B0493264B0393264B02934FF480735C
:100950000193254B0093254B254A2649FFF7D6FBEB
:100960000AF044FA2CE07B6803F08003002B27D0C8
:10097000214B1B78FB70214B1B78DBB2FA789A4233
:100980000FD1114A104B9B899BB223F080039BB27D
:1009900093811B4B1B8823F008039AB2184B1A80D3
:1009A0000EE0094AFB78591CF9701946154B5B5C3F
:1009B0009BB29380FB7803F01F03DAB20E4B1A70E0
:1009C00000BF0837BD4680BD00380140A4060020A6
:1009D0008A0A0020F4040020B40B0020900A0020B2
:1009E000F804002080090020F6040020A00A00205E
:1009F00000050020A00B0020EC040020E8040020EB
:100A0000820F0020C804002080B483B000AF78605B
:100A10000B467B8013467B707B78002B08D07B686D
:100A20009B899AB27B8813439AB27B689A8109E0CA
:100A30007B689B899AB27B88DB439BB213409AB256
:100A40007B689A8100BF0C37BD4680BC70470000B0
:100A5000F0B58BB004AFF860B9607A603B600023FA
:100A6000FB8200237B75B14B00221A707B681B88C8
:100A7000FB8204F049B8FB8ABA6813441A78AB4B7E
:100A80001A70FB8A01339AB27B681A80A84B1B78D4
:100A9000012B0FD1A74B1B8801339AB2A54B1A80AB
:100AA000A24B1B780D2B05D1A34B1B8801339AB2A7
:100AB000A14B1A803B6B1B78382B1AD03B6B1B78F1
:100AC000402B16D03B6B1B785C2B12D0974B1B78BE
:100AD000202B04F00180954B1B78602B09D9934B98
:100AE0001B787A2B05D8914B1B78203BDAB28F4BC1
:100AF0001A7000233B758D4B1B780D2B07D08B4B49
:100B00001B780A2B03D0894B1B78002B05D120239F
:100B10003B75884B00221A8009E0844B1B783B2BE5
:100B200003D0824B1B78282B01D12E233B753B6BC6
:100B30001B78203B412B03F2CD8701A252F823F012
:100B4000490C0008410D00088D14000831270008E9
:100B5000291800087D1D00082B2500089B26000889
:100B6000D54A0008D54A0008D54A0008D54A0008E9
:100B7000D54A0008D54A000831270008350E00087C
:100B80004D2700084D2700084D2700084D27000875
:100B90007F280008572E0008853100087D130008C3
:100BA000591400088D37000809390008AF4A0008B9
:100BB000693900089B45000841400008D54A0008F3
:100BC000AF400008D54A0008F5270008D54A0008BC
:100BD00085460008AB29000863380008533A00082E
:100BE0004F35000817330008092F0008FF360008AA
:100BF000FF4300086F44000839470008D54A000841
:100C000007450008D54A0008A5420008D54A000853
:100C1000D54A0008D54A0008D54A0008D54A000838
:100C2000D54A0008D54A0008D54A0008CF47000831
:100C3000534800080D2C0008D54A00080741000859
:100C4000D54A00083D4300083C4B1B7823F07D0348
:100C5000DAB23A4B1A707B6B00221A70FB6B0022DF
:100C60001A70324B1B78532B03D13B6B21221A7025
:100C700056E02E4B1B78462B03D13B6B22221A7079
:100C80004EE02A4B1B78412B03D13B6B23221A7079
:100C900046E0264B1B78472B03D13B6B24221A706E
:100CA0003EE0224B1B784D2B03D13B6B25221A7063
:100CB00036E01E4B1B78552B03D13B6B26221A7056
:100CC0002EE01A4B1B783B2B03D0184B1B78282B9C
:100CD00007D1174B1B78012B22D13B6B2E221A70A8
:100CE0001EE0124B1B780D2B1AD0104B1B780A2BD1
:100CF00016D00E4B1B78002B12D00C4B1B78029396
:100D0000FB8A01930123009300230022FF2100208E
:100D100003F0A2FF3B6B2E221A70FC2303F0FBBEF4
:100D20007B6C00221A6003F0ECBE00BF0D050020B2
:100D30008D0E00200C090020080900200C05002061
:100D4000A34B1B78184603F0F3FE03467B757B7DAF
:100D5000FF2B4DD17B6C00221A609D4B1B78502BD2
:100D600003D09B4B1B78482B11D13B6B2F221A7061
:100D7000984B1A78984B1A70984B00221A70984B1F
:100D800000221A70BB6B00221A8003F0BABE904B8F
:100D90001B78522B04D13B6B37221A7003F0B1BE83
:100DA0008B4B1B78492B07D13B6B24221A707B6C31
:100DB00028221A6003F0A5BE854B1B784D2B07D166
:100DC0003B6B3C221A707B6B35221A7003F099BE84
:100DD0007F4B1B780293FB8A01930123009300232E
:100DE0000022FF21532003F037FFFC2303F093BEC2
:100DF0007B7D072B0FD9764B1B780293FB8A0193DF
:100E00000223009300230022FF21532003F024FF3C
:100E1000F92303F080BE7B6B1B785AB27B7D0121E6
:100E200001FA03F35BB213435BB2DAB27B6B1A7065
:100E300003F067BE3B7D002B05D03B6B3A7D1A70FB
:100E4000012303F068BE624B1B78184603F070FE66
:100E500003467B757B7DFF2B40F00A81FB6B1B7883
:100E6000002B40F0F4805A4B1B78472B06D1BB6B0C
:100E70001B8801339AB2BB6B1A80DEE0544B1B789F
:100E80003E2B0AD1FB6B05221A70534B1A78514B3B
:100E90001A70524B04221A70F4E04D4B1B785E2BF3
:100EA00015D1FB6B05221A704B4B1B7803F04003E6
:100EB000002B04D07B6C1B685A1C7B6C1A60464B61
:100EC0001A78444B1A70454B08221A70DAE0404BEE
:100ED0001B78562B1BD1FB6B05221A703E4B1B78DF
:100EE00003F04003002B0AD07B6C1B68C3F30B0399
:100EF000012B04D97B6C1B685A1E7B6C1A60364B25
:100F00001A78344B1A70354B02221A70BAE0304B03
:100F10001B78482B07D1FB6B05221A707B6C6FF096
:100F20007F421A60AEE02A4B1B784C2B06D1FB6B3C
:100F300005221A707B6C00221A60A3E0244B1B78F8
:100F4000532B03D17B6C03221A601EE0204B1B78CD
:100F5000502B03D17B6C02221A6016E01C4B1B78CD
:100F6000542B03D17B6C01221A600EE0184B1B78C6
:100F7000522B03D17B6C08221A6006E0144B1B78BD
:100F80004D2B0ED17B6C05221A60124B1B7843F05F
:100F90004003DAB20F4B1A70FB6B02221A7003F097
:100FA000B0BD0B4B1B784F2B1ED10A4B1B7843F067
:100FB0000803DAB2074B1A70FB6B03221A707B6CC2
:100FC0001B68084A13607B6C00221A6003F099BD0D
:100FD0000D0500200C050020BD0B0020BE0B0020DD
:100FE000C40B0020884500209C4B1B782A2B17D16E
:100FF0009B4B1A789B4B1A70FB6B04221A709A4B0E
:101000001B7803F01003002B05D1974B1B7843F09E
:101010000103DBB200E00123934A137003F071BDBA
:101020008E4B1B783F2B0DD18E4B1B7843F010035A
:10103000DAB28C4B1A7000E000BFFB6B00221A7012
:1010400003F05FBD854B1B782C2BF5D000E000BF73
:10105000824B1B780293FB8A0193012300930023A8
:1010600000227821532003F0F7FDFB2303F053BD4A
:101070007B6C1A687B7D1146184603F043FF0246DD
:101080007B6C1A60FB6B1B780133DAB2FB6B1A7056
:10109000FB6B1B78052B43F22185BB6B1B88B3F5DB
:1010A000107F12D33B6B20221A706C4B1B7802937B
:1010B000FB8A01930323009300230022782153200D
:1010C00003F0CAFDFA2303F026BD664B1B7803F03C
:1010D0000803002B10D07B6C1B689AB2BB6B1A8084
:1010E000624B1A687B6C1A605E4B1B7823F0080316
:1010F000DAB25C4B1A7039E15A4B1A78584B1A70B5
:10110000594B1B7803F00103002B6CD07B6C1B68E0
:10111000DAB2574B1A707B6C1B681A0A7B6C1A6028
:10112000514B1B7823F00103DAB24F4B1A70504B2E
:101130001B78012B40F219814B4B1B78012B36D9C0
:10114000494B1B7843F01003DAB2474B1A70464BF9
:101150001B7803F00203002B11D0424B1B7803F0E5
:101160004003002B0BD07B6C1B68C3F30B03012BDC
:1011700005D97B6C1B685A1E7B6C1A6017E03A4BD2
:101180001B7803F00803002B11D0364B1B7803F0BB
:101190004003002B0BD07B6C1B68C3F30B03B3F530
:1011A000107F04D27B6C1B685A1C7B6C1A60BB6B73
:1011B0001B881A462E4B1B781344013B2D4A12887C
:1011C000934204DC2A4B1B78023BDBB209E0294B3B
:1011D0001B88DAB2BB6B1B88DBB2D31ADBB2013BD4
:1011E000DBB2234A13701F4B1B7803F04003002B24
:1011F0006FD07B6C1B68C3F30B03B3F5107F07D371
:101200007B6C1A681C4B134003F23F227B6C1A6004
:101210007B6C1B6803F40023002B2FD07B6B1878AA
:101220007B6C1B681B0BDBB203F00703DCB2BB6BF0
:101230001D887B6C1B689BB2C3F30B039BB20C4AEB
:101240001278094909780291019200932B462246AF
:101250000146F86804F032FB33E000BF0D050020C2
:10126000BD0B00200C050020BE0B0020884500208F
:10127000C40B00202400002000F0FF007B6B1C78D2
:101280007B6C1B681B0BDBB203F00703DDB2BB6B8F
:101290001E887B6C1B689BB2C3F30B039BB27A6CFA
:1012A0001268120CD2B297490978974800780390D7
:1012B00002910192009333462A462146F86804F0D1
:1012C000B7FC924B1B7823F04003DAB28F4B1A70B5
:1012D0002FE08E4B1B7803F01003002B1CD07B6B90
:1012E0001978BB6B1A887B6C1868864B1B78009347
:1012F0000346F86804F0B8FD03469AB2844B1B8895
:1013000013449AB2824B1A80804B1B7823F010034F
:10131000DAB27E4B1A700CE07B6B1978BB6B1A88C3
:101320007B6C1868774B1B7800930346F86804F0D1
:10133000DFF9BB6B1A88734B1B789BB213449BB2CB
:1013400001339AB2BB6B1A803B6C1A88BB6B1B884B
:101350009A420BD2BB6B1A886E4B1B889A4205D8F7
:10136000BB6B1A883B6C1A8000E000BF654B002203
:101370001A70FB6B00221A7003F0B0BB664B1B782F
:10138000184603F0D5FB03467B757B7DFF2B43D1CD
:10139000614B1B78502B2AD17B6C1B68B3F5107FF7
:1013A00010D95D4B1B780293FB8A019302230093B3
:1013B000002300225221532003F04EFC7B6C4FF49B
:1013C00010721A60BB6B00221A807B6C1B689AB289
:1013D0003B6C1A807B6C1A6813465B001344DB007D
:1013E0001A467B6C1A603B6B38221A7020E04A4B1D
:1013F0001B78512B03F07483474B1B780293FB8AB5
:10140000019301230093002300225221532003F073
:1014100023FCFB2303F07FBB7B6C1A687B7D1146AA
:10142000184603F06FFD02467B6C1A6003F058BB50
:1014300012E0FB8A0133FB82BB6B1B881A46FB68F8
:101440001344FA8AB9680A4412781A70BB6B1B8875
:1014500001339AB2BB6B1A80BB6B1B881A467B6C3C
:101460001B689A4204D23B681B88FA8A9A42E0D9E8
:10147000BB6B1B881A467B6C1B689A42C3F0328395
:101480003B6B20221A70012303F045BB224B1B78D3
:10149000184603F04DFB03467B757B7DFF2B40F028
:1014A000B5817B6C1B68DAB21C4BA3FB0213D90914
:1014B0000B461B025B1AD31ADAB27B6B1A707B6C79
:1014C00000221A607B6B1B78002B29D1124B1B78F2
:1014D000502B07D17B6B1F221A703B6B3B221A707B
:1014E00003F00FBB0C4B1B780293FB8A0193012383
:1014F0000093002300220021462003F0ADFBFC23D3
:1015000003F009BBC40B0020BE0B00200C0500201B
:101510000A050020240000200D0500208180808025
:10152000A94B1B785BB2002B80F25E817B6B1B7832
:10153000013B122B00F2378101A252F823F000BFC9
:101540008D150008D315000835160008351600085B
:10155000351600083516000835160008A7170008CC
:101560008D160008A7170008A7170008A71700087E
:10157000A7170008A7170008A71700089916000862
:101580009916000869170008691700088F4B1B7827
:10159000502B0ED17B6B00221A703B6B3D221A70D0
:1015A0008B4B1B789B08DBB2013BDAB2FB6B1A70EA
:1015B00038E1864B1B780293FB8A01930123009349
:1015C000002300220121462003F046FBFC2303F008
:1015D000A2BA7B6B22221A7000237B7506E07B7D0A
:1015E0007C4A0021D1547B7D01337B757B7D0C2BA4
:1015F000F5D93B7D002B05D03B6B3A7D1A70222339
:1016000003F089BA714B1B78502B03D13B6B4422FA
:101610001A7007E16D4B1B780293FB8A019301233B
:101620000093002300220221462003F015FBFB2338
:1016300003F071BA00237B7506E07B7D654A0021CB
:10164000D1547B7D01337B757B7D0C2BF5D95F4BB2
:101650001B78502B09D13B6B44221A707B6B1B7893
:101660002033DAB27B6B1A70DCE07B6B1978574B56
:101670001B780293FB8A019301230093002300222D
:10168000462003F0E9FAFB2303F045BA3B6B202226
:101690001A70282303F03FBA7B6B1B78103BDAB239
:1016A0007B6B1A704C4B00221A604C4B00221A7054
:1016B000BB6B00221A80454B1B78512B09D13B6B29
:1016C0004E221A707B6B1B785B33DAB27B6B1A701D
:1016D000A8E03E4B1B78502B0AD17B6B1B785B3309
:1016E000DAB23B6B1A703E4B1A687B6C1A6099E059
:1016F000364B1B784E2B12D17B6B1B78002B0ED1F7
:101700003B6B5B221A70374B1B7843F00103DAB254
:10171000344B1A70324B1A687B6C1A6082E02B4B88
:101720001B78482B0DD17B6B1B785B33DAB23B6B9C
:101730001A70FB6B01221A70294B1A687B6C1A60B5
:1017400070E07B6B1B780833D9B2204B1B78029377
:10175000FB8A01930123009300230022462003F01B
:101760007BFAFB2303F0D7B9184B1B78502B09D118
:101770007B6B1B781933DAB27B6B1A703B6B3B22A5
:101780001A704FE07B6B1978104B1B780293FB8A21
:1017900001930123009300230022462003F05CFA0A
:1017A000FC2303F0B8B9094B1B780293FB8A019321
:1017B0000123009300230022FF21462003F04CFA6E
:1017C000FC2303F0A8B900BF2A0000200D0500206B
:1017D000E0450020E845002088450020BD0B0020A2
:1017E000180900200C050020002302930023019318
:1017F0000523009300230022FF21462003F02CFA4A
:101800003B6B2E221A70012303F085B97B6C1A689A
:101810007B7D1146184603F075FB02467B6C1A600F
:1018200003F06FB903F06DB9BD4B1B78184603F098
:101830007FF903467B757B7DFF2B40F088827B6CB4
:101840001B68DAB2B74BA3FB0213D9090B461B0284
:101850005B1AD31ADAB27B6B1A707B6C00221A60A7
:101860007B6B1B78502B00F2628201A252F823F0AE
:10187000B5190008091A00082F1D00082F1D0008BF
:101880003F1A0008DF1A0008DF1A0008DF1A0008F4
:101890005F1B0008BB1B0008E51B00082F1D00088C
:1018A0002F1D00082F1D00082F1D00082F1D0008E8
:1018B0002F1D00082F1D00082F1D00082F1D0008D8
:1018C0002F1D00082F1D00082F1D00082F1D0008C8
:1018D0002F1D00082F1D00082F1D00082F1D0008B8
:1018E0002F1D00082F1D00082F1D00082F1D0008A8
:1018F0002F1D00082F1D00082F1D00082F1D000898
:101900002F1D0008E51B0008211C0008211C0008F1
:10191000211C0008211C00082F1D00082F1D000895
:101920002F1D00082F1D00082F1D00082F1D000867
:10193000211C0008211C0008211C00082F1D000884
:101940002F1D0008211C0008791C0008AF1C00088E
:101950002F1D00082F1D00082F1D00082F1D000837
:101960002F1D00082F1D00082F1D00082F1D000827
:101970002F1D00082F1D00082F1D0008C51C000882
:10198000C51C0008C51C00082F1D00082F1D0008DD
:101990002F1D00081D1D00082F1D00082F1D000809
:1019A0002F1D00082F1D00082F1D00082F1D0008E7
:1019B000C51C0008BB6B00221A80594B1B78502BAA
:1019C00003D0574B1B78482B03D13B6B49221A702D
:1019D000C9E1534B1B78512B06D13B6B48221A703F
:1019E0007B6B00221A70BEE14D4B1B780293FB8A81
:1019F000019301230093002300220021472003F0DC
:101A00002BF9FC2303F087B8454B1B78502B06D1EC
:101A10007B6B1D221A703B6B3B221A70A3E1404B7B
:101A20001B780293FB8A0193012300930023002279
:101A30000121472003F010F9FC2303F06CB8384B68
:101A40001B78502B03D0364B1B78482B06D17B6B71
:101A500000221A703B6B30221A7084E1304B1B78E5
:101A60004E2B0DD17B6B00221A703B6B30221A700B
:101A70002D4B1B7843F00103DAB22B4B1A7072E145
:101A80003B7D002B1BD03B6B3A7D1A70264B1B789D
:101A900003F02003002B0FD0244B1B781A46244B55
:101AA000002123F81210214B1B781A46214B0A21E2
:101AB0009954012303F02FB8032303F02CB8184BDB
:101AC0001B780293FB8A01930123009300230022D9
:101AD0000421472003F0C0F8FC2303F01CB87B6B03
:101AE0001B78043BDAB27B6B1A700D4B1B78502BC2
:101AF00003D00B4B1B78482B03D13B6B30221A7061
:101B000031E1074B1B784E2B16D13B6B30221A70FC
:101B1000054B1B7843F00103DAB2034B1A7022E144
:101B20000D050020818080800C0500200805002024
:101B3000000F0020BC0E00207B6B1B780433D9B251
:101B40008A4B1B780293FB8A0193012300930023A5
:101B50000022472003F080F8FC2302F0DCBF7B6BFF
:101B600000221A70814B1B78502B03D07F4B1B78BF
:101B7000482B03D13B6B42221A70F4E07B4B1B785D
:101B80004E2B0AD13B6B42221A70794B1B7843F0E3
:101B90000103DAB2764B1A70E5E0744B1B780293BE
:101BA000FB8A019301230093002300220821472090
:101BB00003F052F8FC2302F0AEBF3B6B20221A70F8
:101BC0006B4B1B7803F02003002B08D0694B1B786C
:101BD0001A46694B0C219954012302F09CBF0D2336
:101BE00002F099BF614B1B78512B09D13B6B4A2204
:101BF0001A70604B00221A707B6B00221A70B2E0E0
:101C00005A4B1B780293FB8A019301230093002314
:101C100000222521472003F01FF8FB2302F07BBFA1
:101C2000524B1B78502B03D0504B1B78482B03D1C1
:101C30003B6B4D221A7096E04C4B1B784E2B0AD111
:101C40003B6B4D221A704A4B1B7843F00103DAB20A
:101C5000474B1A7087E07B6B1978444B1B780293D3
:101C6000FB8A01930123009300230022472002F006
:101C7000F3FFFC2302F04FBF3C4B1B78502B06D1E7
:101C80007B6B1C221A703B6B3B221A706BE0374B4C
:101C90001B780293FB8A0193012300930023002207
:101CA0003621472002F0D8FFFC2302F034BF314B2D
:101CB00040221A70BB6B00221A807B6B00221A70C4
:101CC00000F0D2BF294B1B78502B03D0274B1B7839
:101CD000482B03D13B6B4C221A7044E0234B1B78FA
:101CE0004E2B0AD13B6B4C221A70214B1B7843F0D0
:101CF0000103DAB21E4B1A7035E07B6B19781B4B6F
:101D00001B780293FB8A0193012300930023002296
:101D1000472002F0A1FFFC2302F0FDBE3B6B202216
:101D20001A707B6B00221A70192302F0F4BE0F4B5D
:101D30001B780293FB8A0193012300930023002266
:101D4000FF21472002F088FFFC2302F0E4BE7B6CF9
:101D50001A687B7D1146184603F0D4F802467B6C66
:101D60001A6002F0CEBE02F0CCBE00BF0D0500200E
:101D70000C05002008050020BC0E0020D94B1B7864
:101D8000184602F0D5FE03467B757B7DFF2B40F0A5
:101D9000BE837B6C1B68DAB2D34BA3FB0213D90959
:101DA0000B461B025B1AD31ADAB27B6B1A707B6C80
:101DB00000221A607B6B1B78023B962B00F2978304
:101DC00001A252F823F000BF252000085D20000882
:101DD0005D2000085D200008A9200008EF2400080D
:101DE000EF240008EF240008EF240008EF24000887
:101DF000EF240008EF240008EF240008EF24000877
:101E00005D2000085D200008EF240008EF24000892
:101E1000EF240008EF240008EF240008EF24000856
:101E2000EF240008EF240008EF240008EF24000846
:101E3000EF240008EF240008EF240008EF24000836
:101E4000EF240008EF240008EF240008DF2000083A
:101E50004F2100084F210008EF240008EF2400085C
:101E6000EF240008EF240008EF240008EF24000806
:101E7000EF240008EF240008EF240008EF240008F6
:101E8000EF240008EF240008EF240008EF240008E6
:101E9000EF240008EF240008EF240008EF240008D6
:101EA000EF240008EF240008EF240008EF240008C6
:101EB000EF240008EF240008EF240008EF240008B6
:101EC000EF240008EF240008EF240008EF240008A6
:101ED000EF240008F5210008132200081B22000847
:101EE000EF240008EF240008EF240008EF24000886
:101EF000EF240008EF240008EF240008EF24000876
:101F0000EF240008EF240008EF240008EF24000865
:101F1000EF240008EF240008EF240008EF24000855
:101F2000EF240008EF240008EF240008EF24000845
:101F3000EF240008EF240008EF240008EF24000835
:101F4000EF240008EF240008EF240008EF24000825
:101F5000EF240008EF240008EF240008EF24000815
:101F6000EF240008EF240008EF240008EF24000805
:101F7000EF240008EF240008EF240008EF240008F5
:101F8000EF240008EF240008EF240008EF240008E5
:101F9000EF240008EF240008EF240008EF240008D5
:101FA000EF240008EF240008EF240008EF240008C5
:101FB000EF240008EF240008EF240008EF240008B5
:101FC000EF240008EF240008EF240008EF240008A5
:101FD000EF240008EF24000855230008EF24000830
:101FE0000524000813240008EF240008EF2400084B
:101FF000EF240008EF240008EF240008EF24000875
:10200000BB2200084D230008EF240008EF2400083D
:10201000EF240008EF240008C1230008EF24000883
:10202000212400083B7D002B08D03B6B3A7D1A70C1
:102030007B6C01221A60082302F06DBD294B1B78CE
:102040000293FB8A019301230093002300220221C3
:102050004D2002F001FEFB2302F05DBD3B7D002B15
:1020600009D03B6B3A7D1A707B6C4FF6FF721A6099
:10207000172302F050BD1B4B1B78502B03D13B6B39
:102080004B221A704FE27B6B1978164B1B78029328
:10209000FB8A019301230093002300224D2002F0CC
:1020A000DBFDFB2302F037BD0E4B1B78502B06D116
:1020B0003B6B39221A707B6B01221A7033E2094B99
:1020C0001B780293FB8A01930123009300230022D3
:1020D00006214D2002F0C0FDFB2302F01CBD0023B1
:1020E0007B750AE00D050020818080807B7DAC4AF5
:1020F0000021D1547B7D01337B757B7D0C2BF5D981
:102100003B7D002B08D03B6B3A7D1A707B6B002225
:102110001A70212302F0FFBCA24B1B78502B06D172
:102120003B6B44221A707B6B21221A70FBE19D4BA2
:102130001B780293FB8A0193012300930023002262
:1021400023214D2002F088FDFB2302F0E4BC7B6BD1
:102150001B78243BDAB27B6B1A703B7D002B17D0C7
:102160003B6B3A7D1A70904B1B7803F02003002BD9
:102170000BD08E4B1B781A467B6B1B780833D9B279
:102180008B4B9954012302F0C6BC1E2302F0C3BC42
:10219000844B1B78502B03D0824B1B78482B06D1E5
:1021A0007B6B1E221A703B6B42221A70BBE17D4B87
:1021B0001B784E2B0DD17B6B1E221A703B6B42227B
:1021C0001A70794B1B7843F00103DAB2764B1A7020
:1021D000A9E17B6B1978734B1B780293FB8A0193FF
:1021E00001230093002300224D2002F035FDFB2344
:1021F00002F091BC6F4B00221A803B6B2E221A70AA
:102200003B7D002B02D03B6B3A7D1A70012302F01C
:1022100082BC7B6B16221A7002E53B7D002B21D01D
:102220003B6B3A7D1A70604B1B7803F02003002B48
:1022300015D05E4B1B781A465F4B002123F8121015
:102240005A4B1B781A465A4B06219954574B1B7808
:102250001A465A4B01219954012302F05CBC082311
:1022600002F059BC4F4B1B78502B03D04D4B1B78C1
:10227000482B03D13B6B50221A7054E1494B1B7819
:102280004E2B0AD13B6B50221A70474B1B7843F000
:102290000103DAB2444B1A7045E1424B1B780293BA
:1022A000FB8A0193012300930023002247214D2044
:1022B00002F0D2FCFB2302F02EBC3A4B1B78502BD1
:1022C00003D0384B1B78482B03D13B6B46221A7046
:1022D00029E1344B1B784E2B0AD13B6B46221A70F6
:1022E000314B1B7843F00103DAB22F4B1A701AE11D
:1022F0003B7D002B1AD03B6B3A7D1A702A4B1B7822
:1023000003F02003002B06D0284B1B781A46284BDD
:102310000E21995407E008F04FFD03460C4618467D
:1023200021460CF00DFF012302F0F5BB1D4B1B787D
:102330000293FB8A01930123009300230022902142
:102340004D2002F089FCFB2302F0E5BB7B6B2B22C6
:102350001A7065E4134B1B78502B06D17B6B2F2230
:102360001A703B6B3B221A70DDE00E4B1B78512B31
:1023700006D13B6B36221A707B6B03221A70D2E0B7
:10238000084B1B780293FB8A0193012300930023DF
:10239000002286214D2002F05FFCFC2302F0BBBB33
:1023A000E84500200D0500200C0500200805002050
:1023B000BC0E00200A050020000F0020140C002095
:1023C000AA4B1B78512B0CD13B6B5D221A70A84B8A
:1023D00000221A70BB6B00221A807B6B00221A70DD
:1023E000A1E07B6B1978A14B1B780293FB8A0193C8
:1023F00001230093002300224D2002F02DFCFB233B
:1024000002F089BB7B6B1B7843F01003DAB27B6B65
:102410001A707B6B1B7843F02003DAB27B6B1A7067
:102420007B6B1B7883F02003DAB27B6B1A703B7DE9
:10243000002B31D03B6B3A7D1A708E4B1B7803F02A
:102440002003002B1CD08A4B1B781A468A4B002194
:1024500023F81210864B1B781A467B6B1B7803F00F
:102460000103DBB2C3F10603D9B2844B9954804B0C
:102470001B781A46824B01219954012302F04BBB71
:102480007B6B1B7803F00103002B02D02D2302F09D
:1024900042BB082302F03FBB744B1B78502B03D187
:1024A0003B6B34221A703EE0704B1B78512B0DD1E0
:1024B0003B6B45221A70BB6B00221A807B6B1B782A
:1024C00003F03003DAB27B6B1A702CE07B6B197867
:1024D000664B1B780293FB8A019301230093002330
:1024E00000224D2002F0B8FBFB2302F014BB5F4B2F
:1024F0001B780293FB8A019302230093002300229E
:10250000FF214D2002F0A8FBF92302F004BB7B6CF5
:102510001A687B7D1146184602F0F4FC02467B6C7B
:102520001A6002F0EEBA02F0ECBA504B1B78184673
:1025300002F0FEFA03467B757B7D022B40F2A480FD
:102540003B6B3B221A707B6C00221A60474B1B7856
:10255000492B0BD13B6B3A221A707B6C4FF02A321D
:102560001A60FB6B00221A7002F0CBBA3F4B1B784B
:10257000442B04D17B6B0F221A7002F0C2BA3B4B82
:102580001B78422B07D13B6B3C221A707B6B1022CD
:102590001A7002F0B6BA354B1B78522B04D17B6B04
:1025A00011221A7002F0ADBA304B1B78542B10D1A7
:1025B000FB6B1B78013BDBB203F00F03DAB2FB6B62
:1025C0001A703B6B3E221A707B6B04221A7002F069
:1025D00098BA264B1B78572B07D13B6B3C221A70BD
:1025E0007B6B13221A7002F08CBA204B1B78462B9F
:1025F00004D17B6B16221A7002F083BA1B4B1B7836
:10260000412B10D13B6B47221A701E4B47221A7088
:10261000FB6B1B78013BDBB203F00F03DAB2FB6B01
:102620001A7002F06EBA114B1B78532B04D17B6BDE
:102630002E221A7002F065BA0C4B1B78432B04D182
:102640003B6B27221A7002F05CBA084B1B7802938E
:10265000FB8A01930123009300230022FF215520D0
:1026600002F0FAFAFB2302F056BA00BF0D05002073
:10267000080500200C050020000F0020BC0E0020E3
:10268000140C0020BD0B0020FB6B1A787B7D1343DC
:10269000DAB2FB6B1A7002F034BAAA4B00221A703D
:1026A000A94B1B78492B0DD13B6B3C221A70A74BD1
:1026B0007F221A70A64B00221A707B6B31221A708F
:1026C00002F01FBAA04B1B78542B07D1FB6B0C22D6
:1026D0001A703B6B61221A7002F013BA9A4B1B7886
:1026E000522B0ED19B4B1B7843F00203DAB2994B6D
:1026F0001A70FB6B0C221A703B6B61221A7002F08D
:1027000000BA914B1B78532B02D107F099FD74E569
:102710008D4B1B780293FB8A0193012300930023C6
:1027200000224321552002F097FAFB2302F0F3B96F
:10273000854B1B780A2B04D0834B1B780D2B42F062
:10274000D3813B6B20221A7002F0CEB97E4B1B78EE
:10275000184602F0EDF903467B757B7DFF2B3DD1DA
:102760003B7D002B09D03B6B3A7D1A70794B1B786F
:1027700003F02003002B2CD012E07B6B1B7804337A
:10278000D9B2714B1B780293FB8A0193012300930A
:1027900001230022472002F05FFAFB2302F0BBB9BD
:1027A0007B6B1B78012B14D86B4B1B781A467B6C08
:1027B0001B6899B2694B23F81210674B1B781A46B5
:1027C0007B6B1B780A33D9B2654B9954012302F015
:1027D000A2B97B6B1B78033302F09DB97B6C1A683E
:1027E0007B7D1146184602F0A1FB02467B6C1A6005
:1027F00002F087B9544B1B78184602F099F903464A
:102800007B757B7DFF2B2ED13B7D002B07D03B6B57
:102810003A7D1A707B6B1B78123302F07CB97B6BAC
:102820001B78002B0FD0484B1B780293FB8A019337
:10283000012300930123002219214D2002F00CFAFC
:10284000FB2302F068B9404B1B780293FB8A01938B
:1028500001230093012300220821472002F0FCF904
:10286000FB2302F058B97B6C1A687B7D1146184631
:1028700002F05CFB02467B6C1A6002F042B9324BFC
:102880001B78184602F054F903467B757B7DFF2BBD
:1028900072D13B7D002B07D03B6B3A7D1A70FB6BEE
:1028A0001B78002B17D010E07B6B1978264B1B7818
:1028B0000293FB8A019301230093032300224D20FE
:1028C00002F0CAF9FB2302F026B97B6C1B684FF6B5
:1028D000FF7293420ED17B6B1B7803F02003002B19
:1028E00003D0204B1B881A4602E01F4B1B881A4658
:1028F0007B6C1A60174B1B7803F02003002B35D03C
:10290000154B1B781A467B6C1B6899B2134B23F846
:102910001210114B1B7819467B6B1B7803F02003B8
:10292000002B09D17B6B1B7803F01003002B01D027
:10293000252302E0042300E00123094A5354012324
:1029400002F0E9B8250900200D0500202409002027
:10295000280900200C05002008050020000F002099
:10296000BC0E00201446002010460020FB6B042201
:102970001A70092302F0CFB8FB6B1B780133DAB26F
:10298000FB6B1A70FB6B1B78042B02D9F72302F048
:10299000C2B87B6C1A687B7D1146184602F0B2FA09
:1029A00002467B6C1A6002F0ACB8A74B1B78184645
:1029B00002F0BEF803467B757B7DFF2B40F0E08084
:1029C0007B6B1B7803F00203002B00F085803B7DBE
:1029D000002B09D03B6B3A7D1A709C4B1B7803F09F
:1029E0002003002B57D00FE0974B1B780293FB8AF4
:1029F0000193012300930323012298214D2002F02B
:102A00002BF9FB2302F087B87B6B1B7803F00403E0
:102A1000002B37D07B6C1B684FF6FF72934211D1AD
:102A20008B4B1B7819467B6B1B7803F02003002B24
:102A300002D0884B1B8801E0874B1B88874A22F80D
:102A4000113008E0824B1B781A467B6C1B6899B2E8
:102A5000824B23F812107E4B1B7819467B6B1B7838
:102A600003F02003002B09D17B6B1B7803F01003CC
:102A7000002B01D0252302E0042300E00123784A43
:102A8000535405E0724B1B781A46754B002199543C
:102A9000012302F040B87B6B1B7803F00403002B8A
:102AA00002D1012302F037B87B6C1B684FF6FF722E
:102AB00093420ED17B6B1B7803F02003002B03D0D5
:102AC000644B1B881A4602E0634B1B881A467B6CDA
:102AD0001A60092302F01FB85B4B1B78502B2DD1D5
:102AE0007B6B1B7803F00103002B27D17B6B1B78DA
:102AF00043F00303DAB27B6B1A70FB6B1B78002B7D
:102B000011D00CF027FB0346FA6B127893FBF2F11D
:102B100002FB01F29B1A9BB29B009BB25B429AB2F2
:102B2000BB6B1A8070E04F4B1B789BB29B009BB233
:102B3000C3F104039AB2BB6B1A8065E0424B1B7869
:102B40004E2B0DD17B6B1B7803F00103002B07D1BB
:102B50003E4B1B7843F00103DAB23C4B1A7053E052
:102B6000394B1B780293FB8A0193012300930023C6
:102B7000012298214D2002F06FF8FB2301F0CBBF1A
:102B80007B6B1B7803F00103002B27D0BB6B1B88EA
:102B900001339AB2BB6B1A80BB6B1B88002B01F010
:102BA000A587BB6B1B88042B01F2A0877B6C1A687E
:102BB0007B7D1146184602F0A5F902467B6C1A602F
:102BC000BB6B1B88042B41F091877B6B1B7843F018
:102BD0000403DAB27B6B1A7001F088BFFB6B1B78C1
:102BE0001A467B7D1146184602F0A0F90346DAB278
:102BF000FB6B1A70FB6B1B78C82B41F27787FB6B62
:102C0000C8221A7001F072BF01F070BF0E4B1B7822
:102C1000184601F08DFF03467B757B7DFF2B40F04E
:102C2000DD80094B1B78522B04D17B6B04221A7078
:102C300001F067BF044B1B78482B15D17B6B082232
:102C40001A7001F05EBF00BF0D0500200C050020CA
:102C5000080500201446002010460020000F002028
:102C6000BC0E0020A8060020A14B1B7823F00D030A
:102C7000DAB29F4B1A703B6B35221A707B6B1B7854
:102C800003F00403002B0BD09A4B1B7803F00103D5
:102C9000002B05D1984B1B781033DAB2964B1A7083
:102CA000954B1B781A46944B1B781946934B5B5CEB
:102CB00003F07F03D9B2914B9954914B1B78542B5D
:102CC00007D13B6B2E221A70BB6B28221A8001F0B1
:102CD00018BF8B4B1B78502B04D1BB6B01221A8081
:102CE00001F00FBF864B1B784C2B04D1BB6B02222B
:102CF0001A8001F006BF824B1B784A2B04D1BB6BB4
:102D000003221A8001F0FDBE7D4B1B78492B04D1B4
:102D1000BB6B04221A8001F0F4BE794B1B784F2B59
:102D200004D1BB6B05221A8001F0EBBE3B7D002B6A
:102D300012D03B6B3A7D1A706F4B1B781A466E4B64
:102D40001B7819466D4B5B5C63F07F03D9B26B4B0C
:102D50009954012301F0DFBE694B1B784D2B0BD139
:102D6000634B1B7843F02003DAB2614B1A703B6B64
:102D700025221A7001F0C5BE614B1B78472B0BD181
:102D80005B4B1B7843F02003DAB2594B1A703B6B54
:102D900024221A7001F0B5BE574B1B783F2B0DD87B
:102DA000574B1B780293FB8A019301230093002366
:102DB000012296214D2001F04FFF0CE0504B1B7873
:102DC0000293FB8A01930123009300230122372100
:102DD000472001F041FFFB2301F09DBE7B6B1B7878
:102DE000082B15D1444B1B781B01DAB2424B1A70E9
:102DF000414B1A787B7D1343DAB23F4B1A703E4B3E
:102E00001B7803F03F03DAB23B4B1A7001F079BE36
:102E1000384B1B7803F00103002B17D07B7D013B5F
:102E2000DBB203F007037B757B7D012202FA03F31B
:102E30005BB203F03F035AB22F4B1B785BB21343D4
:102E40005BB2DAB22C4B1A7001F05BBE2A4A7B7D72
:102E5000137001F056BE2A4B1B78184601F068FE2D
:102E600003467B757B7DFF2B30D13B7D002B07D04C
:102E70003B6B3A7D1A70FB6B1B78002B1ED017E062
:102E80007B6B1B789B10DBB203F00103DBB20133D9
:102E9000DAB21B4B1B780293FB8A01930123009348
:102EA000032396214D2001F0D7FEFB2301F033BE12
:102EB0007B6C1B684FF6FF72934204D1114B1B8849
:102EC0001A467B6C1A600A2301F025BEFB6B1B7847
:102ED0000133DAB2FB6B1A707B6C1A687B7D11468A
:102EE000184602F00FF802467B6C1A6001F009BE2A
:102EF0000C050020A406002008050020BC0E0020C0
:102F00000D050020144600209A4B1B78184601F04E
:102F10000FFE03467B757B7DFF2B40F0D980954BE0
:102F20001B78522B09D17B6B1B7803F00103002B1C
:102F300003D17B6B04221A7019E18E4B1B78482B4E
:102F400009D17B6B1B7803F00103002B03D17B6B52
:102F500080221A700BE1874B1B78502B0DD17B6BB5
:102F60001B7803F00103002B07D17B6B1B7843F028
:102F70000103DAB27B6B1A70F9E07E4B1B784E2BA3
:102F800014D17B6B1B7803F00103002B0ED17B6BFC
:102F90001B7843F00103DAB27B6B1A70764B1B7817
:102FA00043F00103DAB2744B1A70E0E0714B1B7806
:102FB0003E2B0DD17B6B1B7803F00103002B07D058
:102FC0007B6B1B7843F00203DAB27B6B1A70CEE0A6
:102FD000684B1B783C2B0DD17B6B1B7803F00103F6
:102FE000002B07D07B6B1B7823F00203DAB27B6BDC
:102FF0001A70BCE05F4B1B783D2B0DD17B6B1B78AF
:1030000003F00103002B07D07B6B1B7843F00A030E
:10301000DAB27B6B1A70AAE0564B1B78212B14D1C5
:103020007B6B1B7803F00103002B0ED07B6B1B78AE
:1030300043F00803DAB27B6B1A707B6B1B7823F0CA
:103040000203DAB27B6B1A7091E03B7D002B03D058
:103050003B6B3A7D1A7026E0464B1B783F2B0AD11A
:103060007B6B1B7843F01003DAB27B6B1A703B6BFF
:103070002E221A7017E07B6B1B789B10DBB203F0DB
:103080000103DBB20133DAB23A4B1B780293FB8ABD
:1030900001930123009300232521472001F0DCFD4B
:1030A000FB2301F038BD7B6B1B7803F00403002B7E
:1030B0000BD0324B1B7803F00103002B05D1304BB2
:1030C0001B781033DAB22E4B1A701A2301F023BD8D
:1030D0007B6B1B7803F00103002B0BD07B6C1A6811
:1030E0007B7D1146184601F021FF02467B6C1A6079
:1030F00001F007BD7B6B1B78802B15D1204B1B7813
:103100001B01DAB21E4B1A701D4B1A787B7D1343DC
:10311000DAB21B4B1A701A4B1B7803F03F03DAB27A
:10312000174B1A7001F0EDBC144B1B7803F0010330
:10313000002B17D07B7D013BDBB203F007037B75CF
:103140007B7D012202FA03F35BB203F03F035AB224
:103150000B4B1B785BB213435BB2DAB2084B1A70AD
:1031600001F0CFBC064A7B7D137001F0CABC01F0B0
:10317000C8BC00BF0D0500200C050020A4060020DF
:1031800008050020A94B1B78184601F0D1FC034626
:103190007B757B7DFF2B79D13B7D002B18D03B6B62
:1031A0003A7D1A707B6B1B78032B2DD1A04B00222C
:1031B0001A8000237B7507E07B7D9E4A002122F860
:1031C00013107B7D01337B757B7D012BF4D95AE095
:1031D000964B1B78502B07D17B6B1B78032B03D1AD
:1031E0007B6B00221A700FE0904B1B780293FB8AD6
:1031F0000193012300930023012286214D2001F039
:103200002BFDFB2301F087BCFB6B1B781A46894B17
:1032100033F812301BB2DB431AB2854BB3F90030DE
:1032200013401AB2824B1A80814BB3F900301A4610
:103230007B6C1B681340002B15D17B6C1B689AB20A
:103240007B4BB3F900309BB213439BB21AB2784B5D
:103250001A80FB6B1B781A467B6C1B6899B2754B06
:1032600023F812100FE0714B1B780293FB8A019335
:10327000022300930323012286214D2001F0ECFC60
:10328000F92301F048BC012301F045BC7B6B1B789E
:10329000012B14D87B7D03F007037B757B6C1B68C7
:1032A0007A7D012101FA02F21A437B6C1A607B6B72
:1032B0001B780133DAB27B6B1A7001F022BC7B6B96
:1032C0001B78032B17D17B7D012B0FD9574B1B7814
:1032D0000293FB8A0193022300930023012286219B
:1032E0004D2001F0B9FCF92301F015BCFB6B7A7D90
:1032F0001A7001F006BC4D4B1B780293FB8A0193B8
:10330000032300930323012286214D2001F0A4FC16
:10331000FA2301F000BC454B1B78184601F008FC6D
:1033200003467B757B7DFF2B53D13B7D002B05D066
:103330003B6B3A7D1A70012301F0EDBB3B4B1B78D0
:103340002D2B08D13C4B1B7843F00C03DAB23A4BDF
:103350001A7001F0CDBB354B1B782B2B0FD1364BA0
:103360001B7843F00803DAB2334B1A70324B1B78E8
:1033700023F00403DAB2304B1A7001F0B9BB2B4BC7
:103380001B78522B03D0294B1B78722B11D1FB6B6E
:1033900004221A700BF0DEFE0246284B1B88013314
:1033A00092FBF3F103FB01F3D31A1A467B6C1A600C
:1033B0001FE01E4B1B780293FB8A019301230093AD
:1033C000032300220021472001F046FCFB2301F0EB
:1033D000A2BB7B6C1A687B7D1146184601F092FDFA
:1033E00002467B6C1A60FB6B1B780133DAB2FB6B15
:1033F0001A70FB6B1B78032B41F27A83BB6B1B8823
:10340000072B1DD93B6B20221A70084B1B780293A7
:10341000FB8A01930323009303230022002147200A
:1034200001F01AFCFA2301F076BB00BF0D05002065
:10343000A6060020580C00200C0500205400002097
:103440007B6C1B68A04A1288934204D99E4B1B8850
:103450001A467B6C1A609D4B1B7803F00803002B07
:1034600009D1BB6B1B881A467B6C1B6899B2984BC1
:1034700023F812104FE0954B1B7803F00403002B48
:1034800026D0BB6B1B881846BB6B1B881A46904B1B
:1034900033F812301A467B6C1B689A4213D9BB6B07
:1034A0001B88BA6B12881146894A32F811107A6C5F
:1034B000126892B28A1A91B2854A22F81310844A8D
:1034C00032F8133000E00023814A22F8103022E065
:1034D000BB6B1B881946BB6B1B881A467C4B33F8A9
:1034E00012207B6C1B689BB213449AB2784B23F872
:1034F0001120BB6B1B881A46754B33F81220724B98
:103500001B889A4207D9BB6B1B881A466E4B1988D9
:103510006F4B23F812106D4B1B7823F00C03DAB2BB
:103520006A4B1A706B4B1B7843F00203DAB2694B9B
:103530001A70BB6B1B8801339AB2BB6B1A80FB6B92
:1035400000221A707B6C00221A6001F0D1BA624B23
:103550001B78184601F0ECFA03467B757B7DFF2B48
:1035600040F0A0807B6B1B7803F00203002B50D04F
:103570003B7D002B08D03B6B3A7D1A70FB6B002221
:103580001A70182301F0C7BA534B1B782D2B08D1A2
:103590004E4B1B7843F00C03DAB24C4B1A7001F01F
:1035A000B0BA4D4B1B782B2B0FD1484B1B7843F0F7
:1035B0000803DAB2454B1A70444B1B7823F004031E
:1035C000DAB2424B1A7001F09CBA434B1B78522B73
:1035D0000FD10BF0BFFD02463B4B1B88013392FB22
:1035E000F3F103FB01F3D31A1A467B6C1A6001F066
:1035F00088BA394B1B780293FB8A0193012300930D
:10360000012301220021472001F026FBFB2301F0CA
:1036100082BA314B1B78502B03D02F4B1B78482B91
:1036200009D17B6B1B7803F00103002B03D17B6B6B
:1036300003221A7061E0284B1B784E2B10D17B6B54
:103640001B7803F00103002B0AD17B6B03221A7055
:103650001E4B1B7843F00103DAB21C4B1A704CE08E
:103660001D4B1B78522B0DD17B6B1B7803F0010394
:10367000002B07D17B6B1B7843F00703DAB27B6B1F
:103680001A703AE0144B1B780293FB8A01930123D2
:103690000093002301220021472001F0DDFAFB23E3
:1036A00001F039BA7B6B1B7803F00103002B15D0B6
:1036B0007B6C1A687B7D1146184601F037FC024688
:1036C0007B6C1A6001F01DBA540000200C0500202C
:1036D000A40E0020580600200D050020BB6B1B889F
:1036E0001AB27B7D012101FA03F31BB213431BB213
:1036F0009AB2BB6B1A8001F004BA01F002BAA44B73
:103700001B78184601F014FA03467B757B7DFF2B6E
:103710001CD13B7D002B08D03B6B3A7D1A70FB6BB4
:1037200000221A70172301F0F6B97B6B1978984BB9
:103730001B780293FB8A0193012300930323002249
:103740004D2001F089FAFB2301F0E5B97B7D072BC1
:103750000BD87B6C1B687A7D40F2011101FA02F2F2
:103760001A437B6C1A6001F0CCB97B6B1978884BDB
:103770001B780293FB8A0193022300930323002208
:103780004D2001F069FAF92301F0C5B9804B1B788F
:10379000184601F0CDF903467B757B7DFF2B54D194
:1037A0003B7D002B05D03B6B3A7D1A700C2301F05A
:1037B000B2B9774B1B78572B0AD17B6C1B68194623
:1037C000012001F09FFB02467B6C1A6001F099B961
:1037D0006F4B1B78532B0AD17B6C1B681946022058
:1037E00001F090FB02467B6C1A6001F08AB9684BCD
:1037F0001B784B2B0AD17B6C1B681946032001F008
:1038000081FB02467B6C1A6001F07BB9604B1B7830
:10381000472B0AD17B6C1B681946042001F072FB10
:1038200002467B6C1A6001F06CB9594B1B7802930D
:10383000FB8A0193012300930323002206214D20DC
:1038400001F00AFAFB2301F066B97B6C1A687B7DF4
:103850001146184601F056FB02467B6C1A6001F0D7
:1038600050B94B4B1B78184601F062F903467B7543
:103870007B7DFF2B3CD13B7D002B0CD03B6B3A7DFD
:103880001A70FB6B00221A70424B1B7803F0200366
:10389000002B20D00FE03E4B1B780293FB8A019354
:1038A000012300930123002290214D2001F0D4F93F
:1038B000FB2301F030B9384B1B781A467B6C1B6830
:1038C00099B2364B23F81210334B1B781A46344BFF
:1038D0000D21995404E07B6C1B6818460BF030FCFA
:1038E0007B6C1B6818460BF02BFC012301F013B90D
:1038F0007B6C1A687B7D1146184601F017FB024667
:103900007B6C1A6001F0FDB83B7D002B08D03B6B4F
:103910003A7D1A70FB6B00221A700E2301F0FBB87F
:10392000FB6B1B78032B0FD9194B1B780293FB8A77
:10393000019301230093002300224921552001F027
:103940008BF9FB2301F0E7B8FB6B1B780133DAB28C
:10395000FB6B1A707B6C1B681B020D4A12781A44B1
:103960007B6C1A6001F0CDB8094B1B78184601F04A
:10397000DFF803467B757B7DFF2B5ED13B7D002B03
:1039800010D03B6B3A7D1A707B6B1B7801F0C3B88B
:103990000D0500200C05002008050020000F002068
:1039A000BC0E0020BA4B1B78502B01F0A380B84B03
:1039B0001B78482B01F09E80B54B1B784E2B08D10D
:1039C000B44B1B7843F00103DAB2B24B1A7001F02A
:1039D00091B87B6B1B78102B02D142237B751CE0C6
:1039E0007B6B1B78132B02D157237B7515E07B6B08
:1039F0001B78352B0FD1A64B1B780293FB8A0193C2
:103A000001230093002300224D21532001F024F9CB
:103A1000FB2301F080B843237B759D4B1B78797D98
:103A20000293FB8A01930123009300230022552077
:103A300001F012F9FB2301F06EB87B6C1A687B7DF4
:103A40001146184601F072FA02467B6C1A6001F0CA
:103A500051B83B7D002B05D03B6B3A7D1A70142387
:103A600001F059B87B6C1B68002B40F06D81884BCE
:103A70001B78303B2F2B00F2608101A252F823F01B
:103A8000513C00083B3D00083B3D00083B3D000821
:103A90003B3D00083B3D00083B3D00083B3D000826
:103AA0003B3D00083B3D00083B3D00083B3D000816
:103AB0003B3D00083B3D00083B3D00083B3D000806
:103AC0003B3D00082B3D0008653B0008793B0008A2
:103AD000B93C00083B3D00085D3B00083B3D000849
:103AE000333D0008D13B00083B3D00083B3D00084A
:103AF0003B3D0008893C00085F3C0008233D00086E
:103B0000993B00083B3D00086D3C0008BF3B0008A6
:103B10004F3B0008AD3B0008413B00083B3D00081F
:103B20003B3D00083B3D00083B3D00083B3D000895
:103B30007B3C00083B3D00083B3D0008433C00083F
:103B4000FB6B1B781946544806F09EF86EE2FB6B3F
:103B50001B781946514806F097F867E27B6C032200
:103B60001A605AE24E4B1B789AB2FB6B1B781946CF
:103B7000104601F022F859E27B6C00221A60494B92
:103B800000221A70BB6B00221A807B6B00221A7015
:103B90003B6B5F221A7040E2434B1B789AB2FB6B7F
:103BA0001B781946104601F008F83FE23F4B1A888F
:103BB000FB6B1B781946104600F0FFFF36E23C4BCA
:103BC0001A88FB6B1B781946104600F0F6FF2DE2B1
:103BD000384B1B680321184601F0CAF903461A4600
:103BE000FB6B1B7819461046FCF71CFD314B1B681C
:103BF0000221184601F0BCF903461A46FB6B1B78FC
:103C000019461046FCF70EFD2A4B1B680121184689
:103C100001F0AEF903461A46FB6B1B7819461046B5
:103C2000FCF700FD234B1B680021184601F0A0F9AA
:103C300003461A46FB6B1B7819461046FCF7F2FC4C
:103C4000F4E1FB6B1B7819462020FCF7EBFCEDE15F
:103C5000FB6B1B7819460020FCF7E4FCE6E1FB6BEC
:103C60001B7819460A20FCF7DDFCDFE1FB6B1B78B3
:103C700019460D20FCF7D6FCD8E1FB6B1B781946E2
:103C80005C20FCF7CFFCD1E17B6C01221A60C4E11F
:103C90000D0500200C05002008F3000814F30008AF
:103CA00026000020BC0B0020A80600200A050020EA
:103CB00072000020B40E0020A54B1B7803F07F0398
:103CC000012B06D1FB6B1B781946A24805F0DCFFDF
:103CD000A5E19F4B1B7803F00303022B06D1FB6B7E
:103CE0001B7819469C4805F0CFFF98E1984B1B784C
:103CF00003F00303032B06D1FB6B1B78194697488F
:103D000005F0C2FF8BE1924B1B7803F07F03042B7D
:103D100040F08581FB6B1B781946914805F0B4FF94
:103D20007DE17B6C02221A6077E17B6C04221A60D1
:103D300073E17B6C05221A606FE1FB6B1B781946FF
:103D4000884805F0A1FF71E17B6C1B68012B1BD13A
:103D5000854B1B78184600F0EBFE03467B757B7D98
:103D6000072B00F25E817B7D804A32F813301A46C1
:103D70007B6C1A607B6C1B689AB2FB6B1B781946D4
:103D8000104600F01AFF4CE17B6C1B68022B68D1D7
:103D9000754B1B78184600F0CBFE03467B757B7D88
:103DA000072B00F240816A4B1B7803F00303032BBF
:103DB00032D16F4B1B781A467B7D42FA03F303F036
:103DC0000103002B10D06B4B1B78DA437B7D42FA4A
:103DD00003F303F00103002B06D0FB6B1B7819469D
:103DE0004C20FCF71FFC1EE1634B1B781A467B7DC1
:103DF00042FA03F303F00103002B06D0FB6B1B78A0
:103E000019465320FCF70EFC0DE1FB6B1B7819469D
:103E10004E20FCF707FC06E14D4B1B7803F0030333
:103E2000022B17D1544B1B781A467B7D42FA03F3C1
:103E300003F00103002B06D0FB6B1B7819465320BF
:103E4000FCF7F0FBEFE0FB6B1B7819464E20FCF70C
:103E5000E9FBE8E0FB6B1B7819464C20FCF7E2FB22
:103E6000E1E07B6C1B68032B22D13F4B1B78302B8E
:103E700008D1424B1A88FB6B1B781946104600F09C
:103E80009CFED3E0384B1B78312B08D13C4B1A8871
:103E9000FB6B1B781946104600F08FFEC6E0394BCD
:103EA0001A88FB6B1B781946104600F086FEBDE0B1
:103EB0007B6C1B68042B40F082802B4B1B78502BB3
:103EC00008D1314B1A88FB6B1B781946104600F05D
:103ED00074FEAAE0244B1B78552B0DD12A4B1B886E
:103EE0001A462A4B93FBF2F39AB2FB6B1B781946E6
:103EF000104600F062FE98E01B4B1B78462B08D161
:103F0000234B1A88FB6B1B781946104600F055FEB0
:103F10008BE0154B1B784C2B08D11E4B1A88FB6B82
:103F20001B781946104600F048FE7EE00E4B1B78C9
:103F3000432B35D1184B1A68184B1B68B2FBF3F3AF
:103F40009AB2FB6B1B781946104600F036FE6CE007
:103F50002A0000201CF3000824F300082CF30008BA
:103F600034F300083CF300080D050020A40E0020E7
:103F7000270000204C06002066000020504600204C
:103F800010460020124600204000002040420F0052
:103F90003A0000202E0000205406002034000020AB
:103FA000794B1B78542B40D1784B1B88013B9AB23C
:103FB000FB6B1B781946104600F0FFFD35E07B6C6B
:103FC0001B68062B16D1724B1B781B01DCB26E4BA3
:103FD0001B78184600F0ACFD03462344DAB26C4B64
:103FE0001A706B4B1A78FB6B1B7819461046FCF75E
:103FF00019FB1BE07B6C1B68052B40F07D85624B39
:104000001B78184600F094FD03461A46604B1A7060
:104010007B6C06221A6000F06FBD00F06DBD00BF22
:1040200004E000BF02E000BF00E000BF7B6C0022A4
:104030001A60584B1A783B6B1A7000F062BD00BFD3
:10404000514B1B78502B0BD1BB6B00221A803B6B62
:1040500040221A703B6B1A784E4B1A7000F051BD1B
:10406000494B1B78482B0AD17B6B00221A70BB6B23
:1040700000221A803B6B52221A7000F042BDFB6B8B
:104080001B780C2B01D1432300E054237B753E4B5E
:104090001B78797D0293FB8A01930123009300230F
:1040A0000122552000F0D8FDFB2300F034BD364B33
:1040B0001B780A2B07D0344B1B780D2B03D0324BC7
:1040C0001B78002B05D13B6B20221A70142300F0C3
:1040D00022BD2D4B1B785C2B0BD13B6B1A782D4BE3
:1040E0001A703B6B47221A707B6C00221A6000F03A
:1040F00008BD254B1A78FB6B1B7819461046FCF758
:1041000091FA00F0FEBC204B1B78184600F010FD21
:1041100003467B757B7DFF2B00F0B1807B6B1B78AA
:10412000002B00F09D80BB6B1B881A467B7D1146DF
:10413000184600F0E7FE03469AB2BB6B1A807B6B11
:104140001B780133DAB27B6B1A707B6B1B78032B05
:1041500040F2D4840F4B1A783B6B1A70BB6B1B88F0
:10416000B3F5107F03D3BB6B40F23F221A80BB6BC9
:104170001B881A4652001344DB009AB2BB6B1A80AC
:1041800000237B7528E000BF0D0500203C000020C7
:10419000BC0B0020BD0B00207B6C1B685A007B6CA5
:1041A0001A60BB6B1B881A46FB6813441A78A54B30
:1041B0001B781340DBB2002B05D07B6C1B6843F0EF
:1041C00001027B6C1A60BB6B1B8801339AB2BB6B1C
:1041D0001A807B7D01337B757B7D172BDCD97B6C53
:1041E0001B681B0ADAB27B6B1A707B6C1B68DAB235
:1041F0007B6C1B681B0A03F47F431A437B6C1A60B9
:104200007B6B1B781B09DBB2184600F0BAFC034637
:104210001A46FB6B1B7819461046FCF703FA7B6BBA
:104220001B7803F00F03DBB2184600F0AAFC03462C
:104230001A46FB6B1B7819461046FCF7F3F97B6CAA
:104240001B689AB2FB6B1B781946104600F0B5FC50
:104250007B6C00221A607B6B00221A7000F04EBC4F
:104260007B7D072B06D87B7D012202FA03F3DAB2AD
:10427000744B1A707B6B01221A7000F03FBC724BBA
:104280001B780A2B08D0704B1B780D2B04D06E4B7B
:104290001B78002B40F032843B6B20221A701423D1
:1042A00000F039BC684B1B78184600F041FC03460F
:1042B0007B757B7DFF2B20D13B7D002B05D03B6B9D
:1042C0003A7D1A70142300F026BCFB6B1B780C2B74
:1042D00001D1432300E054237B755B4B1B78797D30
:1042E0000293FB8A019301230093022301225520AC
:1042F00000F0B2FCFB2300F00EBC7B6B1B781A466F
:104300007B7D1146184600F0FDFD0346DAB27B6B5B
:104310001A70BB6B1B8803F00103002B07D07B6B6B
:104320001A78FB6B1B7819461046FCF77BF9BB6BC0
:104330001B8801339AB2BB6B1A80E2E3424B1B78B5
:10434000184600F0F5FB03467B757B7DFF2B32D1D1
:104350007B6C1B68DBB203F07F03DAB23B4B1A7055
:10436000394B1B78512B07D1394B1B7843F0030392
:10437000DAB2374B1A70C4E3354B1B7803F00203F3
:10438000002B3FF45CAE7B6C00221A603B6B3C223E
:104390001A702F4B1B7803F00103DBB23333DAB210
:1043A0007B6B1A702A4B1B7823F00303DAB2284B7D
:1043B0001A70FFF7E3BA264B1B7803F00103002BBA
:1043C00012D0BB6B1B881A467B7D1146184600F045
:1043D00099FD03469AB2BB6B1A801E4B1B780133C2
:1043E000DAB21C4B1A708CE37B6C1A687B7D114629
:1043F000184600F087FD02467B6C1A6081E3124B81
:104400001B78184600F094FB03467B757B7DFF2BE1
:1044100022D13B7D002B04D03B6B3A7D1A701923CF
:1044200079E37B6B1978084B1B780293FB8A019325
:104430000123009301230022472000F00DFCFB2301
:1044400069E300BFBC0B00200D0500201A470020C7
:104450000C050020250900207B6C1A687B7D114625
:10446000184600F063FD02467B6C1A6049E39E4BE0
:104470001B78184600F05CFB03467B757B7DFF2BA9
:1044800036D13B7D002B04D03B6B3A7D1A701B2349
:1044900041E3954B1B782D2B07D1944B1B7843F0B0
:1044A0000C03DAB2914B1A702BE38F4B1B782B2B3A
:1044B0000ED18E4B1B7843F00803DAB28B4B1A7087
:1044C0008A4B1B7823F00403DAB2884B1A7018E386
:1044D0007B6B1978844B1B780293FB8A0193012331
:1044E000009301230022472000F0B6FBFB2312E3D8
:1044F0007B6C1A687B7D1146184600F017FD02465A
:104500007B6C1A60FDE2784B1B78184600F010FBBC
:1045100003467B757B7DFF2B34D13B7D002B09D07F
:104520003B6B3A7D1A70714B1B7803F02003002B14
:1045300026D00EE06C4B1B780293FB8A019301237B
:1045400000930323002247214D2000F085FBFB232D
:10455000E1E2674B1B781A467B6C1B6899B2654B8E
:1045600023F81210624B1B781A46634B06219954AC
:104570005F4B1B781A46614B012199540123CAE213
:104580000823C8E27B6C1A687B7D1146184600F050
:10459000CDFC02467B6C1A60B3E23B7D002B07D05A
:1045A0003B6B3A7D1A70FB6B00221A700123B2E25A
:1045B0004D4B1B78302B06D14B4B31221A70504992
:1045C000504809F048FA484B1B78312B3ED14E49F0
:1045D0004C4809F09AFA0346FB744B4B5B7A002B6C
:1045E0000AD1FB6B1B781946484805F04DFB44493E
:1045F000444809F030FA3FE0FB7C002B06D0FB7CFE
:104600001A460121022005F095FA35E03E4B1B7A4F
:1046100003F02003002B06D0FB6B1B7819463C48A7
:1046200005F032FB0BE0384B1B7A03F01003002B34
:1046300005D0FB6B1B781946364805F025FBFB6B54
:104640001B781946344805F01FFB15E0264B1B78F4
:104650004E2B11D03B6B2E221A70234B1B780293EA
:10466000FB8A0193012300930323002201214620AA
:1046700000F0F2FAFB234EE2FB6B1B78184605F0C4
:10468000EFFA3EE23B7D002B05D03B6B3A7D1A7082
:104690007B6B1B783FE2FB6B1B780C2B3ED97B6B53
:1046A0001B78212B0DD1104B1B780293FB8A0193B1
:1046B000032300930323002223214D2000F0CCFA92
:1046C0000FE07B6B1B78203BD9B2074B1B78029322
:1046D000FB8A01930323009303230022462000F06A
:1046E000BBFAFA2317E200BF0D0500200C050020DD
:1046F00008050020000F0020BC0E0020140C002034
:10470000F845002030460020C045002044F3000852
:104710004CF3000850F30008C9450020FB6B1B78E0
:104720001A46A04B1978A04B9954FB6B1B780133A8
:10473000DAB2FB6B1A70E4E19A4B1B78184600F072
:10474000F7F903467B757B7DFF2B35D1954B1B78A5
:10475000502B03D1FB6B00221A7028E0914B1B7881
:104760004E2B0AD1914B1B7843F00103DAB28F4BE9
:104770001A70FB6B01221A7019E08A4B1B78482BC8
:1047800003D1FB6B01221A7011E07B6B1B78533B4A
:10479000D9B2844B1B780293FB8A019301230093C7
:1047A00000230122462000F057FAFB23B3E17B6B84
:1047B0001A783B6B1A70A4E17B6C1A687B7D1146FA
:1047C000184600F09FFB02467B6C1A6099E1754B1E
:1047D0001B78184600F0ACF903467B757B7DFF2BF8
:1047E00016D13B7D002B04D03B6B3A7D1A702923F8
:1047F00091E16C4B1B780293FB8A01930123009398
:10480000012301220821462000F026FAFB2382E141
:10481000BB6B1B881A467B7D1146184600F086FB51
:1048200003469AB2BB6B1A80BB6B1B88B3F5007F43
:1048300040F266815B4B1B780293FB8A0193022353
:104840000093012300220821462000F005FAF923F5
:1048500061E1FB6B1B78002B5CD0544B1B7803F0A1
:104860000103002B56D14F4B1B78184600F060F91E
:1048700003467B757B7DFF2B1AD13B6B2E221A7072
:104880003B7D002B02D03B6B3A7D1A70BB6B1B88C3
:104890005B089AB2BB6B1A80BB6B1B881A464449F3
:1048A000002001F0A7FF0246424B1A602A2332E1A2
:1048B0007B6B1B781A467B7D1146184600F022FB65
:1048C0000346DAB27B6B1A70BB6B1B885B089BB22A
:1048D0001A467B6B1978364B9954BB6B1B88013396
:1048E0009AB2BB6B1A80BB6B1B885B089BB2B3F59B
:1048F000007FC0F0DA802B4B1B780293FB8A019378
:1049000003230093022301220921462000F0A4F989
:10491000FA2300E1FB6B1B78002B40F0B780234BA0
:104920001B7803F00103002B40F0B0803B7D002B8F
:1049300004D03B6B3A7D1A702A23ECE01E4B1B78A7
:10494000032B17D17B6B1B781B01DCB2154B1B783B
:10495000184600F0EDF803462344DAB27B6B1A7078
:10496000154B00221A70BB6B1B88013B9AB2BB6BC4
:104970001A8066E0104B1B78022B1FD1094B1B7865
:10498000184600F0D5F803461A467B6B1A700A4B9E
:1049900003221A70BB6B1B88013B9AB2BB6B1A8057
:1049A0004FE000BF0D050020E84500200C05002069
:1049B000600C002088450020BD0B0020584B1B7860
:1049C000012B32D1564B00221A70FB8ABA6813446D
:1049D0001A78544B1A70534B1A787B6B1A70514BE0
:1049E0001B786E2B03D17B6B0A221A7016E04D4B9D
:1049F0001B78722B03D17B6B0D221A700EE0494B92
:104A00001B78302B03D17B6B00221A7006E0454BDC
:104A10001B78682B02D1424B02221A70BB6B1B8899
:104A2000013B9AB2BB6B1A800BE03E4B1B785C2BB0
:104A300003D13B4B01221A7003E03A4B1A787B6B8F
:104A40001A703849384801F0F7FEBB6B1B881A46CC
:104A50007B6B1978354B9954BB6B1B8801339AB229
:104A6000BB6B1A80BB6B1B88B3F5007F1ED32D4B2D
:104A70001B780293FB8A01930323009303230122F3
:104A80000921462000F0E8F8FA2344E0254B1B7882
:104A90000293FB8A01930123009300230122092141
:104AA000462000F0D9F8FB2335E000BF29E03B7D2C
:104AB000002B05D03B6B3A7D1A707B6B1B782AE08C
:104AC000184B1B78184600F033F803461A467B6CE7
:104AD0001A6016E0FE231EE000BF12E000BF10E0E7
:104AE00000BF0EE000BF0CE000BF0AE000BF08E01E
:104AF00000BF06E000BF04E000BF02E000BF00E02E
:104B000000BFFB8A0133FB823B681B88FA8A9A420A
:104B10007BF6B1AF022318461C37BD46F0BD00BF7F
:104B2000BD0B00200D05002088450020600C0020F2
:104B300080B483B000AF0346FB71FB792F2B06D9FD
:104B4000FB79392B03D8FB79303BDBB214E0FB79DE
:104B5000402B06D9FB79462B03D8FB79373BDBB2D8
:104B60000AE0FB79602B06D9FB79662B03D8FB7929
:104B7000573BDBB200E0FF2318460C37BD4680BC34
:104B8000704780B483B000AF0346FB71FB79092BFB
:104B900003D8FB793033DBB20AE0FB79092B06D965
:104BA000FB790F2B03D8FB793733DBB200E0FF230F
:104BB00018460C37BD4680BC704780B582B000AF48
:104BC00003460A46FB8013467B71FB881B0B9BB296
:104BD000DBB203F00F03DBB21846FFF7D2FF034648
:104BE0001A467B7919461046FBF71CFDFB881B0A09
:104BF0009BB2DBB203F00F03DBB21846FFF7C1FF35
:104C000003461A467B7919461046FBF70BFDFB88D5
:104C10001B099BB2DBB203F00F03DBB21846FFF7B0
:104C2000B0FF03461A467B7919461046FBF7FAFC9B
:104C3000FB88DBB203F00F03DBB21846FFF7A1FFDE
:104C400003461A467B7919461046FBF7EBFC00BF7A
:104C50000837BD4680BD000090B583B000AF044664
:104C6000084611461A462346FB710346BB710B46A4
:104C70007B7113463B718D4B1B78DBB2002B00F030
:104C80001081FB79002B04D10F21894804F0FCFF2F
:104C90003DE0FB790F211846FBF7C4FCBB79FF2BE5
:104CA00008D10F212E20FBF7BDFC0F212E20FBF792
:104CB000B9FC2CE0FB79552B09D10F217820FBF7AB
:104CC000B1FCBB790F211846FBF7ACFC1FE0FB7968
:104CD000532B05D1BB790F211846FBF7A3FC16E037
:104CE000BB791B09DBB21846FFF74BFF03460F21C8
:104CF0001846FBF797FCBB7903F00F03DBB21846AD
:104D0000FFF73FFF03460F211846FBF78BFC0F21EF
:104D10002020FBF787FC7B79012B04D10F2165480C
:104D200004F0B2FF06E07B79022B03D10F21624829
:104D300004F0AAFF3B79012B0AD1604B1B7803F0EA
:104D40000303012B04D10F214E20FBF76BFC0EE077
:104D50003B79022B04D10F214820FBF763FC06E0CE
:104D60003B79002B03D00F215020FBF75BFC3B7EEF
:104D7000012B04D10F21524804F086FF1EE03B7E38
:104D8000022B04D10F214F4804F07EFF16E03B7E3A
:104D9000032B04D10F214C4804F076FF0EE03B7E3C
:104DA000042B04D10F21494804F06EFF06E03B7E3E
:104DB000052B03D10F21464804F066FF97F82030F9
:104DC000002B68D00F21434804F05EFF97F8203095
:104DD0001B09DBB21846FFF7D4FE03460F21184625
:104DE000FBF720FC97F8203003F00F03DBB21846E6
:104DF000FFF7C7FE03460F211846FBF713FC0F21F0
:104E0000354804F041FF97F820300F211846FBF792
:104E100009FCBB8B0133BB83304B1B78012B17D1B3
:104E20000F212F4804F030FF2E4B1B880F2118460E
:104E3000FFF7C3FE0F212C4804F026FF2B4B1B88E5
:104E40000F211846FFF7B9FE294B1B88BB8319E0D9
:104E5000224B1B78022B04D10F21264804F014FFAB
:104E600010E01E4B1B78032B04D10F21224804F0C5
:104E70000BFF07E0194B1B78042B03D10F211F48B0
:104E800004F002FF0F211E4804F0FEFEBB8B0F2131
:104E90001846FFF792FE0F210D20FBF7C3FB06F02B
:104EA000C7F900BF0C37BD4690BD00BF8C0E002077
:104EB00054F3000864F3000868F300080C050020B0
:104EC00070F3000884F3000898F30008ACF30008BE
:104ED000BCF30008C8F30008D0F300088D0E0020D2
:104EE000D4F3000850460020E0F300080809002031
:104EF0000C090020F0F30008FCF3000808F4000897
:104F000010F4000880B483B000AF03463960FB7131
:104F10003B681B013B60FB793A6813443B603B688C
:104F200018460C37BD4680BC7047000080B483B083
:104F300000AF03463960FB710C4B1B7803F0010393
:104F4000002B06D03A6813469B0013445B003B607D
:104F500002E03B681B013B60FB793A6813443B600D
:104F60003B6818460C37BD4680BC70470C050020D6
:104F700080B485B000AF78600B46FB70FB78DB0037
:104F8000FB70FB787A6822FA03F3FB73FB7B18460D
:104F90001437BD4680BC704780B500AF154A154B2D
:104FA0001B6843F0010313601249124B5A68124BFD
:104FB00013404B600F4A0F4B1B6823F0847323F49C
:104FC000803313600B4A0B4B1B6823F48023136060
:104FD000084A084B5B6823F4FE035360054B4FF40B
:104FE0001F029A6000F00CF8044B4FF000629A60C8
:104FF00000BF80BD001002400000FFF800ED00E09F
:1050000080B483B000AF00237B6000233B60354A4F
:10501000344B1B6843F4803313607B6801337B603F
:10502000304B1B6803F40033002B03D17B68B3F5CE
:10503000A06FF2D32B4B1B6803F40033002B4BD033
:10504000294A294B1B6843F010031360264A264B5C
:105050001B6823F003031360234A234B1B6843F0B0
:10506000020313601F4A1F4B5B6853601D4A1D4BB0
:105070005B6853601B4A1B4B5B6843F4806353605F
:10508000184A184B5B6823F47C135360154A154B80
:105090005B6843F4E8135360124A124B1B6843F0F9
:1050A0008073136000BF0F4B1B6803F00073002B6D
:1050B000F9D00C4A0B4B5B6823F003035360094A99
:1050C000084B5B6843F00203536000BF054B5B680D
:1050D00003F00C03082BF9D100BF0C37BD4680BC90
:1050E000704700BF00100240002002401EF0040F75
:1050F0000CBFEFF30880EFF3098000F001B800BFA8
:1051000080B493B000AF78607B681B687B647B6879
:105110005B683B647B689B68FB637B68DB68BB63A5
:105120007B681B697B637B685B693B637B689B690E
:10513000FB627B68DB69BB620E4B1B687B620E4BBC
:105140001B683B620D4B1B68FB610D4B1B68BB6111
:105150000C4B1B687B610C4B1B683B610B4B5B6A08
:10516000FB600B4B1B6803F00103002B00D001BE5A
:10517000FEE700BF38ED00E028ED00E02CED00E098
:1051800030ED00E03CED00E034ED00E000ED00E04B
:10519000F0ED00E080B400AF084A084B9B6943F093
:1051A00008039361064B4FF011325A60044B4FF4E1
:1051B0007F425A6100BFBD4680BC7047001002406C
:1051C000000C014080B485B000AF0346FB800B4665
:1051D000BB8013467B805B4AFB8813805A4A5A4B3C
:1051E000DB6943F00403D361584B1B68584AA2FBA8
:1051F00003235B0D9BB2013BFB81564AFB889385E1
:10520000544AFB891385534A524B1B889BB223F4A3
:105210005C739BB213804F4B4E4A128892B21A8035
:105220004C4B01229A824B4A4A4B1B889BB223F07B
:1052300080039BB21380474A464B1B8C9BB223F0E2
:1052400001039BB21384434A424B1B8B9BB223F056
:1052500070039BB213833F4A3E4B1B8B9BB223F0E0
:1052600003039BB213833B4B3A4A128B92B21A83CD
:10527000384A384B1B8C9BB223F002039BB2138439
:10528000344B344A128C92B21A84324ABB889386C9
:10529000304A304B1B8B9BB223F008039BB2138325
:1052A0002C4B2C4A128B92B21A832A4A294B1B8C04
:1052B0009BB223F010039BB21384264A254B1B8B11
:1052C0009BB223F4E0439BB21383224A214B1B8BF6
:1052D0009BB223F440739BB213831E4A1D4B1B8B5E
:1052E0009BB243F4C0439BB213831A4A194B1B8CE5
:1052F0009BB223F020039BB21384164A154B1B8CE0
:105300009BB243F010039BB21384124A7B8813872D
:10531000104A104B1B8B9BB223F400639BB2138388
:105320000C4B0C4A128B92B21A830B4B202283F83F
:105330001E23094B4FF080421A6000BF1437BD4650
:1053400080BC7047280000200010024010000020A0
:10535000819F5E160008004000E100E080B483B049
:1053600000AF78605A4A5A4B5B6943F001035361BE
:105370005849584B1A684FF6FE7313400B60554B53
:1053800000221A60534B00225A60524B00229A604E
:10539000504B0022DA60504A4F4B5B6843F0706319
:1053A00053604C4A4B4B1B6823F4FF4323F07003BC
:1053B0001360484A474B1B6843F4005343F0100303
:1053C0001360444B00225A60424B444A9A60414B5E
:1053D000434ADA604349434B1A684FF6FE73134061
:1053E0000B60404B00221A603E4B00225A603D4B3E
:1053F00000229A603B4B0022DA60374A364B5B68EA
:1054000043F00F0353607B68374A1360354A354BCE
:105410001B6823F4FF4323F070031360314A314BC0
:105420001B6843F4025343F0100313602D4B00221A
:105430005A602C4B294A9A602A4A7B68D3602B49D0
:105440002A4B1A684FF6FE7313400B60274B00225D
:105450001A60264B00225A60244B00229A60234B8C
:105460000022DA601C4A1C4B5B6843F470435360B3
:105470001E4A1E4B1B6823F4FF4323F07003136086
:105480001A4A1A4B1B6843F4005343F0100313608D
:10549000164B00225A60154B104A9A60134B144A5F
:1054A000DA60144B144ADA60144B002283F80E239E
:1054B000124B4FF480421A600C4A0C4B1B6843F0AD
:1054C0000203136000BF0C37BD4680BC704700BFAD
:1054D0000010024080000240000002400D0C01401C
:1054E0002700002008000240CC0B002044000240AE
:1054F0004C06002000ED00E00007FA0500E100E0A6
:1055000080B483B000AF7860244B254A5A60254AA6
:105510007B685360244A7B685360244A7B685360ED
:10552000234B00221A821F4A1E4B1B6843F00103C3
:1055300013601D4A1C4B1B6843F0010313601B4A98
:105540001A4B1B6843F001031360194A184B9B89DF
:105550009BB243F400739BB29381154A144B9B8911
:105560009BB243F480639BB29381114A104B9B8999
:105570009BB243F480739BB293810D4B0D4A12880A
:105580009A840B4A0A4B1B889BB243F001039BB2DF
:10559000138000BF0C37BD4680BC7047000002403E
:1055A0000FD0000F8000024008000240440002407B
:1055B000000800402800002080B483B000AF78606D
:1055C0007B68B3F5585F05D20549064B1A687B68BE
:1055D0001344CB6000BF0C37BD4680BC704700BF92
:1055E00008000240CC0B002080B500AF05F0F0FBB6
:1055F0001E4B4FF47F425A611D4B4FF400525A60CC
:10560000012201211B48FBF7FFF91B491A4B1A68BD
:105610004FF6FE7313400B601849184B1A684FF68B
:10562000FE7313400B601649154B1A684FF6FE7354
:1056300013400B600F4A0F4B9B899BB223F40073FE
:105640009BB293810B4A0B4B9B899BB223F48063E3
:105650009BB29381074A074B9B899BB223F48073CB
:105660009BB2938105F0C2FB00BF80BD000C0140DE
:105670000000024000080040800002400800024094
:105680004400024080B500AF05F0A2FB154B4FF679
:10569000FE721A82144B1B78122B06D8124B1B7801
:1056A0000133DAB2104B1A7017E00F4B00221A7058
:1056B0000C4A0C4B1B889BB223F001039BB2138056
:1056C000002201210748FBF79FF9084B1B7803F0E4
:1056D0007F03042B01D105F01FFA05F087FB00BF03
:1056E00080BD00BF000800404D0600202A000020B9
:1056F00080B487B000AFF8607B600B46FB72134646
:105700003B817B68FB747B681B0ABB747B681B0C4A
:105710007B74FB7C664A127802FB03F35B11FB741B
:10572000BB7C634A127802FB03F35B11BB747B7C86
:105730005F4A127802FB03F35B117B743B891A46C4
:1057400052001344DB00BB8297F90B30DB435AB2A3
:10575000584B1B785BB213405BB23B74554B1A78C5
:10576000FB7A1340FB720023FB758BE0BB8AFA685F
:105770001344BA8AF9680A4411783A7C0A40D2B2D2
:105780001A70BB8A0833FA681344BA8A0832F96877
:105790000A4411783A7C0A40D2B21A70BB8A10339C
:1057A000FA681344BA8A1032F9680A4411783A7CCC
:1057B0000A40D2B21A70BB8AFA681344BA8AF968EE
:1057C0000A44127851B2B87CFA7D00FA02F2D21182
:1057D000D2B202F00102D2B2F87A00FB02F2D2B2E7
:1057E00050B2354A127852B2024352B20A4352B210
:1057F000D2B21A70BB8A0833FA681344BA8A0832E4
:10580000F9680A44127851B2787CFA7D00FA02F203
:10581000D211D2B202F00102D2B2F87A00FB02F247
:10582000D2B250B2244A127852B2024352B20A4360
:1058300052B2D2B21A70BB8A1033FA681344BA8AD1
:105840001032F9680A44127851B2F87CFA7D00FAF5
:1058500002F2D211D2B202F00102D2B2F87A00FB07
:1058600002F2D2B250B2144A127852B2024352B289
:105870000A4352B2D2B21A70BB8A0133BB82FB7D9B
:105880000133FB75FB7D072B7FF670AF97F8203057
:10589000002B08D097F82030013B87F82030BB8AD6
:1058A0001033BB825FE700BF1C37BD4680BC70472A
:1058B00026000020270000204C06002080B487B07E
:1058C00000AF7860084611461A460346FB700B4647
:1058D000BB7013463B800023BB750023BB820023B3
:1058E0007B8200233B820023FB730023BB730023D6
:1058F0007B730123FB750DE0FA78FB7D42FA03F31D
:1059000003F00103002B02D0FB7DBB7505E0FB7D9E
:105910000133FB75FB7D072BEED9BB7D012202FA1B
:1059200003F3FB70BB7DC3F10F033B733B881A4647
:1059300052001344DB003B803B8C1A465200134458
:10594000DB003B840023FB757EE03B887A681344D0
:105950001B781A46BB7D42FA03F303F00102FB7D7C
:1059600002FA03F31AB2B7F9123013431BB27B8267
:105970003B8808337A6813441B781A46BB7D42FA89
:1059800003F303F00102FB7D02FA03F31AB2B7F945
:10599000103013431BB23B823B8810337A681344A8
:1059A0001B781A46BB7D42FA03F303F00102FB7D2C
:1059B00002FA03F31AB2B7F9143013431BB2BB82D5
:1059C0003B8C7A6813441B781A46BB7842FA03F37F
:1059D00003F00102FB7D02FA03F35AB297F90E308D
:1059E00013435BB2BB733B8C08337A6813441B7858
:1059F0001A46BB7842FA03F303F00102FB7D02FA78
:105A000003F35AB297F90D3013435BB27B733B8CAF
:105A100010337A6813441B781A46BB7842FA03F3B2
:105A200003F00102FB7D02FA03F35AB297F90F303B
:105A300013435BB2FB733B8801333B803B8C0133E8
:105A40003B84FB7D0133FB75FB7D072B7FF67DAF30
:105A50003B8C083B3B84BB7B01339BB27A8A02FBC5
:105A600003F37B827B7B01339BB23A8A02FB03F315
:105A70003B82FB7B01339BB2BA8A02FB03F3BB82FE
:105A800097F90330DB435AB2674B1B785BB2134084
:105A90005BB2FB700023FB758EE03B88083B7A68A5
:105AA00013443A88083A79680A441178FA780A4027
:105AB000D2B21A703B887A6813443A8879680A44EB
:105AC0001178FA780A40D2B21A703B8808337A68A3
:105AD00013443A88083279680A441178FA780A40FF
:105AE000D2B21A703B88083B7A6813443A88083A65
:105AF00079680A44127851B2788AFA7D00FA02F283
:105B000002F400403A7B40FA02F250B2464A127860
:105B100052B2024050B2454A127852B2024352B2D7
:105B20000A4352B2D2B21A703B887A6813443A8858
:105B300079680A44127851B2388AFA7D00FA02F282
:105B400002F400403A7B40FA02F250B2364A127830
:105B500052B2024050B2354A127852B2024352B2A7
:105B60000A4352B2D2B21A703B8808337A6813449F
:105B70003A88083279680A44127851B2B88AFA7DB4
:105B800000FA02F202F400403A7B40FA02F250B20C
:105B9000254A127852B2024050B2244A127852B2C8
:105BA000024352B20A4352B2D2B21A703B88013356
:105BB0003B80FB7D0133FB75FB7D072B7FF66DAFD3
:105BC00097F82430002B29D097F82430013B87F830
:105BD00024303B8808333B8097F8283003F00803D3
:105BE000002B0CD03B8C43F2E852934203D83B8C01
:105BF00018339BB201E04FF458533B84A2E697F868
:105C0000283003F00203002B3FF49CAE3B8C172B93
:105C10007FF698AE3B8C183B3B8493E600BF1C3765
:105C2000BD4680BC704700BF270000204C06002006
:105C300080B485B000AF7860084611461A46034626
:105C4000FB700B46BB7013463B800023BB733B7F4E
:105C500003F001037B733B7F5B10DBB203F00103B6
:105C60003B733A7BBB7802FA03F3DBB2DB43FB7294
:105C7000FB7803F00203002B02D00123BB732DE05D
:105C8000FB7803F00403002B02D00223BB7325E052
:105C9000FB7803F00803002B02D00323BB731DE045
:105CA000FB7803F01003002B02D00423BB7315E034
:105CB000FB7803F02003002B02D00523BB730DE01B
:105CC000FB7803F04003002B02D00623BB7305E0F2
:105CD00097F90330002B01DA0723BB73604B1B7865
:105CE000DB43604A12781A43BB7B01219940BB78A1
:105CF000012000FA03F30B401340002B40F0A98071
:105D00003B7F03F00403002B07D17A7BBB7B02FAB5
:105D100003F3DBB2DB43DBB200E0FF23BB72504B8B
:105D20001A78BB7A1340BB724D4B1A78FB7A13403A
:105D3000FB723B881A4652001344DB003B803B8BCE
:105D40001A4652001344DB003B830023FB7351E0EF
:105D50003B887A6813441B787B723B887A681344CB
:105D60003A8879680A441178BA7A0A40D2B21A702D
:105D70003B887A6813443A8879680A44127851B2A9
:105D80003A8B7868024412781046BA7810417A7BD0
:105D90001040BA7B00FA02F252B20A4352B2D2B2B7
:105DA0001A703B8B7A6813443A8B79680A441178ED
:105DB000FA7A0A40D2B21A703B8B7A6813443A8B53
:105DC00079680A44127851B2787ABA7B10413A7BEA
:105DD0001040BA7800FA02F252B20A4352B2D2B27A
:105DE0001A703B8801333B803B8B01333B83FB7B49
:105DF0000133FB73FB7B172BAAD997F82030002BBC
:105E000029D097F82030013B87F8203097F82430CC
:105E100003F00803002B03D13B8B183B9BB200E03F
:105E20003B8B3B8397F8243003F00203002B06D012
:105E30003B8B172B03D93B8B183B9BB200E03B8B72
:105E40003B833B8BB3F5585F28BF4FF458533B83DC
:105E50007BE700BF00E000BF1437BD4680BC704741
:105E6000270000204C06002080B489B000AFF86005
:105E70007B600B46FB7213463B810023FB757B68FE
:105E8000BB757B681B0A7B757B681B0C3B75BB7DF8
:105E90002B4A127802FB03F35B11BB757B7D284A0A
:105EA000127802FB03F35B117B753B7D244A127869
:105EB00002FB03F35B113B75BA7D7B7D1B041A4427
:105EC0003B7D1B0213447B603B891A4652001344FE
:105ED000DB00BB830023BB610023FB7715E0BB69BC
:105EE0005B00BB61BB8BFA6813441A78FB7A1340E2
:105EF000DBB2002B03D0BB6943F00103BB61BB8B5A
:105F00000133BB83FB7F0133FB77FB7F172BE6D984
:105F10007A68BB699A4202D0FB7D0133FB7597F822
:105F20002830002B01D1FB7D05E097F82830013B9C
:105F300087F82830CEE718462437BD4680BC704726
:105F40002600002080B485B000AF78600B467B80CF
:105F500013467B700023FB8112E0FB897A681344AF
:105F6000FA8979680A44127851B297F90120D2432C
:105F700052B20A4052B2D2B21A70FB890133FB818D
:105F8000FA897B889A42E8D300BF1437BD4680BCAB
:105F90007047000080B485B000AF78600B467B800E
:105FA000194B1B7803F00303032B27D17B881A4678
:105FB00052001344DB007B800023FB811AE0FB8945
:105FC0007A681344FA8979680A4411780F4A12787A
:105FD0000A40D2B21A70FB897A681344FA89796848
:105FE0000A4411780A4A12780A43D2B21A70FB891D
:105FF0000133FB81FA897B889A42E0D300BF1437D2
:10600000BD4680BC704700BF2A000020270000204A
:106010004C06002080B582B000AF114B7B60114B65
:106020003B6007E03B681A1D3A607A68111D796091
:1060300012681A603B680C4A9342F3D30B480C4930
:106040004FF000028842B8BF40F8042BFADBFEF79D
:10605000A3FF00F011FB00BF0837BD4680BD00BFA5
:106060009FF6000800000020A8040020A8040020DB
:10607000BC47002080B400AFFEE7000080B485B0CC
:1060800000AF78600023FB817B6803F00103002BE5
:1060900001D1012300E00023002B03D0FB8943F052
:1060A0002003FB81194B1B7803F04003002B13D115
:1060B0007B68DB4303F08003002B03D0FB8943F0B4
:1060C0001003FB817B68DB4303F04003002B03D00C
:1060D000FB8943F00803FB817B68DB4303F020036B
:1060E000002B03D0FB8943F00403FB817B68DB4377
:1060F00003F01003002B03D0FB8943F00203FB8164
:10610000FB8918461437BD4680BC7047A4060020A2
:1061100080B582B000AF0346FB71FB790D4A32F8BF
:1061200013301A460C4B1A600C4B1B7843F00803D3
:10613000DAB20A4B1A70FB79094AD05CFB79094A3A
:10614000D35C054A194600F05DFD00BF0837BD4627
:1061500080BD00BF000F0020D00B0020A40600204F
:10616000BC0E0020140C002080B500AF054B9B68CE
:106170001846FFF783FF03461A46034B1A8000BFF9
:1061800080BD00BF000C01408E06002090B583B09A
:1061900000AF0123BB7104F00FFE0A460146864B97
:1061A00018CBA24208BF9942C0F0C18104F004FE9E
:1061B00003460C46023344F100047F4AC2E900342E
:1061C0007E4B9B681846FFF759FF03461A467C4BE7
:1061D0001A807C4B1B7803F00203002B1DD004F0C7
:1061E000EBFD0A460146784B18CB944208BF8B4220
:1061F00013D2744B1B7823F00203DAB2714B1A707E
:106200006F4B1B885B089BB2DBB203F03F03FB7153
:10621000FB791846FFF77CFF1FE06C4B1B68002BD7
:106220001BD004F0C9FD0A460146694B18CB9442C5
:1062300008BF8B4211D2674B1B881AB2664BB3F969
:10624000003013401BB29AB2624B1A805D4B1B7830
:1062500023F00803DAB25B4B1A70594B1B88002BF2
:1062600006D1584B1B7823F00803DAB2554B1A704D
:10627000534B1A88574B1B889A4200F05881554B54
:106280001B88DB439AB24E4B1B8813409AB2534B88
:106290001A804B4B1B88DB439AB24E4B1B88134032
:1062A0009AB24F4B1A80474B1B7803F00103002B27
:1062B00032D0434B1B88002B00F03581414B1B78BB
:1062C00003F00A03002B40F02E8104F075FD0A460E
:1062D00001463E4B1B684FF000045B1844EB020480
:1062E0003B4AC2E9003404F067FD0A4601463D4BD3
:1062F0001B684FF000045B1844EB0204023B44F1BE
:10630000FF34314AC2E900342E4B1B7843F00203BC
:10631000DAB22C4B1A7006E10123BB712E4BB3F994
:106320000030002B00F08C800023FB7184E0FB79AF
:106330002D4A32F813301BB2DB431AB2274B1B88AD
:106340001BB213401BB29AB2244B1A80FB79264A27
:1063500032F813301BB2DB431AB2214B1B881BB23D
:1063600013401BB29AB21E4B1A801C4B1A881C4B4E
:106370001B8813439BB2002B5BD10023BB71FB79BD
:10638000194A32F81320FB79174931F813100C4BD6
:106390001B880B409BB29A4228D1FB79124A32F8F3
:1063A00013200C4B1B8813409AB20C4B1B881343D1
:1063B0009AB20A4B1A803CE030060020000C0140E3
:1063C000840E0020A406002098060020A0060020CD
:1063D000900600208E060020A6060020100C00204B
:1063E0005C0C002068000020580C0020FB79524A09
:1063F00032F813301846514B1B88DB43FA794E496B
:1064000031F812201340984213D14D4B1B881BB218
:10641000DB431AB2FB79484931F813301BB2134001
:106420001AB2484B1B881BB213431BB29AB2454B9E
:106430001A80FB790133FB71FB79012B7FF677AF73
:10644000414B1B7823F00203DAB23F4B1A7004F081
:10645000B3FC0A4601463D4B1B684FF000045B1835
:1064600044EB02043A4AC2E900340023FB714AE0DB
:10647000FB79384AD35C013B7E2B1BDC314B1B88FC
:106480001A46FB7942FA03F303F00103002B11D003
:10649000FB79314A32F813301A46304B1A60FB79D7
:1064A0002C4AD05CFB792E4AD35C2C4A194600F06A
:1064B000A9FB2BE0FB791033264AD35C013B7E2BF2
:1064C0001EDC284B1B881A46FB7942FA03F303F0C3
:1064D0000103002B14D0FB7910331F4A32F813301C
:1064E0001A461E4B1A60FB7910331A4AD05CFB79AE
:1064F00010331B4AD35C194A194600F083FB05E0B0
:10650000FB790133FB71FB79052BB1D9BB79002BEA
:1065100009D004F051FC03460C46323344F1000428
:10652000114AC2E90034054B1A88054B1A8000BF96
:106530000C37BD4690BD00BF580C0020840E0020D3
:106540008E060020100C0020A4060020A0060020CB
:1065500090060020BC0E0020000F0020D00B002071
:10656000140C00205C0C00203006002080B584B0A4
:1065700000AF7860384B9B681846FFF77FFD0346F5
:10658000FB81364B1B7803F00103002B0DD0344BFD
:106590001B885B089BB203F03F03FB817B681B7881
:1065A0009BB2FA899A4252D130E00023BB817B68CA
:1065B0001B780F2B06D87B681B781A460123934063
:1065C000BB8109E0FB89DB43FB817B681B78103BC7
:1065D000012202FA03F3BB81204B1B7803F0400336
:1065E000002B03D0FB8923F01803FB811D4BB3F96B
:1065F0000030DB431AB2B7F90E3013401BB2FB81F7
:10660000FA89BB8913409BB2002B20D07B681B7892
:106610001A46154B33F812301A46144B1A600F4BBA
:106620001B7843F00803DAB20C4B1A707B681B78B6
:106630001A460F4B9B5C03F07F03D8B27B681B7834
:106640001A460C4B9B5C094A194600F0DBFA00BF66
:106650001037BD4680BD00BF000C0140A4060020DD
:10666000840E0020A6060020000F0020D00B002082
:10667000BC0E0020140C002080B584B000AF4D4B40
:10668000FB60FB681B6803F00203002B57D14A4AEA
:10669000494B1B6843F080031360484B484A1A601B
:1066A000464B484A1A60484B454A1A60464B454A91
:1066B0001A6000BF454B1B6803F00103002BF9D1A2
:1066C0003D4A3D4B1B6843F0200313603A4A3A4B66
:1066D0001B6843F04003136000BF3C4B1B6803F092
:1066E0000103002BF9D1344A334B1B6823F02003FC
:1066F000136000BF354B1B6803F00103002BF9D179
:106700002D4A2D4B1B6843F010031360304BBB60C8
:10671000BB6843F2CC321A8000BF2C4B1B6803F0DD
:106720000103002BF9D1244A234B1B6823F01003EB
:106730001360214A204B1B6843F080031360254BF4
:106740007B607B681B6823F0E06343F080627B68BA
:106750001A604FF4FA30F9F78DFE4FF4FA30F9F77A
:10676000F5FE1D4B21221A701C4B21221A701C4B66
:106770004FF47A721A601B4B4FF47A721A6004F06D
:10678000A1FB07F0E1FD002008F0DAFC164B174AE8
:106790001A60174B01221A7004F0EAFAFFF7E4FCC2
:1067A00004F032F900F008FF002318461037BD4608
:1067B00080BD00BF1C200240102002400420024087
:1067C00023016745AB89EFCD082002400C20024031
:1067D00000F8FF1F04000140A10B0020A00B0020C7
:1067E000B00B0020B40B0020B40E0020313030304C
:1067F0008C0E002080B586B000AFF860B9601346FB
:10680000FB80FB687B610FE0BB685A1CBA601B7899
:10681000FB7407F1130207F114031146184600F048
:106820000BF8FB88013BFB80FB88002BECD17B69DC
:1068300018461837BD4680BD80B485B000AF78607B
:1068400039607B681B683A68127812065A407B6888
:106850001A600023FB7313E07B681B68002B07DAC8
:106860007B681B685A000A4B53407A68136004E047
:106870007B681B685A007B681A60FB7B0133FB73E3
:10688000FB7B072BE8D900BF1437BD4680BC70479F
:10689000B71DC10490B587B004AF4B4B1B7803F014
:1068A0001003002B40F08C80484B1B785BB2002B10
:1068B000C0F28680464B1888464B0293464B0193A4
:1068C000464B0093464B474A042107F005FC03461C
:1068D0001A46454B1A70454B1B7823F00203DAB277
:1068E000424B1A70404B1B78002B4ED0364B1B7816
:1068F00003F04003002B23D104F05EFA03460C465C
:106900003B4AC2E900343A4B18CB3A4AC2E9003458
:10691000394B1B8823F080039AB2374B1A80374BD0
:1069200000221A602A4B1A88354B1A80354B1A8878
:10693000354B1A80354B00221A80354B01221A80C4
:10694000344B01221A80344B00221A802D4B1A88B6
:10695000324B1A801E4B1A882A4B1A80304B4FF646
:10696000FF721A802F4B4FF6FF721A801F4B1B7855
:1069700043F00203DAB21D4B1A70134B1B7823F05D
:106980003003DAB2104B1A701AE0042202210120FF
:1069900003F0D0F81149104807F05DF80346FB7189
:1069A000FB791A460221022003F0C4F8FB79002B80
:1069B00006D0054B1B7843F01003DAB2024B1A7075
:1069C00000BF0C37BD4690BDE04500202A000020E6
:1069D0004C460020C04500203046002018460020CC
:1069E000E845002094450020DA4500208C06002070
:1069F0007006002078060020820F00201009002079
:106A00001246002050460020144600201C09002099
:106A10000A090020080900200C0900201046002067
:106A20006C0000206E00002080B500AF0D4B0022EE
:106A30001A700BE00B4B1B781A460B4B0021995434
:106A4000084B1B780133DAB2064B1A70054B1B78E2
:106A5000172BEFD906220549034808F0FBFA00BFBF
:106A600080BD00BFDA450020F84500201CF4000876
:106A700080B500AF144B00221A700BE0124B1B784C
:106A80001A46124B002199540F4B1B780133DAB28E
:106A90000D4B1A700C4B1B78212BEFD90C490B486E
:106AA00008F078FB094808F0F3FB03461A46074B49
:106AB000134408491A460B461B88138006490348AD
:106AC00008F068FB00BF80BDDA4500209445002037
:106AD000F845002024F40008E845002080B582B085
:106AE00000AF3F4B4FF400723E493F4806F089FB30
:106AF0000346FB71FB79002B6DD0FB791A4601210F
:106B0000012003F017F83949002006F045FA034642
:106B1000FB71FB79002B0DD0FB791A460321032072
:106B200003F008F8324B1B7843F01003DAB2304B15
:106B30001A7050E02F49304806F08DFF0346FB7174
:106B4000FB79002B0DD0FB791A460221022002F0BE
:106B5000F1FF274B1B7843F01003DAB2244B1A7075
:106B600039E0264B1B781A4625491F4806F03EFAA5
:106B70000346FB71FB79002B0DD01D4B1B7843F0B6
:106B80003003DAB21A4B1A70FB791A46022101203F
:106B900002F0D0FF1FE0164B1B7823F03003DAB26F
:106BA000134B1A700E4B4FF400720E490E4806F04C
:106BB00028FB0346FB71FB791A460121012002F0F4
:106BC000B9FFFB79002B06D0094B1B7843F030034B
:106BD000DAB2074B1A7000BF0837BD4680BD00BF50
:106BE0008C450020600C0020E4080020B006002046
:106BF000E045002018460020304600207646002060
:106C00009445002090B583B000AF03463A60FB7115
:106C10000B46BB71FB79013B242B00F2938401A24C
:106C200052F823F0236D0008636D0008796D0008A9
:106C3000EF6C0008B96C0008996D00082B6E000815
:106C4000376E0008116F0008796F0008A76F000801
:106C5000D16F0008D76F0008E36F0008F56F0008D8
:106C60008D700008C1700008857100082572000849
:106C700069720008AF720008A172000893720008E0
:106C800033730008AF730008A17300089373000802
:106C90003174000823740008157400087374000828
:106CA0006574000857740008E5740008F57400085E
:106CB000337500084D6D00087E4B1B7803F04003D0
:106CC000002B00F047847C4B1A887C4B1A80794B50
:106CD0001B7863F07F03DAB2764B1A70784B1B880F
:106CE0001A463B681A60774B1A88774B1A80714BAB
:106CF0001B7803F04003002B25D1704B1A886E4B94
:106D00001A80714B1A886F4B1A806A4B1B7843F0BC
:106D10004003DAB2674B1A706C4B1A886C4B1A80BE
:106D200011E0644B1B7803F04003002B03D0694B48
:106D30001A88694B1A805F4B1B7803F03F03DAB265
:106D40005C4B1A7002E000BF00E000BF3B681B68AC
:106D50009AB2624B1A8003F0CBFBFFF79BFD00F069
:106D600012BC3B681B689AB25D4B1A805D4B4FF6B4
:106D7000FF721A8000F007BC5B4B1B7803F0040322
:106D8000002BE2D03B681B689AB2564B1A80544BDA
:106D90004FF6FF721A80F6E33B681B68002B09D0A0
:106DA000494B1B88012B00F0D7833B681B68012BE4
:106DB00000F0D28304F000F803460C464B4AC2E9C7
:106DC0000034494B1B785BB2002B02DB484B00229E
:106DD0009A60484B1B78012B01D003F089FB464B8E
:106DE0001B7843F00103DAB2434B1A703B681B680F
:106DF000002B04D1344B1B88012B40F2AD83324B66
:106E00001B88002B02D0BB79012B07D03B681B6885
:106E10009BB2013B9AB22C4B1A809DE32A4B1B88F4
:106E2000013B9AB2284B1A8096E33B681B689AB2E2
:106E3000254B1A80A7E3314B1B8803F08003002BFE
:106E400000F08C8300E000BF03F0B6FF0A46014665
:106E50002B4B18CBCB1A62EB04042A4AC2E900344C
:106E6000224BD3E90012274B18CB5B1844EB0204EA
:106E70001E4AC2E90034244BD3E90012214B18CB3F
:106E80005B1844EB0204204AC2E900341F4BD3E9EB
:106E900000121C4B18CB5B1844EB02041B4AC2E9DE
:106EA0000034164B1B8823F080039AB2134B1A80D0
:106EB00054E300BFE0450020200900203A060020EE
:106EC000124600201E0900201C090020080900208D
:106ED0000A09002014460020504600204C4600209D
:106EE0006C0000206E0000202A00002070060020A8
:106EF000E40800208D0E00208C060020820F002068
:106F0000080C0020680E002078060020680600208B
:106F10008E4B1B8803F4C073B3F5C07F09D103F017
:106F20004BFF0A4601468A4B18CB944208BF8B425E
:106F300089D3864B1B8803F08003002B40F010831D
:106F400003F03AFF03460C46824AC2E90034824B02
:106F50001B6819464FF000027E4B18CB5B1844EBC0
:106F600002047B4AC2E90034784B1B8843F080035B
:106F70009AB2764B1A80F3E23B681B6819464FF0D1
:106F80000002764B18CB5B1844EB0204734AC2E94B
:106F900000346E4B1B8843F001039AB26B4B1A808E
:106FA00002F00EFDEFE23B681B6819464FF000024D
:106FB0006A4B18CB5B1844EB0204684AC2E9003400
:106FC000624B1B8843F001039AB2604B1A80DAE2ED
:106FD00003F08EFAD7E23B681B68184608F0B0F859
:106FE000D1E203F0E9FE03460C461846214608F0BC
:106FF000A7F8C8E25A4B1A78BB791343DAB2584B58
:107000001A70584B1B7843F00203DAB2554B1A70D2
:10701000BB79DB431B021AB2534B1B881BB21340D4
:107020001BB29AB2504B1A80BB79DB431B021AB2D7
:107030004E4B1B881BB213401BB29AB24B4B1A80AB
:107040004B4B1B7803F00303032B40F08B8297F923
:107050000630DB435AB2474B1B785BB213405BB23E
:10706000DAB2444B1A7097F90630DB435AB2424BFE
:107070001B785BB213405BB2DAB23F4B1A703F4BE6
:107080001B8819463E48FEF785FF6BE2BB79FF2B54
:1070900002D103F0CFFA76E297F90630DB435AB219
:1070A0002F4B1B785BB213405BB2DAB22C4B1A70D9
:1070B0002C4B1B7843F00203DAB22A4B1A7062E2BF
:1070C0002B4B1B7803F00203002B00F04D82BB79A1
:1070D0001B021AB2244B1B881BB213431BB29AB279
:1070E000214B1A80BB79DB431B021AB21F4B1B8852
:1070F0001BB213401BB29AB21C4B1A801D4B1A785C
:10710000BB791343DAB21B4B1A701B4B1A78BB794D
:107110001343DAB2184B1A7097F90630DB435AB2B0
:107120000F4B1B785BB213405BB2DAB20C4B1A7098
:107130000C4B1B7843F00203DAB20A4B1A700F4B68
:107140001B8819460E48FEF725FF0DE2820F00202E
:1071500080060020080C0020880600206806002019
:1071600066000020580600205A0600205C06002019
:107170002A000020270000204C0600204A0600209C
:10718000840F0020954B1B7803F00203002B00F0C6
:10719000ED81BB79DB431B021AB2914B1B881BB2FA
:1071A00013401BB29AB28E4B1A80BB791B021AB2E3
:1071B0008C4B1B881BB213431BB29AB2894B1A80AB
:1071C00097F90630DB435AB2874B1B785BB213400A
:1071D0005BB2DAB2844B1A7097F90630DB435AB2CD
:1071E000824B1B785BB213405BB2DAB27F4B1A70F2
:1071F00097F90630DB435AB27D4B1B785BB21340E4
:107200005BB2DAB27A4B1A707A4B1B7843F0020306
:10721000DAB2784B1A70784B1B8819467748FEF71C
:10722000B9FEA3E16D4B1B7803F00203DBB21A46F3
:10723000520013449B00DBB25AB2684B1B785BB21E
:1072400013435BB2DAB2654B1A70644B1B785BB2C6
:1072500003F002035AB2674B1B785BB213435BB275
:10726000DAB2644B1A708EE15C4B1B7803F00803B2
:10727000DBB21A4652001344DBB2DB43DBB25AB234
:10728000564B1B785BB213405BB2DAB2534B1A70A9
:1072900079E15B4B1B7843F00403DAB2584B1A7068
:1072A000574B1B7843F00803DAB2554B1A70554B15
:1072B00000221A7031E0BB79524A1278134103F070
:1072C0000103002B23D04F4B1B781C464D4B1B78E2
:1072D0001A464D4B33F812303968184602F0FEFC5E
:1072E00003469AB2484B23F81420464B1B781A46A3
:1072F000454B33F81220454B1B889A4207D9414B26
:107300001B781A46414B19883F4B23F812103D4B0E
:107310001B780133DAB23B4B1A703A4B1B78072BC0
:10732000C9D9344B1B7843F00203DAB2314B1A70DF
:1073300029E1344B00221A701FE0BB79314A1278E0
:10734000134103F00103002B11D02E4B1B781C4678
:1073500007F000FF02462D4B1B88013392FBF3F12F
:1073600003FB01F3D31A9AB2274B23F81420254BC1
:107370001B780133DAB2234B1A70224B1B78072B90
:10738000DBD91C4B1B7843F00203DAB2194B1A709D
:10739000F9E01B4B1B7843F00403DAB2184B1A7068
:1073A000174B1B7843F00803DAB2154B1A70184BD1
:1073B0001B78013B3968184602F090FC0346DBB2AB
:1073C0000133DAB2124B1A70114B1B78202B40F2AA
:1073D000CF800F4B20221A70CAE000BF2A00002085
:1073E0005A0600205C060020270000204C060020E2
:1073F00066000020580600204A060020840F002066
:107400000C050020DA450020A40E002054000020C6
:10741000260000205E4B1B7843F00403DAB25C4B7D
:107420001A705B4B1B7843F00803DAB2584B1A70A2
:10743000584B1B783968184602F050FC0346DAB204
:10744000544B1A70534B1B78C82B40F29380514B0E
:10745000C8221A708EE04E4B1B7843F00403DAB258
:107460004B4B1A704A4B1B7843F00803DAB2484B77
:107470001A70494B1B881A46484B93FBF2F3396844
:10748000184602F02BFC02463B681A603B681B68FA
:10749000132B02D83B6814221A603B681B68404AD1
:1074A000128811464FF4C84292FBF1F2934209D977
:1074B0003B4B1B881A464FF4C84393FBF2F31A4622
:1074C0003B681A603B681B68344AB2FBF3F39AB21C
:1074D000314B1A80BB79002B4ED12F4B1A88314B80
:1074E0001A8049E03B681B689AB22F4B1A80BB791F
:1074F000012B43D02D4B1B78012B41D12B4B1B78FB
:1075000023F07F03DAB2294B1A70284B1B7843F023
:107510000403DAB2254B1A70254B1B7843F0200385
:10752000DAB2234B1A70BB79002B29D102F048FA4A
:1075300026E01E4B1B7803F07F03042B22D103F0BF
:1075400079F81FE01B4B1B7823F00803DAB2194BC4
:107550001A7018E000BF16E000BF14E000BF12E090
:1075600000BF10E000BF0EE000BF0CE000BF0AE06B
:1075700000BF08E000BF06E000BF04E000BF02E07B
:1075800000BF00E000BF00BF0C37BD4690BD00BF8C
:107590000C050020A80600203E00002040420F00FD
:1075A0002C000020400000203C0000202A00002089
:1075B00058060020A406002080B500AF00F002F8B5
:1075C00000BF80BD98B500AFC82003F041FC2D4B33
:1075D00000221A702C4B00221A8002F089FF03F05F
:1075E000EBFB03460C46294AC2E90034274B18CB73
:1075F000274AC2E90034274B00221A80264B00227A
:107600001A700BE0244B1B781A46244B0021995426
:10761000214B1B780133DAB21F4B1A701E4B1B78BB
:10762000172BEFD906221E491C4807F013FDFFF760
:10763000FBF91C4B01221A701B4B4FF6FF721A808C
:107640001A4B4FF6FF721A80194B00221A80194B01
:1076500000221A80184B00221A80184B00221A8030
:10766000174B00221A80174B1B7843F01103DAB234
:10767000144B1A70144B00221A6000F027F800BF58
:1076800098BD00BF8D0E0020820F002070060020E4
:10769000780600201C090020DA450020184600204A
:1076A0001CF40008764600206C0000206E000020CC
:1076B0005046002012460020144600204C46002070
:1076C00010460020E0450020AC060020F0B589B04F
:1076D00006AF844B1B7803F01003002B2AD082499D
:1076E000002005F059FC0346FB71FB79002B21D1EA
:1076F0007E497F4806F0AFF90346FB71FB79002B0A
:1077000018D17C4B1B785BB2002B0CDB7A4B1888B2
:107710007A4B0293764B0193744B0093784B794AE2
:10772000042106F0D9FC6F4B1B7823F01003DAB26A
:107730006C4B1A706F4B1B785BB2002B1BDB724BD0
:107740001B884FF6FF72934215D0704B1B7823F0C5
:107750000803DAB26D4B1A706C4B1B7823F00403EC
:10776000DAB26A4B1A70684B1A88694B1A8002F0B9
:10777000BFFEFFF78FF8674B00221A80594B1B782A
:1077800003F01003002B40F08B80604B1B7803F05C
:107790000203002B1DD0604B1B781A4659495F48E5
:1077A00005F024FC0346FB715D4B00221A605D4B23
:1077B00020221A70554B1B7823F00203DAB2534B88
:1077C0001A704C4B1B7803F07F03042B01D102F09D
:1077D00031FF444B1B785BB2002B1BDA524B1A88EB
:1077E000524B1A80524B1A884A4B1A80514B1B68D5
:1077F0004A4A9360504B1B68484A53614F4B1A8862
:107800004F4B1A80374B1B7803F03F03DAB2354BEE
:107810001A700DE0334B1B7803F04003002B07D1A7
:107820003E4B9B68434A13603C4B5B69424A136082
:10783000FFF754F92B4B1B7803F01003002B2FD1CB
:10784000374B1B689BB2013B9AB23E4B1A80334BBD
:107850009A68324BDB689A4222D3264B1B785BB284
:10786000002B1DDB2E4B1B68374A0D21D1542C4BAE
:107870001B680133344A4D21D154294B1B68023314
:10788000314A3221D154264B1B6803332E4A0A2138
:10789000D154234B1B689BB203339AB2294B1A80F5
:1078A000104B1B7803F01003002B16D01C4B00224A
:1078B0001A60104B1B785BB2002B0EDB224B0D22A3
:1078C0001A70214B4D225A701F4B32229A701E4B58
:1078D0000A22DA701B4B03221A800C4B00221A700A
:1078E00002F051B8E0450020B00600201846002004
:1078F000304600202A00002050460020C0450020CD
:10790000E8450020944500206E0000208C060020F1
:107910004C4600203A06002076460020E40800206D
:107920008C45002038060020144600201046002018
:107930002009002010090020140900200A09002055
:1079400008090020B80E0020600C0020954B1B7821
:1079500003F00F03002B59D1934B01221A70914B66
:107960001B78002B07D1914B1B785BB2002B02DBFD
:107970008C4B01221A708E4B1B785BB2002B1BDAEA
:10798000884B03221A708B4B8B4A1A608B4B8C4AA4
:107990001A608C4B864A1A608B4B8C4A1A60874B54
:1079A0001B681A888A4B1A808A4B1A888A4B1A805D
:1079B0008A4B00221A7029E0894B1B785BB2002B9E
:1079C0001BDA784B02221A707A4B864A1A607B4B7C
:1079D000854A1A607B4B824A1A607B4B834A1A6045
:1079E000764B1B681A887A4B1A80814B1A887A4B1F
:1079F0001A807A4B00221A7008E07E4B1B7803F045
:107A00000203002B02D0674B04221A70654B1B78CF
:107A1000012B2DD1784B1B7803F01003002B16D1CE
:107A2000764B0593764B0493764B0393764B0293F8
:107A3000764B0193764B0093764B774A774978489B
:107A4000F9F706F80346DAB2574B1A7081E16A4B30
:107A50001B7803F01003DAB2524B1A70714B0022FC
:107A60009A606B4B20221A704F4B01221A7070E102
:107A70004C4B1B7823F00103022B40F0D9800EE021
:107A800003F09AF90A4601464F4B1B6818CB944203
:107A900008BF8B4203D24B4B1B6821221A70494B03
:107AA0001B681B78302BEBD0464B1B681B785BB2F6
:107AB000002B80F2B98003F07FF90A460146424B61
:107AC0001B6818CB944208BF8B42C0F0AD80434B7B
:107AD0001B7803F00203002B0BD0384B1B681A886D
:107AE0003B4B1A803D4B1B7823F00203DAB23B4B31
:107AF0001A703A4B1B7803F00103002B0BD0364B66
:107B000000221A802D4B1B681A88314B1A80334B88
:107B100000221A700BE0304B1A882D4B1B889A42BA
:107B200005D92B4BFF221A802C4B01221A70214BB6
:107B30001968324B0593324B0493324B0393324B0B
:107B40000293324B0193324B0093214B224A34482B
:107B5000F8F77EFF0346DAB2134B1A702C4B1B78F2
:107B6000202B03D02A4B1B782E2B07D1284B202209
:107B70001A70144B1B6821221A70EAE0174B1B780D
:107B8000012B03D00F4B1B6830221A70104B1A8840
:107B9000114B1A80114B1B7843F00203DAB20F4BE2
:107BA0001A70D6E08D0E0020D84500202A00002053
:107BB000A10B0020B845002084090020904500203A
:107BC000860A0020DC450020E4450020A80B0020A8
:107BD00078460020B80B0020E2450020D94500205F
:107BE000A00B0020A00A002080090020900A00209D
:107BF0008A0A002064090020E04500204406002095
:107C00004A060020400600203E0600203C060020D8
:107C100038060020B80E00203A060020600C002034
:107C2000840F0020E4080020A94B00221A7090E085
:107C3000A84B1B78042B40F08C80A74B1B88002B93
:107C400000F08780A24B00221A70A34B1B88013BD7
:107C50009AB2A14B1A80A14B0593A14B0493A14B5F
:107C60000393A14B0293A14B0193A14B00939A4B19
:107C7000A04AA149A148F8F7EBFE0346DAB2944BBB
:107C80001A709B4B1B78202B03D0994B1B782E2B03
:107C900002D1974B20221A708D4B1B784F2B35D970
:107CA0008B4B01221A70924B20221A7005E0914BE7
:107CB0001B8801339AB28F4B1A808E4B1B881A4651
:107CC0008D4B9B5C0D2B21D08A4B1B881A468A4B0F
:107CD0009B5C0A2B1AD0874B1B881A46864B9B5CF1
:107CE000002B13D0834B1B881A46834B9B5C3B2B8A
:107CF0000CD0804B1B881A467F4B9B5C282B05D0F1
:107D00007C4B1A88744B1B889A42D0D9794B1A88BD
:107D1000714B1B889A4216D36F4B4FF6FF721A8035
:107D2000744B00221A80764B1B7823F00203DAB2E0
:107D3000734B1A707349734B1B6883F440524BF6B4
:107D40008F7313400B60644B1B8801339AB2624BF4
:107D50001A806D4B00221A605D4B1B78013B342B5F
:107D600001F2538501A252F823F000BF39980008B0
:107D7000597E0008AB7E0008AB7E00082B7F000810
:107D80001D7F000839980008757E000815800008DE
:107D9000C18000080B98000829830008C17E0008F4
:107DA00055850008618500086F850008CF850008AB
:107DB000577F0008A1850008518600080B9800082D
:107DC00011870008DD8700089782000821890008D4
:107DD00041810008D5890008D18D00082B8E00084C
:107DE000C18E0008D78E00080B9800086390000829
:107DF0009D8F0008DD90000849910008EF91000870
:107E0000459200087D930008059400081995000824
:107E10009F960008B9970008DF970008D57F0008F3
:107E2000C586000811810008A37F0008618700084B
:107E30000B980008AB8600089D860008417E00086C
:107E4000264B1B68B3F5107F28BF4FF410739AB20E
:107E50002E4B1A8001F015BD1E4B1B78012B41F0F3
:107E6000ED842B4B1B7843F00103DAB2284B1A70D8
:107E700001F0E4BC274B1B884FF6FF72934206D1FA
:107E8000164A01210620FEF7BDFE01F0FABC214B87
:107E90001A88214B1A800F4B1B78012B01D002F05E
:107EA00027FBFEF7F7FC01F0ECBC094B1B7807330E
:107EB000DBB20A4A00211846FEF7A4FE01F0E1BC3D
:107EC000064A01210C20FEF79DFE01F0DABC00BF3E
:107ED000D84500208D0E00205E09002044060020B9
:107EE0004A060020400600203E0600203C060020F6
:107EF000380600205C0900206C470020840F002019
:107F0000640900200C5C0040AC0600202400002026
:107F10008C0600206C0000204C460020994B1B88EA
:107F200043F006039AB2974B1A80964B1B8843F096
:107F300002039AB2934B1A80934B1B6819464FF079
:107F40000002924B18CB5B1844EB0204904AC2E942
:107F5000003401F096BC8E4BD3E900128B4B18CB4A
:107F6000CB1A62EB04048B4AC2E9003402F024FF0E
:107F70000A460146844B1B684FF00004CB1A62EBA3
:107F80000404824AC2E90034804BD3E90012814BD9
:107F900018CB5B1844EB02047D4AC2E9003401F0BF
:107FA00070BC784B1B8843F480739AB2754B1A806F
:107FB000754B1B68784A1360734B1B68002B41F0AC
:107FC0003F84704B1B8823F480739AB26D4B1A80E8
:107FD00001F036BC714B1B884FF6FF72934206D1FD
:107FE000694A01210520FEF70DFE01F02BBC6C4B08
:107FF0001B7803F04003002B01F02484674B1B889F
:108000001A46614B1A60604A01210120FEF7FAFD11
:1080100001F018BC5C4B1B689AB2624B1A80624B31
:108020001B7803F01003002B17D05F4B1B7803F075
:108030002003002B2AD05A4B1B7803F04003002B5F
:1080400003D05A4B1A885A4B1A80554B1B7803F0B1
:108050003F03DAB2524B1A7018E0514B1B7803F011
:108060004003002B0BD1534B1A88534B1A80534BB0
:108070001A88534B1A80534B1A88534B1A80484B1B
:108080001B7843F04003DAB2454B1A70434B1B8810
:108090004FF6FF72934209D0434B1B7803F0100355
:1080A000002B03D03D4B1A883E4B1A80474B1B7860
:1080B000012B01D002F01CFAFEF7ECFB01F0E1BB52
:1080C000434B1B88262B01F2BF83424B1B7818467B
:1080D0002D4B1B689AB2404BA3FB0213D90B0B46E6
:1080E0001B045B1AD31A9AB23C4B23F81020394B6D
:1080F0001B781A46364B1B88D9B2394B9954354BED
:108100001B781A46374B1978374B995401F09CBBB2
:10811000364B1B7823F00103DAB2344B1A701A4B3A
:108120001B68002B01F09283304B1B7843F0010356
:10813000DAB22E4B1A702E4B00221A8001F086BB49
:10814000194B1B7803F00B03092B0AD1294B1B8811
:108150001A460D4B1B689A4203D0134B00221A702B
:108160006BE0114B1B7803F00B030B2B44D1214B1D
:108170001B881A46044B1B689A423DD10A4B0022C9
:108180001A705AE0820F002044060020700600207A
:1081900078060020680E0020880600206C00002071
:1081A000E04500204C4600203C06002014460020FC
:1081B000504600203A060020200900201C0900201B
:1081C0001E090020080900200A0900208D0E002049
:1081D0003E0600200805002001800080000F0020DE
:1081E000BC0E002040060020140C0020A406002035
:1081F000A60600200A050020A14B1B7803F00B0304
:10820000032B0AD19F4B1B881A469F4B1B689A422F
:1082100003D99B4B00221A700FE0994B1B7803F097
:108220000B03012B09D1974B1B881A46964B1B68F1
:108230009A4202D2924B00221A70914B1B7803F0A3
:108240001003002B04D09148FEF790F901F000BB19
:108250008B4B1B7803F00103002B41F0F9828B4B11
:108260001B781A468A4B33F812301A46864B1A602E
:10827000864B1B781A46874B9B5C03F07F03D8B272
:10828000824B1B781A46844B9B5C7F4A1946FEF74B
:10829000B9FC01F0DDBA7A4B1B7803F00403002B24
:1082A00012D17E4B1B78DB10DBB203F00103DAB294
:1082B0007A4B1B789B10DBB203F00103DBB2134453
:1082C000DBB21533DBB200E018236D4A1370734B39
:1082D0001B7803F02003002B18D06C4B1B781A4638
:1082E000674B19786B4B9954684B1B781A46664B51
:1082F0001B6899B2664B23F81210644B1B781A4620
:10830000674B1B88D9B2644B995408E05C4B1878D2
:10831000634B1B88DBB25C4A1946FEF773FC584B73
:1083200000221A7001F0ADBA574B1B685D4A9342A8
:1083300004D0554B1B685C4A934205D11122082199
:108340001D20FCF73FFF14E04F4B1B68574A934238
:1083500005D10E2206211D20FCF734FF09E04A4B0F
:108360001B68534A934222D10F2207211D20FCF79C
:1083700029FF504B1B7803F00103002B01D102F0C1
:1083800059F94C4B1B7823F07F03DAB2494B1A7032
:10839000484B1B7843F00103DAB2464B1A70464B48
:1083A000FF221A70454B00221A7001F053BA364B67
:1083B0001B68434A934228D13E4B1B7803F00203CB
:1083C000002B41F0478202F035F93A4B1B7823F03D
:1083D0007F03DAB2374B1A70364B1B7843F0020337
:1083E000DAB2344B1A70374B44F620621A60364BBF
:1083F0004FF4FA721A60354B40F6C4121A60344BCF
:108400004FF400721A8001F025BA1F4B1B68314AE5
:10841000934263D1274B1B7803F00303032B28D02F
:1084200002F008F9234B1B7823F07F03DAB2214BCB
:108430001A70204B1B7843F00303DAB21D4B1A70FD
:10844000254B1B78DB43DAB21B4B1A701B4B002207
:108450001A701C4B44F620621A601B4B4FF4FA72E0
:108460001A601A4B40F6C4121A60194B4FF400728E
:108470001A80112208211D20FCF7A4FE01F0EAB9A0
:108480003C0600200A0500204406002008050020C4
:10849000000F0020BC0E0020140C00200C05002052
:1084A0003E060020122812002B81220112682300B0
:1084B000120013002A000020270000204C06002094
:1084C00090242D00580000205C0000206000002057
:1084D000640000202D00120066000020A84B1B68DD
:1084E000A84A934241F0B681A74B1B7803F00303DF
:1084F000032B28D002F09EF8A34B1B7823F07F03B8
:10850000DAB2A14B1A70A04B1B7843F00303DAB226
:108510009D4B1A709D4B1B78DB43DAB29C4B1A7053
:108520009C4B00221A709C4B44F620621A609B4BB5
:108530004FF4FA721A609A4B40F6C4121A60994BC3
:108540004FF400721A800C2206211D20FCF73AFE1F
:1085500001F080B98A4B1B68934A136001F091B90E
:10856000874B1B68DAB2914B1A7001F08AB9904BB5
:108570001B7803F00103002B04D0814B1B681846C5
:10858000F7F7E4FF8A4B1B7803F00203002B01F09E
:1085900063817B4B1B681846F7F76CFF01F05CB9F1
:1085A000834B1B7803F00103002B03D0744B1B6833
:1085B000804A13607E4B1B7803F00203002B01F00E
:1085C0004D816F4B1B687C4A136001F047B9784BB3
:1085D0001B7803F00103002B18D0694B1B68002B9C
:1085E00007D0764B1B7843F02003DAB2734B1A7036
:1085F00006E0724B1B7823F02003DAB26F4B1A703F
:108600000F213120F8F70EF802F012FE684B1B78AC
:1086100003F00203002B01F02381594B1B68002B50
:1086200007D0674B1B7843F02003DAB2644B1A7013
:1086300006E0634B1B7823F02003DAB2604B1A701C
:108640000F213220F7F7EEFF02F0F2FD01F008B93A
:10865000574B1B78012B14D85A4B1B881A46544B86
:108660001B78194610238B401340002B01F0FA8031
:10867000544B1B8843F008039AB2524B1A8001F006
:10868000F1B84B4B1B780C2B04D1002001F074FE89
:1086900001F0E8B802F0CCFD01F0E4B84A4B1B78D9
:1086A00001335B10DAB2484B1A70354B1B68082B4C
:1086B00028BF0823DAB2454B1A70012001F05CFE96
:1086C00001F0DFB83A4B1B781B01DBB203F030033B
:1086D000DAB2374B1A702A4B1B68002B09D03C4B7F
:1086E0001A78334B1B781343DAB2394B1A7001F006
:1086F000C8B82F4B1B785BB2DB435AB2344B1B78A4
:108700005BB213405BB2DAB2314B1A7001F0B9B808
:10871000274B1B781B01DBB203F03003DAB2244B8A
:108720001A70174B1B68002B0AD0214B1B789AB28A
:10873000244B1B8813439AB2224B1A8001F0A1B834
:108740001B4B1B789BB2DB439BB21AB21D4B1B88A1
:108750001BB213401BB29AB21A4B1A8001F091B8A7
:10876000074B1B68002B35D0054B1B68DBB203F0B1
:108770007F03DBB2184601F01FFB01F082B800BF97
:10878000440600202D0023002A000020660000205F
:10879000270000204C060020580000205C0000202C
:1087A0006000002064000020B40E00208C0E002029
:1087B00040060020B40B0020B00B0020A00B0020CE
:1087C000A10B0020820F002025090020280900208D
:1087D000A406002001F0AEFA01F053B8964B1B78C6
:1087E000042B4AD1954B1B7803F00303032B41F074
:1087F0003B80934B1B689BB2DB439AB2914B1B8827
:1088000013409BB223F0FF039AB28E4B1A808C4B1D
:108810001B689BB2DB439AB28B4B1B8813409BB205
:1088200023F0FF039AB2884B1A80854B1B68DAB29B
:10883000864B1B781343DAB2844B1A70804B1B684B
:10884000DBB2DB43DAB2824B1B781340DAB2804BE7
:108850001A707B4B1B68DBB2DB43DAB27D4B1B78B3
:108860001340DAB27B4B1A707B4B1B7843F0020348
:10887000DAB2794B1A7000F0F7BF6F4B1B785B10C0
:10888000DBB203F00203DAB26B4B1B781344DAB2AB
:10889000694B1B785B00DBB203F00803DBB21344C7
:1088A000DAB2654B1B785B10DBB203F00103DBB27D
:1088B0001344DAB2604B1B7803F00203DBB21344BB
:1088C000DAB25D4B1B789B00DBB203F00803DBB22E
:1088D0001344DBB20133DAB2574B1A705F4B1B788B
:1088E00003F02003002B10D05D4B1B781A46524B2F
:1088F00019785C4B99545A4B1B781A46504B1B689D
:10890000D9B2594B995400F0AFBF4B4B18784C4B30
:108910001B68DBB24A4A1946FEF774F900F0A4BF9F
:108920004D4B1B7843F00203DAB24B4B1A70424BAB
:108930001B78432B05D1424B1B684C4A136000F057
:1089400095BF3D4B1B78442B05D13D4B1B68484AD6
:10895000136000F08BBF384B1B78452B0BD1384B85
:108960001B68002B00F08287354B1B689AB2414B85
:108970001A8000F07BBF304B1B78502B18D1304B46
:108980001B68132B02D82E4B14221A602C4B1B6829
:10899000B3F5C86F03D92A4B4FF4C8621A60284B4D
:1089A0001B68354AB2FBF3F3344A136000F05EBF34
:1089B000334B1B68314A1360324B1B682B4A1360E0
:1089C000314B1B682A4A1360304B1A88294B1A8096
:1089D00000F04CBF184B1B78262B0AD12C4B1B6880
:1089E0001749184601F07AF90246294B1A6000F03F
:1089F0003FBF114B1B78272B4ED1264B1B681049CC
:108A0000184601F06BF90246224B1A60214B1B6895
:108A1000132B04D81F4B14221A6000F029BF1D4BE2
:108A20001B6842F21072934240F22287194B42F2C5
:108A300010721A6000F01CBF3C0600202A000020C3
:108A4000440600205A0600205C0600202700002073
:108A50004C06002066000020580600200C0500206F
:108A600008050020BC0E0020140C00204C00002043
:108A7000500000205400002040420F00440000201D
:108A8000580000205C0000206000002064000020EE
:108A9000A006002068000020934B1B78282B07D0ED
:108AA000914B1B782B2B03D08F4B1B78162B47D168
:108AB0008D4B1B780F3BDAB28B4B1A708B4B1B78AC
:108AC00003F02003002B33D0894B1B781946874BCA
:108AD0001B78DB10DBB203F00103DAB2824B1B78A8
:108AE0001344DAB2814B1B789B10DBB203F0010315
:108AF000DBB21344DAB27F4B5A547B4B1B78072B03
:108B000006D17B4B1B781A46774B1978794B9954D1
:108B1000774B1B781A46784B1B6899B2774B23F832
:108B20001210734B1B781A46754B002199544DE176
:108B30006D4B1B78704A01211846FEF763F845E13A
:108B4000704B1B7843F02003DAB26E4B1A70664B01
:108B50001B78292B48D1654B1B7803F00803002BA9
:108B60002BD0624B1B7803F00403002B12D0664B12
:108B70001A68664B1B68B2FBF3F25F4B1B68D31A93
:108B8000634A1288B3FBF2F102FB01F29B1A5A4AC4
:108B900013601FE05C4B1A685C4B1B68B2FBF3F27E
:108BA000554B1B6813445A4A1288B3FBF2F102FB7F
:108BB00001F29B1A504A13600CE0554B1B881A4671
:108BC0004D4B1B689A4205D8514B1B88013B1A46F6
:108BD000494B1A60484B1B684C4A126802FB03F36E
:108BE000494A136000F044BE3F4B1B78302B03D141
:108BF0003D4B1F221A7061E73B4B1B78312B40F035
:108C000091803D4B1B68B3F5107F03D93A4B4FF46D
:108C100010721A60384B1B689AB23E4B1A803A4B5E
:108C20001A683A4B1B68B2FBF3F3374A1360394BAF
:108C30001B881A4613465B001344DB001A46334B6D
:108C40001A60334B1B881A46324B1B8803FB02F316
:108C5000B3F5107F09DD2F4B1B881A464FF41073B4
:108C600093FBF2F39AB22A4B1A80294B1B88002BF4
:108C700002D1274B01221A80254B1B881A46224B12
:108C80001B689A4205D8224B1B88013B1A461E4B93
:108C90001A601D4B1B681D4A126802FB03F31A4A37
:108CA00013601D4B1B8819461A4B1B881A461B4B19
:108CB00003FB02F31A4A82FB03025213DB17D31A97
:108CC000994280F2D585134B1B881A46134B03FB40
:108CD00002F3134A82FB03125213DB17D31A9AB220
:108CE0000D4B1A8000F0C4BD3C0600200C0500208E
:108CF00008050020BC0E002044060020000F0020C4
:108D0000140C0020580600205006002030000020DF
:108D1000380000202C0000203E00002040420F00C0
:108D20001F85EB51A34B1B78322B3FD1A24B1B6805
:108D3000002B02D1A04B01221A60A04B1B881A46BF
:108D40009D4B1B6803FB02F3B3F5107F05D89A4BCC
:108D50001B689AB29A4B1A8009E0984B1B881A46F6
:108D60004FF4107393FBF2F39AB2954B1A80954B24
:108D70001A68954B1B68B2FBF3F3924A1360904B51
:108D80001B881A468F4B1B689A4205D88C4B1B8850
:108D9000013B1A468B4B1A608A4B1B688A4A126841
:108DA00002FB03F3874A136000F062BD814B1B781E
:108DB000352B40F05D857F4B22221A70834B1B7848
:108DC00023F00C03DAB2814B1A7077E600F050BD45
:108DD000794B1B68002B02D0774B01221A607B4B2A
:108DE0001B7803F02003002B12D0794B1B781A4616
:108DF000714B1B68DBB2C3F12403D9B2754B995494
:108E0000734B1B781A46744B0021995400F039BDFE
:108E1000694B1B68DBB2C3F12403DBB200220121E2
:108E20001846FDF7EFFE00F02CBD684B1B7803F0F1
:108E30002003002B1AD0604B1B685A085E4B1B683E
:108E40001A435D4B1B68DB08134303F001035A4AC6
:108E500013605F4B1B781A46574B1B68DBB2C3F19C
:108E60001403D9B25B4B995400F004BD524B1B68FC
:108E7000002B15D0594B1B7803F00203002B0FD0A9
:108E8000564B1B7843F00803DAB2544B1A70544B1C
:108E90001B7843F00203DAB2514B1A7000F0EABCBF
:108EA0004E4B1B7803F00803002B00F0E3844B4B80
:108EB0001B7823F01803DAB2484B1A7000F0DABCC2
:108EC0003C4B1B780833DBB23B4A01211846FDF7C7
:108ED00099FE00F0D6BC384B1B68002B3DD03F4BB1
:108EE0001B7863F07F03DAB23C4B1A703D493E4871
:108EF00004F0B1FD0346FB713C4B1B78013B9B002A
:108F00005BB203F00C035AB2394B1B785BB21343CC
:108F10005BB2DAB2364B1A70354B1B789B08DBB26A
:108F2000013BDAB2334B1A70324B1B781946324888
:108F300000F0AAFE2F4B1B7819462A4800F0A4FE29
:108F40002C4B1B78184600F08BFE2C4B00221A602D
:108F50002B4B00221A7000F08FBC204B1B785BB2A9
:108F6000002B80F289841D4B1B7803F07F03DAB25B
:108F70001A4B1A7023491C4804F06DFD0346FB711F
:108F800001F0B6FA204B1A88204B1A80204B1A8821
:108F90001D4B1A80FDF77EFC00F06EBC1D4B1B784C
:108FA000002B3BD01C4B104A0E491A4805F012F911
:108FB00036E000BF3C060020440600202C000020C4
:108FC0003800002050060020300000200C05002052
:108FD00008050020BC0E0020140C00202A000020F0
:108FE00058060020F8450020304600208D0E002055
:108FF000E0450020DA45002028F400081809002088
:109000005446002018460020504600204C460020C0
:1090100010460020E8450020C0450020FDF704FD73
:109020008B498C4804F017FD0346FB718A4B1B7873
:109030009B08DBB2013BDAB2884B1A70874B1B7876
:109040001946874800F020FE844B1B78194680485B
:1090500000F01AFE814B1B78184600F001FE00F06C
:1090600010BC804B1B78002B06D07F4B794A7F4980
:109070007C4805F0AFF818E0784B00221A700BE03E
:10908000764B1B781A46794B00219954734B1B7809
:109090000133DAB2714B1A70704B1B78172BEFD972
:1090A00006227349714805F0D5FF724B1B785BB2FD
:1090B000002BC0F2E3836D49664804F0CCFC034604
:1090C000FB7101F015FA6C4B1A886C4B1A806C4BD3
:1090D0001A88694B1A80FDF7DDFBCFE3FDF7A4FC8E
:1090E0005B4B2F229A715F49594806F053F8584854
:1090F00004F0F7FD0346FB71FB79002B04D0FB79EC
:10910000082B01D0FDF790FC5149524804F0A3FC14
:109110000346FB71504B1B789B08DBB2013BDAB274
:109120004E4B1A704D4B1B7819464D4800F0ACFD64
:109130004A4B1B781946464800F0A6FD474B1B7862
:10914000184600F08DFD9CE3FDF792FC4D4A4E4B16
:10915000104603F1200402461946D1F800E04E689B
:109160008D68C968C2F800E056609560D160103320
:109170001030A342EFD102461B881380434804F00D
:1091800041FB0346FB7101223F49404803F02EFF9B
:109190000346FB713E4B00221A60FB79002B1FD166
:1091A0002D4B1B789B08DBB2013BDAB22B4B1A70BC
:1091B0002A4B1B781946374800F066FD274B1B7871
:1091C0001946314800F060FD244B1B78194632489F
:1091D00000F05AFD214B1B78184600F041FD50E38A
:1091E000FB791A460121012000F0A4FC49E3FDF7B8
:1091F0003FFC254804F0CCFC0346FB71FB79002BB7
:1092000019D1154B1B789B08DBB2013BDAB2134B2B
:109210001A70124B1B7819461B4800F035FD0F4B96
:109220001B7819461D4800F02FFD0C4B1B78184683
:1092300000F016FD25E3FB791A460521012000F018
:1092400079FC1EE3FDF714FC044B00221A702DE09C
:10925000F845002030460020E0450020DA45002097
:1092600028F40008E8450020C045002018460020EA
:109270001CF400082A000020504600204C46002024
:10928000104600205446002094450020E4080020A9
:109290001809002034F400083CF4000848F40008E1
:1092A000924B1B780133DAB2904B1A708F4B1B78BC
:1092B0001A468F4B9B5C002BF2D18C4B1B781A46C5
:1092C0008B4B2F219954894B1B780133884A5421A9
:1092D000D154884804F096FA0346FB7186498448C5
:1092E00004F0F7FD0346FB71844B00221A60FB7902
:1092F000002B1FD1824B1B789B08DBB2013BDAB2FB
:109300007A4B1A70794B1B7819467E4800F0BCFCEA
:10931000764B1B781946784800F0B6FC734B1B78E7
:109320001946794800F0B0FC704B1B78184600F0E5
:1093300097FC05E0FB791A460321012000F0FAFBB7
:109340006A4B00221A7005E0684B1B780133DAB2D1
:10935000664B1A70654B1B781A46654B9B5C002B5D
:10936000F2D1624B1B78013B614A0021D1545F4B23
:109370001B78023B5E4A0021D15482E2FDF778FB64
:10938000624B1B78002B39D05A4804F03BFA034655
:10939000FB7159495D4804F09CFD0346FB71FB7964
:1093A000002B25D1564B1B789B08DBB2013BDAB270
:1093B0004E4B1A704D4B1B781946524800F064FC16
:1093C0004A4B1B781946514800F05EFC474B1B780E
:1093D00019464F4800F058FC444B1B781946464844
:1093E00000F052FC414B1B78184600F039FC05E0B8
:1093F000FB791A460221012000F09CFB434B00221E
:109400001A703EE2394B00221A7005E0374B1B7888
:109410000133DAB2354B1A70344B1B781A46344B91
:109420009B5C002BF2D1314B1B781A46304B2F211D
:1094300099542E4B1B7801332D4A5421D1542D4879
:1094400004F0E0F90346FB71294804F0A1FB034650
:10945000FB710F222649274803F0C8FD0346FB7124
:10946000244804F077F90346FB71244B00221A606C
:10947000FB79002B13D1224B1B789B08DBB2013BFD
:10948000DBB21946234800F0FFFB1D4B1B789B08FD
:10949000DBB2013BDBB2184600F0E2FB05E0FB79F2
:1094A0001A460321012000F045FB104B00221A70E0
:1094B00005E00E4B1B780133DAB20C4B1A700B4BE4
:1094C0001B781A460A4B9B5C002BF2D1074B1B788A
:1094D000013B074A0021D154044B1B78023B044A4C
:1094E0000021D154094B00221A70CAE1DA4500204C
:1094F000F8450020E40800209445002018090020C9
:10950000E045002054F400085CF4000854460020B4
:1095100064F4000874F40008984B1B789B08DBB2D5
:10952000013BDAB2964B1A70964BDA68964B1B6881
:109530009A4240F2A880944B1B68944A1360914B66
:109540009A68914B1B689A4205D0904B1B6819464C
:109550008C4804F06BF98E4B1B881A468D4B8E4954
:10956000884803F04EFE0346FB71894B1B881A4660
:10957000884B1B689A4204D9864B1B689AB2844B6D
:109580001A80FB79002B73D1844B00221A801CE0D7
:10959000824B1B881C467C4B1A68804B1B889B00A7
:1095A000C3F11C0322FA03F3DBB203F00F03DBB2B7
:1095B0001846FBF7E6FA03461A46794B1A55774BDD
:1095C0001B8801339AB2754B1A80744B1B88072B8A
:1095D000DED9734B00221A72694B1B78194670480A
:1095E00000F052FB08226E490020FDF703F9024605
:1095F000654B1A60644B1868654B1B881A466649B0
:10960000FDF7F8F80246604B1A60614B1B881A465A
:10961000614B002199545A4B1B7819465E4800F063
:1096200033FB5E4B00221A8014E05C4B1B8819460A
:10963000554B1A68594B1B88DB00C3F1180322FAFB
:1096400003F3DAB2564B5A54544B1B8801339AB287
:10965000524B1A80514B1B88032BE6D9504B0022EA
:109660001A71474B1B7819464D4800F00DFB05E079
:10967000FB791A460121012000F05CFA414B9B68FE
:10968000424A136005E03E4B1B781946454800F0FE
:10969000FBFA3B4B1B78184600F0E2FAF1E0374B3F
:1096A0001B789B08DBB2013BDAB2354B1A70354BA5
:1096B0009B7903F00203002B53D0334B1B68334AD2
:1096C0001360304B9A68304B1B689A4205D02F4B81
:1096D0001B6819462B4804F0A9F8284B1B7843F067
:1096E0000203DAB2254B1A70244B1B7803F00103F6
:1096F000002B10D02C4B1B68002B0CD01F4B1B7861
:1097000023F00203DAB21D4B1A701D4B1B78194669
:10971000264800F0B9FA194B1B7803F00203002B1E
:109720001AD01B4B1B88043B1A461A4B1A49154882
:1097300003F08FFE0346FB71FB79002B06D0FB790B
:109740001A460621012000F0F5F905E00C4B1B78C4
:109750001946174800F098FA0A4B9B680B4A1360A9
:1097600005E0074B1B781946124800F08DFA044BB0
:109770001B78184600F074FA83E000BFE045002033
:10978000DA450020E40800204406002018090020E3
:109790003E0600208C450020600C00204E46002034
:1097A000E845002088F400088845002098F4000867
:1097B000A8F40008B4F40008764B1B7823F00103EA
:1097C000DAB2744B1A70744B1B68002B58D0714B73
:1097D0001B7843F00103DAB26E4B1A7050E06D4B08
:1097E0001B7823F00C03DAB26A4B1A706A4B1B68C1
:1097F000DBB29B00DBB203F00C03DAB2654B1B78E3
:109800001343DAB2634B1A703BE0644B20221A70A8
:10981000634B1B78032B03D1624B21221A7030E07B
:109820005F4B1B78022B03D15F4B21221A7028E07B
:109830005A4B2E221A7024E000BF22E000BF20E025
:1098400000BF1EE000BF1CE000BF1AE000BF18E030
:1098500000BF16E000BF14E000BF12E000BF10E040
:1098600000BF0EE000BF0CE000BF0AE000BF08E050
:1098700000BF06E000BF04E000BF02E000BF00E060
:1098800000BF464B1B78202B7BD1484B1B8803F431
:109890003273002B03D0424B10221A7071E001F09A
:1098A0008BFA0A460146424B18CBA24208BF9942A6
:1098B00009D23E4B1B8803F00203002B03D0384B28
:1098C00010221A705DE001F077FA0A460146384B23
:1098D00018CBA24208BF994216D3344B1B8803F021
:1098E0000203002B10D000F06BF8304B1B8823F0E4
:1098F00007039AB22D4B1A80264B1B7803F01003F6
:10990000DAB2274B1A703CE001F056FA0A460146DB
:10991000284B18CBA24208BF994209D2234B1B887F
:1099200003F00103002B03D01D4B10221A7028E016
:109930001E4B1B8823F001039AB21C4B1A80154B57
:109940001B7803F01003DAB2154B1A70114B1B7819
:1099500003F01003002B14D0174B1B8801339AB26D
:10996000154B1A80144B1B88B3F5007F09D9124B95
:1099700000221A80114B1B7843F00103DAB20F4B1F
:109980001A70FCF703FC0D4B1B78002B3DF4DEAF87
:10999000FDF79FBEE0450020440600203806002069
:1099A0008D0E0020A10B0020A00B0020820F0020B4
:1099B00078060020680600200E0900208C06002092
:1099C00080B500AF4C4B1B7803F07F03012B02D115
:1099D00000F0FCFF8EE0484B1B7803F00203002BE5
:1099E00035D0454B1B7803F00103002B06D0434BC9
:1099F0001B7843F01003DAB2404B1A703F4B1B78D0
:109A000003F00203002B19D03B4B1B7803F010032B
:109A1000002B13D1394B1B7843F00403DAB2374BD8
:109A20001A70354B1B7803F00803002B06D0324B1D
:109A30001B7843F01003DAB22F4B1A702F4B1B78B0
:109A400003F00303022B55D100F060FD52E02A4BD6
:109A50001B7803F07F03042B4CD1284B1B7803F0B9
:109A60002003002B3ED000F0E5FD234B1B7823F0B4
:109A70007F03DAB2204B1A701F4B1B7843F00403AC
:109A8000DAB21D4B1A701E4B1B681E4A13601E4B28
:109A90001A881E4B1A801E4B1A881E4B1A801E4BAA
:109AA0001B681E4A13601E4B1A881E4B1A80174BE8
:109AB0001A881D4B1A801D4B1B88002B06D01C4B8F
:109AC0001B8843F040039AB2194B1A800D4B1B6858
:109AD0001846FBF771FD094B1B7823F02003DAB21F
:109AE000064B1A70054B1B7803F00103002B01D1C4
:109AF00000F00CFD00BF80BD2A00002058060020A9
:109B000050060020540600202C0000202E000020CB
:109B1000380000203A0000203000002034000020EF
:109B20003E000020400000204A0600203C000020AB
:109B3000820F002080B582B000AF0346FB710B4658
:109B4000BB7113467B713B4B1B78DBB2002B6DD096
:109B5000FB79022B08D0032B0BD0012B0ED10F2148
:109B6000354800F091F80DE00F21344800F08CF8F2
:109B700008E00F21324800F087F803E00F21314858
:109B800000F082F8BB79013B042B21D801A252F8E6
:109B900023F000BFA99B0008B39B0008BD9B0008F1
:109BA000DB9B0008C79B00080F21274800F06CF8DA
:109BB00014E00F21254800F067F80FE00F2124483A
:109BC00000F062F80AE00F21224800F05DF805E09D
:109BD0000F21214800F058F800E000BF7B79002BEE
:109BE0001ED00F211D4800F04FF87B791B09DBB216
:109BF0001846FAF7C6FF03460F211846F6F712FD7E
:109C00007B7903F00F03DBB21846FAF7BAFF03467D
:109C10000F211846F6F706FD0F212920F6F702FD61
:109C20000F210D20F6F7FEFC01F002FB00BF083704
:109C3000BD4680BD8C0E002054F40008C8F4000816
:109C4000D0F40008D8F40008E0F40008E8F40008B4
:109C5000F0F40008F8F4000804F500080CF500081A
:109C600080B582B000AF0346FB71FB7919460D2029
:109C7000F6F7D8FCFB79012B01D901F0D9FA00BF26
:109C80000837BD4680BD000080B582B000AF786067
:109C90000B46FB70104B00221A8010E00E4B1B8805
:109CA0001A467B6813441B78FA7811461846F6F773
:109CB000B9FC094B1B8801339AB2074B1A80064B3B
:109CC0001B881A467B6813441B78002BE6D100BF23
:109CD0000837BD4680BD00BF4E46002080B483B02B
:109CE00000AF78603960124B1B7803F00803002B3B
:109CF00016D00F4B1B7803F00403002B0BD03B68EE
:109D00001A687B689A4204D23B681B687A68D31A47
:109D100008E0002306E03B681A687B68134401E012
:109D20003B681B6818460C37BD4680BC704700BFB7
:109D30000C05002080B500AF1A4B4FF00042C3F86D
:109D40008020184B0122C3F88420174A164B1B8829
:109D50009BB223F001039BB21380144A134BDB69BF
:109D600023F40013D361114A104B1B6943F4001311
:109D700013610E4A0D4B1B6923F4001313610C4B46
:109D80001B7823F04003DAB2094B1A7004F0DCFAB6
:109D9000084B1B8823F400739AB2064B1A8000BF4D
:109DA00080BD00BF00E100E0005400400010024010
:109DB000A4060020820F002080B584B000AF0346C7
:109DC000FB714F4B002283F881204E4B1B7843F0F0
:109DD0004003DAB24B4B1A704B4A4B4BDB6923F40E
:109DE0000013D361494B00221A80484B00229A800D
:109DF000454A454B9B6943F008039361424A424BF5
:109E00009B6943F0010393613F4A3F4BDB6943F495
:109E10000013D3613E4BC02283F81F233C4B4FF00D
:109E200000421A603A4BC02283F82023384B0122AB
:109E30005A604FF4E173FB81344A344B9B889BB2E8
:109E400043F024039BB29380304AFB89072B03D94C
:109E5000FB895B089BB200E0042393832B4B2522F4
:109E60001A842A4A294B1B889BB243F480639BB215
:109E70001380284A274B1B6823F07F431360254A31
:109E8000244B1B6843F07F431360234AFB79137014
:109E9000FB795B00FB711D4AFB799BB243F4804365
:109EA0009BB21381194B40229A81184A174B9B8809
:109EB0009BB243F4E0639BB29380144A134B1B881C
:109EC0009BB243F001039BB213800F211348FFF7AD
:109ED000DBFE01F0ADF9124B1B8823F400739AB23C
:109EE0000F4B1A800F4B00221A700F4B00221A7072
:109EF0000E4B7F221A7000BF1037BD4680BD00BFD9
:109F000098460020A40600200010024000540040A3
:109F100000E100E0000C01402609002018F50008CF
:109F2000820F002025090020280900202409002094
:109F300080B500AF9C4B1B780C2B00F2598101A21D
:109F400052F823F0799F0008E19F00082BA0000839
:109F50006BA00008F1A10008F1A10008F1A1000820
:109F6000F1A10008799F000803A0000897A000084D
:109F7000A5A00008FFA000088C4A8C4B1B889BB250
:109F800023F498539BB21380884A884B1B889BB25A
:109F900023F480539BB21380844A844B9B889BB2EA
:109FA00043F4E0639BB29380804A804B1B889BB252
:109FB00043F4806343F001039BB213807C4B7D4AE2
:109FC0001A60794B1B780133DAB2774B1A70774AF3
:109FD000764B1B889BB243F480739BB2138019E1CC
:109FE000734B754A1A60704B02221A70734B002231
:109FF0001A806E4A724B1B789BB25B009BB2138235
:10A0000008E16B4B6F4A1A60674B0A221A706E4B5D
:10A0100000221A70654A6A4B1B785B001BB243F042
:10A0200001031BB29BB21382F4E0614B674A1A60D2
:10A03000674B1B789AB2614B1B889A4215D95F4BCC
:10A040001B88812B11D8584B02221A705B4B1B883E
:10A0500001339AB2594B1A80544A584B1B88013B22
:10A060005C49CB5C9BB21382D4E0594B00221A703E
:10A070004D4B7F221A70584B1B8823F400739AB201
:10A08000554B1A80494A494B1B889BB243F40073D5
:10A090009BB21380BEE0444B0B221A70444B4F4AD4
:10A0A0001A60B7E0424B4D4A1A60474B1B780133A8
:10A0B000DAB2454B1A70444B1B78013B3B4A128A7B
:10A0C00092B2D1B2464AD1543F4B1A78454B1B78D5
:10A0D0009A42C0F09E80344B0C221A70334A334BA4
:10A0E0001B889BB243F400739BB213802F4A2F4B03
:10A0F0001B889BB223F480639BB2138089E0324BB0
:10A100001B781A46294B1B8A9BB2D9B2344B9954FF
:10A11000254B7F221A70304B1B8823F400739AB2B0
:10A120002D4B1A800F213048FFF7AEFD2F4B002238
:10A130001A7028E02D4B1B781A46294B9B5C1B0993
:10A14000DBB21846FAF71DFD03460F211846F6F755
:10A1500069FA264B1B781A46214B9B5C03F00F03D0
:10A16000DBB21846FAF70DFD03460F211846F6F745
:10A1700059FA0F212020F6F755FA1C4B1B780133B2
:10A18000DAB21A4B1A70194B1A780F4B1B789A4295
:10A19000D0D90F210D20F6F745FA01F049F8114BFF
:10A1A00000221A7036E000BF24090020005400404D
:10A1B0008846002001000300820007007000002094
:10A1C0001A4700200200030027090020840007002E
:10A1D0002509002098460020820F0020400003003F
:10A1E0007C4600202809002024F500089446002021
:10A1F000094B00221A70094B00221A70084B1B8869
:10A2000023F400739AB2064B1A80064B7F221A7011
:10A2100000E000BF00BF80BD250900202809002004
:10A22000820F00202409002080B500AF0F210348D1
:10A23000FFF72AFD00F0FCFF00BF80BD2CF50008F1
:10A2400080B500AF424B1B7803F04003002B03D1D5
:10A25000FFF7EAFF002378E00F213E48FFF714FDE7
:10A2600000F0E6FF3C4B00221A703C4B01221A70B2
:10A2700058E03A4B1A783A4B1A703A4B4FF4FA526C
:10A280001A80394B00221A70002000F075F805E0A2
:10A29000344B1B88013B9AB2324B1A80334B1B78EC
:10A2A0006F2B03D82F4B1B88002BF1D12D4B1B8814
:10A2B000002B03D12D4B1B78022B2DD9274B1B785C
:10A2C0001B09DBB21846FAF75CFC03460F2118465F
:10A2D000F6F7A8F9214B1B7803F00F03DBB2184601
:10A2E000FAF74FFC03460F211846F6F79BF90F21AA
:10A2F0000D20F6F797F900F09BFF1A4B00221A8009
:10A3000005E0184B1B8801339AB2164B1A80154B87
:10A310001B88B3F57A7FF4D3104B1B780133DAB284
:10A320000E4B1A700D4B1B785BB2002BA1DA0F217C
:10A330000F48FFF7A9FC00F07BFF0E4B1B8823F4AE
:10A3400000739AB20B4B1A80FF23184680BD00BFE2
:10A35000A406002058F500089846002090460020EA
:10A360001A4700201C47002025090020240900204E
:10A3700068F50008820F002080B582B000AF034668
:10A38000FB71134B1B7803F04003002B1AD0FB79B1
:10A39000DB00DBB203F00803DAB20E4B1A700E4B8F
:10A3A00000221A800D4B00221A600D4B1B8843F4CB
:10A3B00000739AB20A4B1A80074B00221A80FFF7EB
:10A3C000B7FD01E0FFF730FF00BF0837BD4680BD95
:10A3D000A406002024090020700000208C460020E4
:10A3E000820F002080B500AF114B9B8A9BB21A46AA
:10A3F000104B1A600E4B1B8B9BB21A460E4B1A6009
:10A400000D4B1B681A040B4B1B68134323F07F434F
:10A41000084A1360074B1A68084B1B681A40074B21
:10A420001B689A4201D1FFF783FD00BF80BD00BFCA
:10A43000005400402C0900203009002088460020EC
:10A4400080B400AF124B9B8A9BB21A46114B1A6024
:10A450000F4B1B8B9BB21A460F4B1A600F4B1B887E
:10A4600023F400739AB20D4B1A80094B9B8A9BB25E
:10A4700003F48063002B07D0054A054B9B8A9BB2EF
:10A4800023F480639BB2938200BFBD4680BC7047BB
:10A49000005400402C09002030090020820F0020C9
:10A4A00080B483B000AF78600B46FB70FB78002B64
:10A4B00006D00949084B5A697B6813434B6106E093
:10A4C0000549054B5A697B68DB4313404B6100BF6C
:10A4D0000C37BD4680BC70470010024080B400AF0E
:10A4E000024B1846BD4680BC704700BF0060244345
:10A4F00098B500AF00F060FC03460C46024AC2E982
:10A50000003400BF98BD00BF6806002080B400AFD3
:10A51000294B1B7843F00103DAB2274B1A704FF036
:10A52000804300229A844FF080424FF080431B8882
:10A530009BB243F001039BB21380204B1B7803F0C6
:10A540007F03042B0FD14FF080431D4A12889A8558
:10A550004FF080424FF080439B8A9BB243F001034F
:10A560009BB2938219E0154B1B7803F00203002B7A
:10A5700013D0144B144A12881A61124B134A1288D2
:10A580001A61104B124A12885A61124B00221A703B
:10A590004FF08043104A12889A854FF080424FF066
:10A5A00080439B899BB243F001039BB2938100BF20
:10A5B000BD4680BC704700BF580600202A0000201E
:10A5C00040000020000C0140700E00205E060020BC
:10A5D00060060020BA0E0020900E002080B500AF6B
:10A5E00000F0F6FB114B1B7803F00203002B02D0A6
:10A5F00000F00AFB0CE00D4B1B7803F07F03042BEB
:10A6000006D14FF080430A4A12889A8500F0A2FBD7
:10A610004FF080424FF080431B8A9BB223F001032E
:10A620009BB2138200F0E2FB00BF80BD2A00002035
:10A630004000002080B500AF4FF080424FF08043D3
:10A640001B889BB223F001039BB213801B4B4FF47A
:10A650007F425A611A4B1B7803F07F03042B24D1ED
:10A66000184B1B8823F040039AB2164B1A80144BE8
:10A670001B7823F07F03DAB2114B1A70104B1B7852
:10A6800043F00103DAB20E4B1A700020FAF794FF80
:10A690000D4B1B884FF6FF72934206D00B4B1B7875
:10A6A00043F00803DAB2094B1A70094B1B7823F008
:10A6B0000103DAB2064B1A7000BF80BD000C0140E6
:10A6C0002A000020820F00206E0000208C0600204F
:10A6D0005806002080B400AF934B1A88934B1A8021
:10A6E000934B1A88934B1A80934B00221A7044E0C4
:10A6F000914B1B781946904B1B781A468F4B33F8B9
:10A70000123018468E4B1A688E4B1B68D31A03FB07
:10A7100000F38D4A1288B3FBF2F39AB2894B1B689F
:10A720009BB213449AB2894B23F81120824B1B78B9
:10A730001A46864B33F812301A46814B1B689A42F0
:10A7400008D97D4B1B781A467D4B1B6899B27F4B0D
:10A7500023F81210784B1B780133774A12780832AD
:10A76000012101FA02F291B2794A22F81310724BD8
:10A770001B780133DAB2704B1A706F4B1B78072BC2
:10A78000B6D9744B07221A805EE06B4B00221A7018
:10A790004DE0694B1B781A466C4B33F81220664B20
:10A7A0001B780133694931F813309A4239D9624B29
:10A7B0001B781A46654B33F812301A46664B1A60FE
:10A7C0005D4B1B7819465C4B1B7801335F4A32F8AE
:10A7D00013205E4B23F81120574B1B7801335E4A40
:10A7E000126891B2594A22F81310534B1B78013367
:10A7F000574A32F81320564B5A824F4B1B7801337D
:10A800004D4A12780232524931F81210504A22F859
:10A810001310494B1B7802334D4A518A4C4A22F897
:10A820001310454B1B780133DAB2434B1A70424B7D
:10A830001B789AB2474B1B889A42AAD3454B1B8878
:10A84000013B9AB2434B1A80424B1B88002B9CD190
:10A85000424B1B689AB23D4B1A823D4B4FF47F42EC
:10A860005A82354B07221A704FE0334B1B78013B5D
:10A87000364A32F81320304B1B781946334B33F8E5
:10A8800011309A423BD12C4B1B7818462A4B1B782F
:10A890001A462F4B33F81220274B1B7801332C49D3
:10A8A00031F8133013449AB2294B23F81020224B6D
:10A8B0001B789AB2274B1A801DE0264B1B8819463D
:10A8C000244B1B880133214A32F813201F4B23F8F5
:10A8D0001120204B1B8801331E4A128802321C496A
:10A8E00031F812101A4A22F813101A4B1B88013340
:10A8F0009AB2184B1A80174B1B88072BDDD90E4BC9
:10A900001B78013BDAB20C4B1A700B4B1B78002BF7
:10A91000ABD1134B1B789BB21B029AB20C4B1A8023
:10A92000054B01221A7033E05C060020600600200F
:10A930005A0600205E060020DA450020A40E002002
:10A94000500000204C00002054000020900E0020F9
:10A95000700E00204E460020844500204400002058
:10A9600066000020144B1B781946134B1B781A46BF
:10A97000124B33F81220114B1B8813409AB20F4B25
:10A9800023F811200C4B1B780133DAB20A4B1A70F2
:10A99000094B1B78082BE5D9094B1B68094A136042
:10A9A000094B1B7823F00603DAB2074B1A7000BF7D
:10A9B000BD4680BC704700BFDA450020700E002005
:10A9C00044000020480000205806002080B500AF59
:10A9D0000B4B1B88002B10D0094B1A88094B1A808F
:10A9E000084B1B881A4613465B001344DB001846CD
:10A9F000FAF786FD024B00221A8000BF80BD00BF1F
:10AA00004A0600207200002080B500AFFAF7C2FBB2
:10AA10003948FAF7A3FC112208211D20FAF7D2FBCE
:10AA2000FF224FF458513448FBF78CFA4FF458503A
:10AA3000FAF766FD314B01221A80314A304BDB694F
:10AA400043F00103D3614FF080434FF47A729A854B
:10AA50004FF0804347221A854FF080424FF08043E9
:10AA60001B889BB223F45C739BB213804FF080432E
:10AA70004FF08042128892B21A804FF08043012238
:10AA80009A824FF080424FF080431B889BB243F084
:10AA900080039BB213804FF080424FF080439B892C
:10AAA0009BB243F001039BB293814FF080424FF081
:10AAB00080439B8A9BB243F001039BB29382114B6C
:10AAC000802283F81C230F4B4FF080521A600E4BEC
:10AAD00044F620621A600D4B4FF4FA721A600C4B68
:10AAE00040F6C4121A600B4B4FF400721A80FFF745
:10AAF000F1FD00BF80BD00BF840F00207200002068
:10AB00000010024000E100E0440000204C00002062
:10AB1000500000205400002080B582B000AF314BBF
:10AB20001A68314B1B68B2FBF3F301332D4A1360F3
:10AB30002E4B1B881A462B4B1B689A4202D8294B76
:10AB400000221A60274B1B68274A126802FB03F396
:10AB5000244A1360234B1B681846FAF72DFD244B3B
:10AB60001B88012B09D0234B1B884FF6FF729342A1
:10AB700027D01C4B1B68002B23D11F4B1B8843F095
:10AB800040039AB21C4B1A80FFF754FD1B4B93F8FD
:10AB90004030013B7E2B1FDC164B1B884FF6FF72AB
:10ABA000934219D1164BB3F88030FB80134B93F8C6
:10ABB0004000144B93F84030BA1D1946FCF722F8B8
:10ABC0000AE00B4B1B88012B07D9094B1B88013B63
:10ABD0009AB2074B1A8000E000BF00BF0837BD469D
:10ABE00080BD00BF54060020340000203A00002041
:10ABF0003C0000206E000020820F0020BC0E0020D0
:10AC0000000F0020140C002080B500AF484B1B78CB
:10AC10001A46484B33F812301A46474B1B689A4283
:10AC20005CD2434B1B78072B58D8444A404B1B78C7
:10AC30000133434931F8133053614FF080413C4BAD
:10AC40001B7801333B4A32F81320394B1B781846E6
:10AC5000384B33F81030D31A9BB28B85344B1B78AA
:10AC60000133DAB2324B1A70314B1B781A46314B32
:10AC700033F812301A46304B1B689A4203D22C4BE1
:10AC80001B78072B46D92F4B1B7843F00803DAB209
:10AC90002C4B1A702B4B1B7803F01003002B08D0A1
:10ACA000FFF794FE274B1B7823F01003DAB2254BF5
:10ACB0001A70254B1B7803F01003002B05D0214B95
:10ACC0001B7803F00203002B05D11E4B1B7803F009
:10ACD0000403002B1ED0FFF7FDFC1BE0144B0022E9
:10ACE0001A70164B164A12881A61144B174A1288AA
:10ACF0001A61124B164A12885A614FF080430D4A6E
:10AD000012889A850F4B1B7823F00803DAB20D4B9B
:10AD10001A7000E000BF4FF080424FF080439B8AE2
:10AD20009BB243F001039BB2938200BF80BD00BF82
:10AD3000BA0E0020900E002048000020000C0140B8
:10AD4000700E0020580600202A0000205E06002019
:10AD50006006002080B500AF034B1A88034B1A80B1
:10AD6000FFF734FE00BF80BD2E0000204A06002001
:10AD700080B400AF0B4B0C4A1A600C4B07221A60D0
:10AD80000B4A0B4B1B6843F07F431360094A094B86
:10AD90001B686FEA03436FEA1343136000BFBD46AD
:10ADA00080BC704714E000E03F19010010E000E0B3
:10ADB0001CED00E020ED00E090B400AF034B18CB99
:10ADC00018462146BD4690BC704700BF3809002098
:10ADD00080B400AF044B1B780133DAB2024B1A7017
:10ADE00000BFBD4680BC70474009002080B500AF61
:10ADF000084B1B78002B05D0064B1B78013BDAB2C1
:10AE0000044B1A70034B1B78002B01D100F004F89F
:10AE100000BF80BD4009002098B500AF0A4B18CB99
:10AE20000A4AD2E90012A24208BF994209D3074B4D
:10AE300018CB0A3344F10004034AC2E9003404F099
:10AE4000E5F800BF98BD00BF500900203809002078
:10AE500090B482B000AF78607B6819464FF0000272
:10AE60000B4B18CB5B1844EB02040A4AC2E90034CE
:10AE700000BF084BD3E90012054B18CBA24208BF14
:10AE80009942F6D300BF0837BD4690BC704700BF5B
:10AE9000380900204809002098B500AF074B18CBAF
:10AEA000013344F10004054AC2E90034044B1B7825
:10AEB000002B01D1FFF7B0FF00BF98BD380900207B
:10AEC0004009002080B500AFFAF766F8134A134B2B
:10AED0009B6943F080039361114A114B5B6823F433
:10AEE000704353600E4A0E4B5B6843F4E04353607B
:10AEF0000C4B00221A60094A084BDB6943F400033B
:10AF0000D361094BA02283F81423074B4FF480121E
:10AF10001A6000F00BF800BF80BD00BF00100240B7
:10AF2000001C0140D800424200E100E080B400AFC4
:10AF30003E4B00221A603E4B40221A603D4B0022DD
:10AF40001A603D4B80221A603C4B4FF404421A6059
:10AF50003B493B4B1B6883F4405383F0200343F28F
:10AF600030021A4042F400730B60364BC0221A6064
:10AF7000354B00221A60354B00221A60344B0022F8
:10AF80001A603449334B1B6883F0200243F23003CC
:10AF900013400B60304B4FF480721A602F4B00222D
:10AFA0001A602F4B00221A602E4B00221A602E4985
:10AFB0002D4B1B6883F0200243F23003134043F40F
:10AFC000C0630B60294B00221A60294B00221A60D3
:10AFD000284B4FF488721A60274B4FF404421A60D2
:10AFE0002649264B1B6883F4405243F2300313403A
:10AFF0000B60234BC0221A70224B00221A70224B86
:10B0000000221A70214B00221A60214B4FF4044297
:10B010001A60204B80221A601C4A1C4B1B6823F4C8
:10B020008063136000BFBD4680BC7047505C004029
:10B030000060004004600040086000400C60004078
:10B04000005C004010600040146000401860004048
:10B050001C600040045C0040206000402460004010
:10B06000286000402C600040085C004030600040D8
:10B0700034600040386000403C6000400C5C0040A0
:10B0800020470020B6470020AC470020445C004029
:10B09000405C00404C5C004080B485B000AFF8607C
:10B0A000B96011461A460B46FB801346BB80FA88EE
:10B0B000BB88934228BF1346FB80134B00221A70B3
:10B0C00016E0114B1B781A46BB68134403F100537A
:10B0D00003F540535B001A46FB681B881380FB682E
:10B0E0000233FB60084B1B780233DAB2064B1A704E
:10B0F000054B1B789BB2FA889A42E2D800BF1437FE
:10B10000BD4680BC704700BF980A002080B485B05F
:10B1100000AFF860B9601346FB80134B00221A7031
:10B1200016E0114B1B781A46FB68134403F10053D9
:10B1300003F540535B001B889AB2BB681A80BB685A
:10B140000233BB60084B1B780233DAB2064B1A702D
:10B15000054B1B789BB2FA889A42E2D800BF14379D
:10B16000BD4680BC704700BF980A002080B485B0FF
:10B1700000AF78600B46FB70FB7803F1806303F54A
:10B18000C0631B011B68FB81274B00221A7017E06C
:10B19000FB890233FB81FB8903F1005303F5405324
:10B1A0005B001A46204B1B7819467B680B441B78C2
:10B1B0009BB213801C4B1B780133DAB21A4B1A7006
:10B1C000194B1B781A467B6813441B78002BDFD180
:10B1D000154B1B780133DBB25B00DAB2124B1A70ED
:10B1E000FB7803F1806303F5C0631B011B68FB81DF
:10B1F000FB8903F1005303F540535B001A460A4BE9
:10B200001B789BB243F440739BB21380FB781A0106
:10B21000064B13441A46044B1B78136000BF1437C7
:10B22000BD4680BC704700BF980A00200460004003
:10B2300080B500AF1B4B1B88002B30D01A4B1B78FE
:10B2400023F00103DAB2184B1A7040234022C021C8
:10B250001648FFF721FF164B124A12881A6015494B
:10B26000144B1B6883F0300248F6BF7313400B6029
:10B270000C4B00221A80104B41F288321A6004E015
:10B280000D4B1B68013B0C4A13600A4B1B6803F013
:10B290008003002B03D1084B1B68002BF0D100BFAB
:10B2A00080BD00BF600900206409002028470020FD
:10B2B00014600040045C00402447002080B582B048
:10B2C00000AFACE39F4B1B88DBB203F00F03DAB295
:10B2D0009D4B1A709C4B1B78012B14D19B4B1B6808
:10B2E00003F08003002B0ED09849984B1A6848F65B
:10B2F0000F7313400B60964B1B7843F00103DAB2D7
:10B30000934B1A708BE3904B1B78032B31D1914BED
:10B310001B6803F40043002B2BD08D4B1B7823F0CC
:10B320001003DAB28A4B1A708B4B00221A808B4BB7
:10B3300000221A608749874B1B6883F4005243F64A
:10B340008F7313400B60864B1B689BB2C3F30903DA
:10B350009AB2844B1A80402283494FF48870FFF7D9
:10B36000D5FE7B4B1B7843F00203DAB2784B1A70A0
:10B3700055E3754B1B78002B40F051837B4B1B68CA
:10B380009AB243F2300313409AB2794B1A8077494C
:10B39000764B1B6883F4005383F020034BF6BF7297
:10B3A0001A400A60674B1B8803F01003002B00F063
:10B3B000C4826E496D4B1A6840F68F7313400B6060
:10B3C0006A4B1B6803F40063002B00F0A082694BFA
:10B3D0001B889AB2684B1A80684B1B889AB2684BDC
:10B3E0001A80684B1B889AB2674B1A80674B1B8880
:10B3F0009AB2674B1A80664B1B88002B40F0608125
:10B40000644B06221A70644B00221A605A4B1B8848
:10B41000B3F5106F05D15A4B1B88DAB25F4B1A7027
:10B4200046E1554B1B88B3F5A06F08D1544B1B88E0
:10B43000DBB263F07F03DAB2594B1A7038E14E4B3E
:10B440001B881A464FF6FF531340B3F5807F00F078
:10B450002F81494B1B8840F6013293420ED14F4B4E
:10B460001B78002B0AD0484B1B88DBB2012B05DC74
:10B47000454B1B88DAB24B4B1A7019E13E4B1B88C7
:10B48000B3F5817F40F0A9803F4B1B88DBB203F00E
:10B490007F03DAB2444B1A70394B1B88002B40F003
:10B4A0000781394B1B88B3F5807F40F201813B4B0C
:10B4B0001B78002B00F0FC803B4B1B7803F1805382
:10B4C00003F5B8539B001B689AB2384B1A802E4B79
:10B4D0001B8803F08003002B19D0344B1B8803F02A
:10B4E0003003102B40F0E4802F4B1B7803F1805386
:10B4F00003F5B8539B001A462C4B1B8883F030038E
:10B500009BB2194648F6FF730B401360D0E0274BFF
:10B510001B8803F44053B3F5805F40F0C980224B91
:10B520001B78002B46D1224B4FF404421A600F497E
:10B530000E4B1B6883F440524BF68F7313400B6025
:10B54000B6E000BF58090020DC0B0020045C00407E
:10B55000640900200C5C00405C090020B04700201A
:10B560003C6000405E0900206C470020005C004009
:10B57000C80B0020006100405A090020046100400F
:10B58000B847002008610040BA4700200C61004025
:10B59000B44700206209002004600040B647002044
:10B5A00063090020AC4700202147002022470020EB
:10B5B0000C600040A74B1B7803F1805303F5B85390
:10B5C0009B001A46A44B1B8883F440539BB2194638
:10B5D0004FF68F730B4013606AE0A04B1B8840F25C
:10B5E0000232934252D19E4B1B88DBB203F07F03A1
:10B5F000DAB2984B1A709B4B1B88002B58D19A4B90
:10B600001B78002B54D0934B1B7803F1805303F528
:10B61000B8539B001B689AB28F4B1A80904B1B88C3
:10B6200003F08003002B18D08B4B1B8803F03003F2
:10B63000002B3DD0874B1B7803F1805303F5B853A3
:10B640009B001A46844B1B8883F010039BB219465B
:10B6500048F6BF730B4013602AE07F4B1B8803F44E
:10B660004053002B24D07B4B1B7803F1805303F510
:10B67000B8539B001A46784B1B8883F480539BB2C7
:10B6800019464BF68F730B40136011E0734B1B8808
:10B690001A464DF6FF531340212B06D10F21734854
:10B6A000FEF7F2FAFFF7C4FD02E0714B08221A70B0
:10B6B000704B1B8843F030039AB26E4B1A8097E1AF
:10B6C0006B4B04221A706C4B6C4A12881A60634BE5
:10B6D0001B88B3F5D06F7FD1624B1B88B3F5807F99
:10B6E00009D14023122240216548FFF7D5FC624B67
:10B6F00012221A6006E15B4B1B88B3F5007F11D163
:10B700004023402240215F48FFF7C6FC5B4B1B886B
:10B71000092B40F2F780584B40221A60544B02220A
:10B720001A70EFE04F4B1B88B3F5407F0BD1564B9F
:10B730004FF441721A80554B40F209421A804E4B29
:10B7400004221A60DEE0474B1B8840F2013293422C
:10B7500004D100214E48FFF709FDD3E0414B1B887F
:10B7600040F20232934204D100214A48FFF7FEFC26
:10B77000C8E03C4B1B8840F20332934240F0C28049
:10B78000454B1B687B60454B02221A7018E0434B07
:10B790001B7803F1005303F541535B001A467B68A5
:10B7A0009BB203F007039BB230339BB213807B68DC
:10B7B000DB087B60394B1B780233DAB2374B1A70E7
:10B7C000364B1B78172BE2D92F4B4FF446721A8059
:10B7D000294B18221A6095E0204B1B881A464FF619
:10B7E000FE731340802B19D12C4B00221A701B4B77
:10B7F0001B88802B0CD12A4B1B7803F04003002BB5
:10B8000006D0264B1B7843F00103DAB2234B1A70A3
:10B810001D4B224A127892B21A8073E00F4B1B889C
:10B82000822B3FD10E4B1B88DBB203F07F03DAB2D1
:10B83000084B1A70144B00221A80064B1B7803F138
:10B84000805303F5B8539B001B689AB2024B1A80D1
:10B8500058E000BF21470020224700205A0900205D
:10B86000BA470020B8470020B6470020CCF50008B2
:10B8700062090020C80B002004600040B44700208B
:10B8800078F500088CF50008806000408460004076
:10B89000E0F50008E8F50008F0F7FF1F6847002012
:10B8A00020470020654B1B88B3F5086F05D1644B1A
:10B8B000644A127892B21A8024E0604B1B881A46C0
:10B8C0004FF6FF63134042F2A10293420DD15C4B4D
:10B8D0004FF442421A805C4B01221A805B4B0022DB
:10B8E0001A805B4B08221A800CE0544B1B8842F2F2
:10B8F0002102934203D1574B03221A7002E0554BA9
:10B9000008221A70544B43F230021A8070E0514BF7
:10B910001B78032B0DD1504B1B8843F030039AB298
:10B920004D4B1A804D4B00221A604A4B05221A706B
:10B930005EE0484B08221A705AE04949484B1A68A1
:10B9400048F60F7313400B60424B1B78022B10D14B
:10B950003B4B40221A803C4B00221A803D4B042274
:10B960001A703E4B03221A603B4B43F230021A809E
:10B970003EE0384B1B78042B07D1364B07221A7058
:10B98000354B43F210021A8032E0364B1B78002B05
:10B990002BD0354B00221A701CE0334B1B7803F17F
:10B9A000805303F5B8539B0019462F4B1B7803F1C6
:10B9B000805303F5B8539B001A6848F68073134010
:10B9C000294A127813430B60274B1B780133DAB2F4
:10B9D000254B1A70244B1B78032BDED9234B214AAD
:10B9E00012781A601F4B00221A701A4B08221A7024
:10B9F0001F4B4FF404421A60164B1B78082B03D1DF
:10BA0000154B41F210021A801549154B1B68124A5A
:10BA100012885A404BF6BF7313400B600AE0154B77
:10BA20001B689AB2144B1A80134B1B881BB2002B55
:10BA3000FFF648AC0837BD4680BD00BF5A0900205C
:10BA400080600040B647002084600040886000406D
:10BA50008C60004062090020C80B00200460004098
:10BA6000005C004063090020684700204C5C0040F7
:10BA70000C600040445C00405809002080B500AFD5
:10BA80000A4B1B689AB20A4B1A80094B1B881BB2DF
:10BA9000002B01DAFFF712FC054B1B8803F48063CF
:10BAA000002B01D0FFF742FA00BF80BD445C00408C
:10BAB000580900200B4B19680B4A126891420AD0B2
:10BAC000EFF3098020E9F00F08601A601068B0E811
:10BAD000F00F80F30988054B002018704EF0040E1B
:10BAE000704700BF200600201C060020050500202E
:10BAF00080B487B000AFF860B9607A60FB687B61A2
:10BB0000BB683B610CE03B691A687B691A607B6922
:10BB100004337B613B6904333B617B68043B7B609E
:10BB20007B68032BEFD807E07B695A1C7A613A697E
:10BB3000511C396112781A707B685A1E7A60002B8A
:10BB4000F2D100BF1C37BD4680BC704780B487B0BF
:10BB500000AFF860B9607A60FB687B6105E07B69E3
:10BB60005A1C7A61BA68D2B21A707B685A1E7A601F
:10BB7000002BF4D100BF1C37BD4680BC704780B499
:10BB800089B000AFF860B9607A60FB68FB61BB68A0
:10BB9000BB6100237B6100BF7B685A1E7A60002B6B
:10BBA0000DD0FB695A1CFA611B781946BB695A1CF7
:10BBB000BA611B78CB1A7B617B69002BECD07B6967
:10BBC00018462437BD4680BC704780B483B000AFB0
:10BBD0007860396002E07B6801337B607B681B78AA
:10BBE000002B05D07B681B781A463B689A42F2D13D
:10BBF0007B681B7818460C37BD4680BC704780B503
:10BC000084B000AF78607B681B79002B38D07B68EC
:10BC10001B6BFB607B6858787B6803F13401012360
:10BC2000FA6802F0B3FF0346002B01D0012328E09D
:10BC30007B6800221A717B685A6AFB689A421FD897
:10BC40007B685A6A7B68DB691A44FB689A4217D999
:10BC50007B68DB78BB6010E07B68DB69FA681344C3
:10BC6000FB607B6858787B6803F134010123FA6834
:10BC700002F08CFFBB68013BBB60BB68012BEBD8BB
:10BC8000002318461037BD4680BD80B582B000AF96
:10BC9000786039607B681A6B3B689A4218D0786884
:10BCA000FFF7ADFF0346002B01D0012311E07B68B5
:10BCB00058787B6803F1340101233A6802F0FAFEF8
:10BCC0000346002B01D0012303E07B683A681A6326
:10BCD000002318460837BD4680BD000080B584B0FB
:10BCE00000AF78607868FFF78AFF0346FB73FB7B41
:10BCF000002B4AD17B681B78032B3AD17B685B7998
:10BD0000002B36D07B6800221A637B6834334FF4F3
:10BD1000007200211846FFF719FF7B68343303F5E2
:10BD2000FF734AF655221A807B683433194A1A6029
:10BD30007B68343303F5F273174A1A607B68343337
:10BD400003F5F4737A6812691A607B68343303F57B
:10BD5000F6737A68D2681A607B6858787B6803F15A
:10BD600034017B685A69012302F010FF7B680022CE
:10BD70005A717B685B7800220021184602F082FF2E
:10BD80000346002B01D00123FB73FB7B18461037C1
:10BD9000BD4680BD525261417272416180B483B030
:10BDA00000AF786039603B68023B3B607B689B6911
:10BDB0009A1E3B689A4201D8002308E07B689B7872
:10BDC0001A463B6803FB02F27B68DB6A13441846A1
:10BDD0000C37BD4680BC704780B586B000AF786038
:10BDE00039603B68012B04D97B689A693B689A42A9
:10BDF00001D8012384E07B681B78022B45D0032BFC
:10BE00005BD0012B7AD13B687B617B695B087A69E7
:10BE100013447B617B685A6A7B695B0A1344194649
:10BE20007868FFF732FF0346002B60D17B69C3F3CC
:10BE300008037A68134493F834303B617B6901331B
:10BE40007B617B685A6A7B695B0A13441946786890
:10BE5000FFF71BFF0346002B4BD17B69C3F308039D
:10BE60007A68134493F834301B021A463B69134333
:10BE70003B613B6803F00103002B02D03B691B09C7
:10BE80003EE03B69C3F30B033AE07B685A6A3B68C8
:10BE90001B0A134419467868FFF7F7FE0346002B88
:10BEA00029D13B685B0003F4FF7330337A68134495
:10BEB0000433FB60FB681B8822E07B685A6A3B689E
:10BEC000DB09134419467868FFF7DFFE0346002BB1
:10BED00013D13B689B0003F4FE7330337A6813443C
:10BEE0000433FB60FB681B6823F0704308E000BF6D
:10BEF00004E000BF02E000BF00E000BF4FF0FF33EE
:10BF000018461837BD4680BD80B588B000AFF860D0
:10BF1000B9607A60BB68012B04D9FB689A69BB6879
:10BF20009A4202D80223FB77C0E0FB681B78022B01
:10BF300071D0032B00F08B80012B40F0AA80BB68EE
:10BF4000BB61BB695B08BA691344BB61FB685A6A91
:10BF5000BB695B0A13441946F868FFF796FE03466F
:10BF6000FB77FB7F002B40F09780BB69C3F308038E
:10BF70003033FA68134404337B61BB6803F0010378
:10BF8000002B0DD07B691B785BB203F00F035AB214
:10BF90007B68DBB21B015BB213435BB2DBB201E037
:10BFA0007B68DBB27A691370BB690133BB61FB68E4
:10BFB00001221A71FB685A6ABB695B0A134419466D
:10BFC000F868FFF762FE0346FB77FB7F002B65D125
:10BFD000BB69C3F308033033FA68134404337B614D
:10BFE000BB6803F00103002B03D07B681B09DBB2A5
:10BFF0000EE07B691B785BB223F00F035AB27B68BB
:10C000001B0A5BB203F00F035BB213435BB2DBB2FC
:10C010007A69137047E0FB685A6ABB681B0A1344CD
:10C020001946F868FFF731FE0346FB77FB7F002BCC
:10C0300036D1BB685B0003F4FF733033FA681344F6
:10C0400004337B617B689AB27B691A802BE0FB68C2
:10C050005A6ABB68DB0913441946F868FFF715FEF6
:10C060000346FB77FB7F002B1CD1BB689B0003F4CE
:10C07000FE733033FA68134404337B617B691B68B9
:10C0800003F070437A6813437B607B697A681A60B7
:10C0900009E00223FB7706E000BF04E000BF02E0F6
:10C0A00000BF00E000BFFB6801221A71FB7F184649
:10C0B0002037BD4680BD80B584B000AF7860396060
:10C0C0003B68012B04D97B689A693B689A4202D885
:10C0D0000223FB7339E00023FB732DE03968786895
:10C0E000FFF77AFEB860BB68002B2BD0BB68012B32
:10C0F00002D10223FB7328E0BB68B3F1FF3F02D1FA
:10C100000123FB7321E0002239687868FFF7FCFE09
:10C110000346FB73FB7B002B16D17B681B69B3F1D5
:10C12000FF3F07D07B681B695A1C7B681A617B68DC
:10C1300001225A71BB683B607B689A693B689A42EE
:10C14000CCD802E000BF00E000BFFB7B18461037F0
:10C15000BD4680BD80B586B000AF786039603B6871
:10C16000002B0DD17B68DB683B613B69002B04D061
:10C170007B689A693B699A4215D801233B6112E0BA
:10C1800039687868FFF728FEB860BB68012B01D8D2
:10C19000012364E07B689A69BB689A4201D9BB6855
:10C1A0005DE03B683B613B697B617B6901337B619F
:10C1B0007B689A697B699A4207D802237B617A6916
:10C1C0003B699A4201D9002349E079697868FFF711
:10C1D00003FEB860BB68002B0ED0BB68B3F1FF3F15
:10C1E00002D0BB68012B01D1BB6838E07A693B699A
:10C1F0009A42DAD1002332E000BF6FF070427969D1
:10C200007868FFF781FE0346FB73FB7B002B09D1A7
:10C210003B68002B06D07A6939687868FFF774FEAE
:10C220000346FB73FB7B002B10D17B687A69DA60D5
:10C230007B681B69B3F1FF3F10D07B681B695A1EF6
:10C240007B681A617B6801225A7107E0FB7B012B36
:10C2500002D14FF0FF3300E001237B617B69184678
:10C260001837BD4680BD80B584B000AF78600B46FE
:10C270007B807B687A88DA807B689B68FB60FB68E0
:10C28000012B05D07B681B689A69FB689A4201D82C
:10C29000022366E0FB68002B08D17B681B681B78D3
:10C2A000032B03D17B681B689B6AFB60FB68002B38
:10C2B00014D17B68FA68DA607B681B681B897A880E
:10C2C0009A4201D302234CE07B681B689B6A7A8800
:10C2D000120992B21A447B681A6136E07B681B68C7
:10C2E0009B789BB21B017B811BE07B681B68F96814
:10C2F0001846FFF771FDF860FB68B3F1FF3F01D10D
:10C3000001232EE0FB68012B05D97B681B689A6925
:10C31000FB689A4201D8022323E07A887B89D31AEA
:10C320007B807A887B899A42DFD27B68FA68DA6000
:10C330007B681B68F9681846FFF730FD02467B886A
:10C340001B099BB21A447B681A617B681B6803F166
:10C3500034027B8803F00F035B011A447B685A6147
:10C36000002318461037BD4680BD90B585B000AF9C
:10C37000786039607B68DB8801333B813B89002B27
:10C3800003D07B681B69002B01D10423BBE03B89F0
:10C3900003F00F039BB2002B40F0A6807B681B6963
:10C3A0005A1C7B681A617B68DB68002B08D17B68AC
:10C3B0001B681B893A899A42C0F096800423A2E048
:10C3C0003B891B099BB21A467B681B689B78013B23
:10C3D0001340002B40F088807B681A687B68DB681C
:10C3E00019461046FFF7F8FCF860FB68012B01D8EE
:10C3F000022388E0FB68B3F1FF3F01D1012382E013
:10C400007B681B689A69FB689A4261D83B68002B7D
:10C4100001D1042377E07B681A687B68DB681946E2
:10C420001046FFF797FEF860FB68002B01D1072349
:10C4300069E0FB68012B01D1022364E0FB68B3F1E2
:10C44000FF3F01D101235EE07B681B681846FFF7C0
:10C45000D6FB0346002B01D0012354E07B681B6808
:10C4600034334FF4007200211846FFF76FFB7B68EE
:10C470001C687B681B68F9681846FFF78FFC034649
:10C4800023630023FB7215E07B681B6801221A718D
:10C490007B681B681846FFF7B2FB0346002B01D0F0
:10C4A000012330E07B681B681A6B01321A63FB7A48
:10C4B0000133FB727B681B689B78FA7A9A42E3D35C
:10C4C0007B681B687A681268116BFA7A8A1A1A6399
:10C4D0007B68FA68DA607B681B68F9681846FFF7C2
:10C4E0005DFC02467B681A617B683A89DA807B686A
:10C4F0001B6803F134023B8903F00F035B011A440C
:10C500007B685A61002318461437BD4690BD80B53C
:10C5100084B000AF7860396000217868FFF7A3FE2F
:10C520000346FB73FB7B002B2DD10023BB607B6894
:10C530001A687B681B6919461046FFF7A6FB03467D
:10C54000FB73FB7B002B1DD17B685B691B78E52BA4
:10C5500004D07B685B691B78002B07D1BB68013373
:10C56000BB60BA683B689A4202D10CE00023BB6012
:10C5700001217868FFF7F9FE0346FB73FB7B002B74
:10C58000D5D000E000BFFB7B18461037BD4680BD0C
:10C5900080B485B000AF786039603B681A331B887F
:10C5A000FB607B681B78032B06D13B6814331B8828
:10C5B0001B04FA681343FB60FB6818461437BD463A
:10C5C00080BC704780B483B000AF786039607B680E
:10C5D0001A333A6892B21A807B6814333A68120CA4
:10C5E00092B21A8000BF0C37BD4680BC704780B540
:10C5F00086B000AF786000217868FFF734FE03460C
:10C60000FB75FB7D002B01D0FB7D37E07B681A6852
:10C610007B681B6919461046FFF737FB0346FB751D
:10C62000FB7D002B26D17B685B693B613B691B78F6
:10C63000FB73FB7B002B02D10423FB751DE03B69E0
:10C640000B331B7803F00803002B09D17B689B692F
:10C650000B2219463869FFF792FA0346002B0BD0DC
:10C6600000217868FFF781FE0346FB75FB7D002BF8
:10C67000CCD002E000BF00E000BFFB7D18461837B9
:10C68000BD4680BD80B586B000AF786039600423B8
:10C69000FB753AE07B681A687B681B69194610468F
:10C6A000FFF7F3FA0346FB75FB7D002B32D17B6865
:10C6B0005B693B613B691B78FB73FB7B002B02D101
:10C6C0000423FB752BE03B690B331B7803F03F031E
:10C6D000BB73FB7BE52B0FD0FB7B2E2B0CD0BB7BE6
:10C6E0000F2B09D0BB7B082B0CBF01230023DBB22F
:10C6F0001A463B689A420FD000217868FFF735FE52
:10C700000346FB75FB7D002B08D17B681B69002B62
:10C71000C0D104E000BF02E000BF00E000BFFB7D2D
:10C72000002B02D07B6800221A61FB7D1846183767
:10C73000BD4680BD80B584B000AF786001217868C7
:10C74000FFF7E5FE0346FB73FB7B002B1FD17B68E5
:10C750001A687B681B6919461046FFF796FA03466C
:10C76000FB73FB7B002B12D17B685B6920220021CD
:10C770001846FFF7EBF97B6858697B689B690B22C9
:10C780001946FFF7B5F97B681B6801221A71FB7B1C
:10C7900018461037BD4680BD80B584B000AF7860C4
:10C7A0007B68DB8819467868FFF75DFD0346FB73FD
:10C7B000FB7B002B14D17B681A687B681B691946C8
:10C7C0001046FFF762FA0346FB73FB7B002B07D191
:10C7D0007B685B69E5221A707B681B6801221A710D
:10C7E000FB7B18461037BD4680BD000080B588B081
:10C7F00000AF786039603B681B68FB6002E0FB6853
:10C800000133FB60FB681B782F2BF8D0FB681B788B
:10C810005C2BF4D07B689B69BB600B222021B8683D
:10C82000FFF794F90023FB7700233B613B697B61B1
:10C830000823BB617B695A1C7A61FA6813441B7830
:10C84000BB77BB7F202B53D9BB7F2F2B50D0BB7F17
:10C850005C2B4DD0BB7F2E2B03D03A69BB699A422B
:10C860000FD3BB69082B02D1BB7F2E2B01D006232F
:10C8700073E008233B610B23BB61FB7F9B00FB77CD
:10C8800035E097F91E30002B08DAFB7F43F00303F5
:10C89000FB77BB7F803B334AD35CBB77BB7F1946BA
:10C8A0003148FFF792F90346002B01D0062354E0EC
:10C8B000BB7F402B07D9BB7F5A2B04D8FB7F43F0AB
:10C8C0000203FB770CE0BB7F602B09D9BB7F7A2B7F
:10C8D00006D8FB7F43F00103FB77BB7F203BBB7790
:10C8E0003B695A1C3A61BA681344BA7F1A70A1E7CF
:10C8F000FA687B691A443B681A60BB7F202B01D819
:10C90000042300E00023BB773B69002B01D1062301
:10C9100023E0BB681B78E52B02D1BB6805221A70A7
:10C92000BB69082B02D1FB7F9B00FB77FB7F03F0E9
:10C930000303012B03D1BB7F43F01003BB77FB7FC5
:10C9400003F00C03042B03D1BB7F43F00803BB7738
:10C95000BB680B33BA7F1A70002318462037BD46D8
:10C9600080BD00BFF4F5000874F6000880B489B0FB
:10C9700000AF786039603B680933BB617B681B6935
:10C98000002B57D07B685B693B613B691B7BFB736A
:10C990000023FB6114E03A69FB6913441B78FB75C3
:10C9A000FB7D202B10D0FB7D052B01D1E523FB75F2
:10C9B000BB695A1CBA61FA7D1A70FB690133FB61CD
:10C9C000FB69072BE7D900E000BF3B6908331B7800
:10C9D000202B1CD0BB695A1CBA612E221A70082366
:10C9E000FB610FE03A69FB6913441B78FB75FB7D23
:10C9F000202B0BD0BB695A1CBA61FA7D1A70FB69F7
:10CA00000133FB61FB690A2BECD900E000BF3B69F5
:10CA1000DA7A3B681A723B691C331A683B681A6001
:10CA20003B6918331A883B689A803B6916331A8829
:10CA30003B68DA80BB6900221A7000BF2437BD460C
:10CA400080BC704780B584B000AF786039603B68C7
:10CA50001B782F2B03D03B681B785C2B02D13B68E3
:10CA600001333B607B6800229A603B681B781F2B78
:10CA700009D800217868FFF7F6FB0346FB737B6853
:10CA800000225A6143E03B4619467868FFF7AEFE44
:10CA90000346FB73FB7B002B32D17868FFF7A7FDC1
:10CAA0000346FB737B689B69DB7ABB73FB7B002BC4
:10CAB0000AD0FB7B042B25D1BB7B03F00403002BA6
:10CAC00022D10523FB731FE0BB7B03F00403002B83
:10CAD0001CD17B685B69BB60BB680B331B7803F0C0
:10CAE0001003002B02D10523FB7310E07B681B6849
:10CAF000B9681846FFF74CFD02467B689A60C2E7AA
:10CB000000BF04E000BF02E000BF00E000BFFB7B0D
:10CB100018461037BD4680BD80B582B000AF786042
:10CB200039607B6858787B6803F1340101233A68E7
:10CB300001F0C0FF0346002B01D003231EE07B68F9
:10CB400003F232231B884AF65522934201D0022376
:10CB500014E07B686A331B6823F07F43094A9342E1
:10CB600001D100230AE07B6886331B6823F07F43F2
:10CB7000044A934201D1002300E0012318460837FC
:10CB8000BD4680BD4641540080B592B000AFF8600C
:10CB9000B9601346FB71FB681B683B630023FB62B3
:10CBA0003B6B02333B63FB683A6B1A60BB68002245
:10CBB0001A60A24AFB6A52F82330BB62BB6A002BA0
:10CBC00001D10C23B0E1BB68BA6A1A60BB6A1B785A
:10CBD000002B0FD0BB6A5B78184601F057FF034665
:10CBE00087F8273097F8273003F00103002B01D195
:10CBF000002399E1BB6A00221A70FB6ADAB2BB6AB1
:10CC00005A70BB6A5B78184601F068FE034687F8E5
:10CC1000273097F8273003F00103002B01D00323BE
:10CC200082E100233B64396CB86AFFF775FF034665
:10CC300087F8473097F84730012B25D1002387F834
:10CC4000463097F84630002B04D097F84630013B29
:10CC500087F8463097F846301B0103F5DF73303311
:10CC6000BA6A134404333B623B6A04331B78002BDB
:10CC70000AD03B6A08331B683B64396CB86AFFF71B
:10CC80004BFF034687F8473097F84730032B01D115
:10CC9000012349E197F84730002B01D00D2343E1F0
:10CCA000BB6A34330B331B88B3F5007F01D00D23EF
:10CCB0003AE1BB6A343316331B88FB63FB6B002BF2
:10CCC00004D1BB6A343324331B68FB63BB6AFA6B41
:10CCD000DA61BB6A93F84430FB77BB6AFA7FDA709B
:10CCE000FB7F012B04D0FB7F022B01D00D231BE126
:10CCF000FA7FFB6B02FB03F3FB63BB6A93F84130E3
:10CD0000FB77BB6AFA7F9A70FB7F002B05D0FA7F16
:10CD1000FB7F013B1340002B01D00D2304E1BB6AD4
:10CD2000343311331A88BB6A1A81BB6A1B8903F03A
:10CD30000F039BB2002B01D00D23F5E0BB6A343307
:10CD400013331B88BB63BB6B002B04D1BB6A34332A
:10CD500020331B68BB63BB6A34330E331B88BB8331
:10CD6000BB8B002B01D10D23DEE0BA8BFB6B134490
:10CD7000BA6A1289120992B21344BB61BA6BBB69D9
:10CD80009A4201D20D23CFE0BA6BBB69D31ABA6ABB
:10CD90009278B3FBF2F37B617B69002B01D10D2309
:10CDA000C2E0012387F847307B6940F6F572934271
:10CDB00002D9022387F847307B694FF6F572934218
:10CDC00002D9032387F847307B699A1CBB6A9A61B2
:10CDD000BB6A3A6C1A62BA8B3B6C1A44BB6A5A62E1
:10CDE0003A6CBB691A44BB6ADA6297F84730032B86
:10CDF00010D1BB6A1B89002B01D00D2394E0BB6AC4
:10CE000034332C331A68BB6A9A62BB6A9B699B00F5
:10CE10007B6321E0BB6A1B89002B01D10D2383E0DA
:10CE2000BB6A5A6AFB6B1A44BB6A9A6297F847302E
:10CE3000022B05D1BB6A9B695B000CE068090020EE
:10CE4000BB6A9A6913465B0013445A08BB6A9B6924
:10CE500003F0010313447B63BB6ADA697B6B03F263
:10CE6000FF135B0A9A4201D20D235DE0BB6A4FF0CB
:10CE7000FF321A61BB6A0022DA6097F84730032B51
:10CE80003DD1BB6A00225A71BB6A343330331B88F0
:10CE90001A463B6C1A44BB6A5A61BB6A5878BB6A33
:10CEA00003F13401BB6A5A69012301F003FE034612
:10CEB000002B24D1BB6A343303F5FF731B884AF679
:10CEC000552293421BD1BB6A34331B68184A9342E4
:10CED00015D1BB6A343303F5F2731B68154A9342CC
:10CEE0000DD1BB6A343303F5F6731A68BB6ADA6096
:10CEF000BB6A343303F5F4731A68BB6A1A61BB6A00
:10CF000097F847201A700C4B1B8801339AB20A4BD2
:10CF10001A80094B1A88BB6ADA80BB6A00221A633E
:10CF2000BB6A00221A71002318464837BD4680BDEF
:10CF300052526141727241616C09002080B584B027
:10CF400000AF78607B68FB60FB68002B0FD0FB684C
:10CF50001B68002B0BD0FB681B681B78002B06D0CE
:10CF6000FB681B68DA88FB689B889A4201D009231A
:10CF70000DE0FB681B685B78184601F087FD0346EF
:10CF800003F00103002B01D0032300E00023184627
:10CF90001037BD4680BD000080B485B000AF0346A9
:10CFA0003960FB71FB79002B01D00B2316E0FB7974
:10CFB0000D4A52F82330FB60FB68002B02D0FB685F
:10CFC00000221A703B68002B02D03B6800221A70C6
:10CFD000FB7905493A6841F82320002318461437A5
:10CFE000BD4680BC704700BF6809002080B592B084
:10CFF00000AFF860B9601346FB71FB68002B01D1EC
:10D000000923FAE0FB6800221A60FB7903F01F0392
:10D01000FB71FB7923F00103DAB207F11C0107F180
:10D0200008031846FFF7B0FD034687F8473097F826
:10D030004730002B40F0DF8007F110037B63BA68B4
:10D0400007F11C0311461846FFF7FCFC034687F85E
:10D0500047303B6B3B6497F84730002B05D13B6C66
:10D06000002B02D1062387F84730FB7903F01C031D
:10D07000002B6DD097F84730002B12D097F847302F
:10D08000042B07D107F11C031846FFF753FB034697
:10D0900087F84730FB7943F00803FB713B6B3B6437
:10D0A00012E03B6C0B331B7803F01103002B03D011
:10D0B000072387F8473007E0FB7903F00403002BD0
:10D0C00002D0082387F8473097F84730002B5DD10E
:10D0D000FB7903F00803002B58D0FDF7FFF9F86344
:10D0E0003B6C0E33FA6B1A603B6C0B3300221A70E8
:10D0F0003B6C1C3300221A60FB69396C1846FFF741
:10D1000047FAB8630021386CFFF75CFAFB6901222B
:10D110001A71BB6B002B39D0FB691B6BFB63FB697E
:10D12000B96B1846FEF7C7FF034687F8473097F8F4
:10D130004730002B2AD1FB69BA6B013ADA60FB69F0
:10D14000F96B1846FEF7A1FD034687F847301DE04E
:10D1500097F84730002B19D13B6C0B331B7803F049
:10D160001003002B03D0042387F847300EE0FB792F
:10D1700003F00203002B09D03B6C0B331B7803F048
:10D180000103002B02D0072387F8473097F8473078
:10D19000002B0FD1FB7903F00803002B03D0FB79A0
:10D1A00043F02003FB71FB691A6BFB68DA61FB68D3
:10D1B0003A6C1A6297F84730002B1CD1FB68FA7959
:10D1C0009A71FB69396C1846FFF7E2F90246FB6871
:10D1D0001A613B6C1C331A68FB68DA60FB6800223A
:10D1E0009A60FB6800229A61FA69FB681A60FB6921
:10D1F000DA88FB689A8097F8473018464837BD466A
:10D2000080BD80B58CB000AFF860B9607A603B60DB
:10D21000BB683B623B6800221A60F868FFF78EFE2D
:10D220000346FB77FB7F002B01D0FB7F0DE1FB6802
:10D230009B795BB2002B01DA022306E1FB689B7944
:10D2400003F00103002B01D10723FEE0FB68DA683D
:10D25000FB689B68D31ABB617A68BB699A4240F24B
:10D26000EF80BB697B60EBE0FB689B68C3F308035E
:10D27000002B40F0A280FB689B685B0ADAB2FB6877
:10D280001B689B78013BDBB21340FB75FB7D002BD9
:10D290002CD1FB689B68002B03D1FB681B69FB62E8
:10D2A00008E0FB681A68FB685B6919461046FEF7E0
:10D2B00093FDF862FB6A012B08D8FB689B7963F049
:10D2C0007F03DAB2FB689A710223BEE0FB6AB3F116
:10D2D000FF3F08D1FB689B7963F07F03DAB2FB68FC
:10D2E0009A710123B1E0FB68FA6A5A61FB681A6817
:10D2F000FB685B6919461046FEF750FD38613B69D3
:10D30000002B08D1FB689B7963F07F03DAB2FB68DE
:10D310009A71022399E0FB7D3A6913443B617B6873
:10D320005B0A7B627B6A002B44D0FA7D7B6A1344E4
:10D33000FA6812689278934206D9FB681B689B785A
:10D340001A46FB7DD31A7B62FB681B6858787B6AA0
:10D35000DBB23A69396A01F0ADFB0346002B08D015
:10D36000FB689B7963F07F03DAB2FB689A71012353
:10D370006BE0FB681B681B79002B17D0FB681B68F0
:10D380001A6B3B69D21A7B6A9A420FD2FB681B6800
:10D390001A6B3B69D31A5B023A6AD018FB681B68A8
:10D3A00034334FF400721946FEF7A2FB7B6A5B022E
:10D3B000BB6231E0FB683A699A61FB689B68C3F322
:10D3C0000803C3F50073BB62BA6A7B689A4201D94D
:10D3D0007B68BB62FB681A68FB689B69194610464C
:10D3E000FEF753FC0346002B08D0FB689B7963F0E3
:10D3F0007F03DAB2FB689A71012326E0FB681A68A2
:10D40000FB689B68C3F30803303313440433BA6AE0
:10D410001946386AFEF76CFB3A6ABB6A13443B62F2
:10D42000FB689A68BB6A1A44FB689A603B681A6892
:10D43000BB6A1A443B681A607A68BB6AD31A7B607D
:10D440007B68002B7FF410AF002318463037BD46B1
:10D4500080BD80B58AB000AFF860B9607A603B608B
:10D46000BB68BB613B6800221A60F868FFF766FD85
:10D470000346FB75FB7D002B01D0FB7D66E1FB685D
:10D480009B795BB2002B01DA02235FE1FB689B7999
:10D4900003F00203002B01D1072357E1FB68DA6890
:10D4A0007B681A44FB68DB689A4280F0378100236E
:10D4B0007B6033E1FB689B68C3F30803002B40F0FB
:10D4C000E680FB689B685B0ADAB2FB681B689B78A6
:10D4D000013BDBB21340BB75BB7D002B3DD1FB682C
:10D4E0009B68002B10D1FB681B697B627B6A002B59
:10D4F00013D1FB681B6800211846FEF72BFE7862EB
:10D50000FB687A6A1A6108E0FB681A68FB685B6965
:10D5100019461046FEF71EFE78627B6A002B00F06B
:10D5200002817B6A012B08D1FB689B7963F07F0342
:10D53000DAB2FB689A71022308E17B6AB3F1FF3F1C
:10D5400008D1FB689B7963F07F03DAB2FB689A71BC
:10D550000123FBE0FB687A6A5A61FB681B681A6B5F
:10D56000FB689B699A4210D1FB681B681846FEF75E
:10D5700046FB0346002B08D0FB689B7963F07F03D2
:10D58000DAB2FB689A710123E0E0FB681A68FB6875
:10D590005B6919461046FEF701FC38613B69002BB8
:10D5A00008D1FB689B7963F07F03DAB2FB689A715C
:10D5B0000223CBE0BB7D3A6913443B617B685B0A85
:10D5C000FB61FB69002B44D0BA7DFB691344FA6808
:10D5D00012689278934206D9FB681B689B781A46BA
:10D5E000BB7DD31AFB61FB681B685878FB69DBB213
:10D5F0003A69B96901F0CAFA0346002B08D0FB6802
:10D600009B7963F07F03DAB2FB689A7101239DE096
:10D61000FB681B681A6B3B69D21AFB699A4214D2E9
:10D62000FB681B6803F13400FB681B681A6B3B69DD
:10D63000D31A5B02BA6913444FF400721946FEF71D
:10D6400057FAFB681B6800221A71FB695B023B6298
:10D6500050E0FB689A68FB68DB689A4214D3FB6869
:10D660001B681846FEF7CBFA0346002B08D0FB6870
:10D670009B7963F07F03DAB2FB689A71012365E05E
:10D68000FB681B683A691A63FB683A699A61FB6830
:10D690009B68C3F30803C3F500733B623A6A7B6877
:10D6A0009A4201D97B683B62FB681A68FB689B69F8
:10D6B00019461046FEF7E9FA0346002B08D0FB682E
:10D6C0009B7963F07F03DAB2FB689A7101233DE036
:10D6D000FB681A68FB689B68C3F308033033134484
:10D6E00004333A6AB9691846FEF702FAFB681B6808
:10D6F00001221A71BA693B6A1344BB61FB689A68DC
:10D700003B6A1A44FB689A603B681A683B6A1A4491
:10D710003B681A607A683B6AD31A7B607B68002B8F
:10D720007FF4C8AE00E000BFFB689A68FB68DB6866
:10D730009A4203D9FB689A68FB68DA60FB689B79B8
:10D7400043F02003DAB2FB689A71002318462837A9
:10D75000BD4680BD80B586B000AF78607868FFF7C1
:10D76000EDFB0346FB75FB7D002B46D17B689B7967
:10D7700003F02003002B40D07B681A687B68DB69CC
:10D7800019461046FEF781FA0346FB75FB7D002B18
:10D7900033D17B681B6A3B613B690B333A690B32BF
:10D7A000127842F02002D2B21A703B691C337A68B8
:10D7B000D2681A607B681B6919463869FEF702FF58
:10D7C000FCF78CFEF8603B691633FA681A603B6917
:10D7D000123300221A807B689B7923F02003DAB28F
:10D7E0007B689A717B681B6801221A717B681B68D1
:10D7F0001846FEF773FA0346FB75FB7D184618378B
:10D80000BD4680BD80B584B000AF78607868FFF712
:10D81000A1FF0346FB73FB7B002B02D17B68002238
:10D820001A60FB7B18461037BD4680BD80B588B0B6
:10D8300000AF786039607868FFF780FB0346FB75BE
:10D84000FB7D002B01D0FB7D01E17B689B795BB206
:10D85000002B01DA0223FAE07B68DA683B689A421F
:10D8600008D27B689B7903F00203002B02D17B680E
:10D87000DB683B607B689B683B610023BB617B6826
:10D88000BA699A603B68002B00F0C1807B681B6816
:10D890009B785B02FB603B69002B1BD03B685A1EE8
:10D8A000FB68B2FBF3F23B69591EFB68B1FBF3F373
:10D8B0009A420FD33B695A1EFB685B421A407B6851
:10D8C0009A607B689B683A68D31A3B607B685B69A7
:10D8D000FB612BE07B681B69FB61FB69002B22D19C
:10D8E0007B681B6800211846FEF734FCF861FB6971
:10D8F000012B08D17B689B7963F07F03DAB27B68E8
:10D900009A710223A3E0FB69B3F1FF3F08D17B6862
:10D910009B7963F07F03DAB27B689A71012396E00A
:10D920007B68FA691A617B68FA695A61FB69002BA6
:10D930006DD045E07B689B7903F00203002B0CD08F
:10D940007B681B68F9691846FEF704FCF861FB69FF
:10D95000002B09D1FB683B6036E07B681B68F969E6
:10D960001846FEF739FAF861FB69B3F1FF3F08D1B9
:10D970007B689B7963F07F03DAB27B689A7101233D
:10D9800065E0FB69012B05D97B681B689A69FB6917
:10D990009A4208D87B689B7963F07F03DAB27B6890
:10D9A0009A71022353E07B68FA695A617B689A682E
:10D9B000FB681A447B689A603A68FB68D31A3B603C
:10D9C0003A68FB689A42B5D87B689A683B681A4403
:10D9D0007B689A603B68C3F30803002B17D07B6811
:10D9E0001B68F9691846FEF7D9F9B861BB69002BC5
:10D9F00008D17B689B7963F07F03DAB27B689A7108
:10DA0000022324E03B685B0ABA691344BB617B686C
:10DA10009B68C3F30803002B07D07B689A69BB6936
:10DA20009A4202D07B68BA699A617B689A687B687F
:10DA3000DB689A420AD97B689A687B68DA607B68FF
:10DA40009B7943F02003DAB27B689A71FB7D18461C
:10DA50002037BD4680BD80B588B000AF78603960A2
:10DA600079683B4600221846FFF78EF80346FB779D
:10DA70007B681B68BB61FB7F002B3ED17B6807F195
:10DA80000C029A613B6819467868FEF7DBFF034693
:10DA9000FB77FB7F002B24D17B685B69002B13D0C5
:10DAA0007B685B690B331B7803F01003002B09D0F4
:10DAB0007B685B691946B869FEF76AFD02467B68B8
:10DAC0009A6001E00523FB77FB7F002B09D1BB693E
:10DAD000DA887B689A8000217868FEF7C4FB0346E9
:10DAE000FB77FB7F042B01D10523FB77FB7F002B0A
:10DAF00006D07B6800221A6002E07B6800221A6070
:10DB0000FB7F18462037BD4680BD80B586B000AF8C
:10DB1000786039607868FFF711FA0346FB75FB7D82
:10DB2000002B30D13B68002B06D100217868FEF72E
:10DB30009AFB0346FB7526E07B6807F108029A61B1
:10DB400000217868FEF79EFD0346FB75FB7D042BE4
:10DB500004D17B6800221A610023FB75FB7D002B3A
:10DB600011D139687868FEF701FF00217868FEF767
:10DB7000FCFB0346FB75FB7D042B04D17B68002274
:10DB80001A610023FB75FB7D18461837BD4680BD22
:10DB900080B596B000AF786007F130013B1D0122DF
:10DBA0001846FEF7F1FF034687F8573097F85730CD
:10DBB000002B40F0908007F10803BB647A6807F1FE
:10DBC000300311461846FEF73DFF034687F85730ED
:10DBD00097F85730002B7ED17B6C3B653B6D002B5B
:10DBE00003D1062387F8573009E03B6D0B331B78D0
:10DBF00003F00103002B02D0072387F857303B6B5B
:10DC0000396D1846FEF7C4FCF86497F85730002BBE
:10DC10003BD13B6D0B331B7803F01003002B34D04A
:10DC2000FB6C012B03D8022387F857302DE007F156
:10DC3000300107F114031C221846FDF759FFFB6C55
:10DC4000FB6107F1140302211846FEF70CFB0346A3
:10DC500087F8573097F85730002B16D107F1140387
:10DC600000211846FEF70EFD034687F8573097F857
:10DC70005730002B02D1072387F8573097F85730D9
:10DC8000042B02D1002387F8573097F85730002B28
:10DC900021D107F130031846FEF77EFD034687F8D1
:10DCA000573097F85730002B15D1FB6C002B07D05D
:10DCB0003B6BF96C1846FEF7FEF9034687F85730C0
:10DCC00097F85730002B06D13B6B1846FEF706F845
:10DCD000034687F8573097F8573018465837BD46EF
:10DCE00080BD80B592B000AF7860FCF7F7FBB863F9
:10DCF00007F114013B1D01221846FEF745FF0346BC
:10DD000087F8473097F84730002B40F0DC8007F168
:10DD10000803FB627A6807F1140311461846FEF700
:10DD200091FE034687F8473097F84730002B02D121
:10DD3000082387F8473097F84730042B40F0C3801A
:10DD40007B6900211846FEF705FA7863002387F8FF
:10DD500047307B6B002B02D1072387F847307B6B62
:10DD6000012B02D1022387F847307B6BB3F1FF3FD1
:10DD700002D1012387F8473097F84730002B06D1AE
:10DD80007B691846FDF73BFF034687F8473097F855
:10DD90004730002B69D17B69796B1846FDF7FEFF90
:10DDA00038647B6934333B634FF400720021386B75
:10DDB000FDF7CCFE0B222021386BFDF7C7FE3B6B35
:10DDC0002E221A703B6B0B3310221A703B6B1633EA
:10DDD000BA6B1A60796B386BFEF7F4FB3B6B203340
:10DDE0002022396B1846FDF783FE3B6B21332E2230
:10DDF0001A70FB69FB637B691B78032B06D17B6977
:10DE00009A6AFB6B9A4201D10023FB633B6B203380
:10DE1000F96B1846FEF7D6FB7B699B7887F846308E
:10DE20001DE07A693B6C591C396413637B690122DC
:10DE30001A717B691846FDF7E2FE034687F8473002
:10DE400097F84730002B0FD14FF400720021386B48
:10DE5000FDF77CFE97F84630013B87F8463097F88F
:10DE60004630002BDDD100E000BF97F84730002B93
:10DE700007D107F114031846FEF75CFC034687F848
:10DE8000473097F84730002B05D07B69796B1846EF
:10DE9000FEF711F917E0BB6A3B633B6B0B331022B3
:10DEA0001A703B6B1633BA6B1A60796B386BFEF7DE
:10DEB00089FB7B6901221A717B691846FDF70EFF09
:10DEC000034687F8473097F8473018464837BD462D
:10DED00080BD90B59DB000AF7860396007F1480112
:10DEE0003B1D01221846FEF74FFE034687F86F30B0
:10DEF00097F86F30002B40F0C280BB6CFB6207F1DB
:10DF000008033B667A6807F1480311461846FEF796
:10DF100099FD034687F86F3097F86F30002B40F07B
:10DF2000AE80FB6D002B03D1042387F86F30A6E091
:10DF3000FB6D03F10B0107F1140315221846FDF7E1
:10DF4000D7FD07F1480107F12C031C221846FDF705
:10DF5000CFFD3B689A1C07F12C0311461846FEF7CB
:10DF600071FD034687F86F3097F86F30002B02D1B0
:10DF7000082387F86F3097F86F30042B7FD107F1B3
:10DF80002C031846FEF7D6FB034687F86F3097F848
:10DF90006F30002B73D13B6CBB66BB6E03F10D0081
:10DFA00007F11403023313221946FDF7A1FDBB6EDE
:10DFB0000B333A7D42F02002D2B21A70BB6C0122C0
:10DFC0001A713A6D7B6B9A4242D0BB6E0B331B7851
:10DFD00003F01003002B3BD0BC6CBB6CB96E184631
:10DFE000FEF7D6FA034619462046FDF7D7FE7866B7
:10DFF0007B6E002B03D1022387F86F3028E0BB6CC7
:10E00000796E1846FDF741FE034687F86F30BB6C0A
:10E0100034332033BB6697F86F30002B18D1BB6EBA
:10E0200001331B782E2B13D1BB6C1B78032B04D12F
:10E030007A6BBB6C9B6A9A4201D07B6B00E0002339
:10E040007B66796EB86EFEF7BDFABB6C01221A7161
:10E0500097F86F30002B12D107F148031846FEF7EE
:10E060009BFB034687F86F3097F86F30002B06D183
:10E07000BB6C1846FDF732FE034687F86F3097F801
:10E080006F3018467437BD4690BD90B587B000AF6D
:10E09000F860B9601346FB71FB79FB7514E0BB684F
:10E0A000DBB203F00F03BB75FB7D013BFA68D418AC
:10E0B000BB7D1846F6F765FD03462370BB681B0958
:10E0C000BB60FB7D013BFB75FB7D002BE7D100BFF7
:10E0D0001C37BD4690BD000080B586B000AFBA6069
:10E0E0007B600346FB810B467B730023FB7507E0D7
:10E0F000FB7D7A68134400221A70FB7D0133FB75A7
:10E10000FB7D0C2BF4D9FB897A7B19467868FFF7E5
:10E11000BCFF396A786AFFF79EFC0346BB75BB7D7E
:10E12000002B50D1B96A786AFFF7EFFC0346BB7544
:10E130000023FB7502E0FB7D0133FB75FB7DBA6AB2
:10E1400013445A7AFB7D79680B441B789A4202D1BA
:10E15000FB7D0B2BEFD9BB6A1B7A03F02003002B4E
:10E1600003D0FA7D7B7B9A4203D2BB6A5B7A002B99
:10E17000D8D1FA7D7B7B9A4225D10023FB7507E03D
:10E18000FB7DBA68134400221A70FB7D0133FB75D6
:10E19000FB7D212BF4D9396AB86800F0FBFFB86821
:10E1A00001F076F803461A46BB68134408491A463C
:10E1B0000B461B881380BB6A09331946B86800F008
:10E1C000E9FF012300E0002318461837BD4680BD53
:10E1D00094F6000880B586B000AFF860B9607A6048
:10E1E0003B6032497868FFF736FC03467B757B7DE0
:10E1F000002B57D139687868FFF787FC03467B7599
:10E200000123FB750023BB750EE0BB7D3A68134408
:10E210005A7ABB7DF9680B441B789A4201D00023DF
:10E22000FB75BB7D0133BB75BB7D0C2B05D8BB7D5E
:10E230003A6813445B7A002BE7D13B681B7A03F002
:10E240001003002B02D0FB7D002B03D13B685B7ACF
:10E25000002BCFD10023BB7507E0BB7DBA68134408
:10E2600000221A70BB7D0133BB75BB7D172BF4D91F
:10E2700006220E49B86800F0EDFEFB7D012B11D19E
:10E28000B86801F005F803461A46BB68134408490C
:10E290001A460B461B8813803B6809331946B86839
:10E2A00000F078FF00BF1837BD4680BD98F6000823
:10E2B00094F6000880B483B000AF78600B467B8092
:10E2C00013467B707B78002B08D07B689B889AB2C2
:10E2D0007B8813439AB27B689A8009E07B689B88AD
:10E2E0009AB27B88DB439BB213409AB27B689A80D8
:10E2F00000BF0C37BD4680BC704780B483B000AF10
:10E3000078607B689B899BB218460C37BD4680BC01
:10E31000704780B485B000AF78600B467B800023E7
:10E32000FB737B681B899AB27B8813409BB2002BDE
:10E3300002D00123FB7301E00023FB73FB7B184633
:10E340001437BD4680BC704780B400AF0C4A0C4BFC
:10E350009B6943F0080393610A490A4B1A684FF618
:10E36000F07313400B600749064B1A68064B1343C2
:10E370000B60044BF1225A6100BFBD4680BC704760
:10E3800000100240000C01400400444480B483B0FB
:10E3900000AF0346FB710A4BFA7992B29A8100BF33
:10E3A000074B1B899BB203F00103002BF8D0044BF1
:10E3B0009B899BB2DBB218460C37BD4680BC7047C8
:10E3C0000030014080B500AFFF20FFF7DFFF0346BC
:10E3D000184680BD80B582B000AF0A4B32221A6069
:10E3E000FFF7F0FFFFF7EEFF0346FB71FB79FF2B12
:10E3F00003D0044B1B68002BF4D1FB791846083777
:10E40000BD4680BD7409002080B500AFFFF7DAFF7C
:10E4100000BF80BD80B586B000AF0346B9607A60AA
:10E42000FB734FF6FF73BB826349634B1A684FF669
:10E43000FE7313400B60604B00221A605E4B00229B
:10E440005A605D4B00229A605B4B0022DA605B4AA7
:10E450005A4B5B6843F0F00353605949584B1A68B4
:10E460004FF6FE7313400B60554B00221A60544B5D
:10E4700000225A60524B00229A60514B0022DA600F
:10E480004E4A4E4B5B6843F470635360FB7B002B3A
:10E4900031D0494A484B1B6823F4FF4323F07003F3
:10E4A0001360454A444B1B6843F442531360424A8D
:10E4B0007B685360404B434A9A603F4ABB68D360D5
:10E4C0003F4A3F4B1B6823F4FF4323F07003136064
:10E4D0003B4A3B4B1B6843F4405343F0100313602B
:10E4E000374A7B685360364B364A9A60344A07F1A4
:10E4F0001403D36030E0304A2F4B1B6823F4FF43F2
:10E5000023F0700313602C4A2B4B1B6843F44053D9
:10E510001360294A7B685360274B2A4A9A60264A2F
:10E5200007F11403D360264A254B1B6823F4FF43ED
:10E5300023F070031360224A214B1B6843F44253BB
:10E5400043F0100313601E4A7B6853601C4B1D4A46
:10E550009A601B4ABB68D360174A174B1B6843F08D
:10E5600001031360164A164B1B6843F00103136046
:10E57000012203211448FFF79DFE00BF0F4B1B68CB
:10E5800003F02003002BF9D00B490B4B1A684FF610
:10E59000FE7313400B600A49094B1A684FF6FE736D
:10E5A00013400B60002203210748FFF783FE00BFE2
:10E5B0001837BD4680BD00BF1C000240000002406D
:10E5C000300002400C3001400030014080B582B084
:10E5D00000AF394A384B9B6943F008039361364AD0
:10E5E000354B9B6943F480539361344B19221A6075
:10E5F00000BF324B1B68002BFBD1314A304B1B68EC
:10E6000023F4706313602E4A2D4B1B6843F4407350
:10E6100013602C4A2B4B1B68C3F313031360294A66
:10E62000284B1B6843F0384343F430031360254BF9
:10E6300040221A61244B1B88FB80FB8823F4B053D3
:10E6400023F00C03FB80FB8843F44F73FB801E4ACE
:10E65000FB8813801C4A1C4B9B8B9BB223F40063EA
:10E660009BB29383184B07221A82174A164B1B88BA
:10E670009BB223F400539BB21380134A124B1B88A6
:10E680009BB243F040039BB2138000BF02210E48AF
:10E69000FFF73FFE0346002BF8D00B48FFF72DFE97
:10E6A0000346DBB27B7101210120FBF7F9FE00BFBD
:10E6B0000837BD4680BD00BF001002407009002031
:10E6C000000C0140000801400030014080B500AF5F
:10E6D0001F4B1B78DBB203F00103002B03D1FFF7C4
:10E6E00079FEFFF791FE1B4A1A4BDB6843F4805317
:10E6F000D360184A174BDB6823F48053D360164A63
:10E70000154B1B889BB223F040039BB21380114A28
:10E71000104B9B6923F480539361104A0F4B1B6885
:10E72000C3F3130313600D4A0C4B1B6843F00843FB
:10E7300043F400031360094BE0225A61044B1B7839
:10E74000DBB243F00103DAB2014B1A7000BF80BDA7
:10E750007400002000100240003001400008014019
:10E7600080B584B000AF78603960104B0A221A601F
:10E77000FFF728FE0346FB73FB7BFF2B03D10B4BFC
:10E780001B68002BF4D1FB7BFE2B01D0002309E09A
:10E790003A6879680120FFF73DFEFFF713FEFFF7A7
:10E7A00011FE012318461037BD4680BD70090020B8
:10E7B00080B584B000AF78600B46FB70FFF70AFEAF
:10E7C0000346FF2B01D000231EE0FB781846FFF71D
:10E7D000DDFDFB78FD2B16D04FF400727968002028
:10E7E000FFF718FEFF20FFF7D1FDFF20FFF7CEFD5A
:10E7F000FFF7E8FD0346FB73FB7B03F01F03052BCC
:10E8000001D0002300E0012318461037BD4680BD2B
:10E8100080B584B000AF03463960FB7197F90730CB
:10E82000002B0EDAFB7903F07F03FB7100217720C8
:10E83000FFF7EEFF0346BB73BB7B012B01D9BB7B0C
:10E8400047E0FFF7C7FD0346FF2B01D0FF2340E061
:10E85000FB791846FFF79AFD3B681B0EDBB21846A2
:10E86000FFF794FD3B681B0CDBB21846FFF78EFDEB
:10E870003B681B0ADBB21846FFF788FD3B68DBB23A
:10E880001846FFF783FD0123FB73FB79402B01D171
:10E890009523FB73FB79482B01D18723FB73FB7B0B
:10E8A0001846FFF773FDFB794C2B01D1FFF78AFD6A
:10E8B0000A23FB73FFF786FD0346BB7397F90E30FF
:10E8C000002B05DAFB7B013BFB73FB7B002BF1D1BB
:10E8D000BB7B18461037BD4680BD000090B585B0A3
:10E8E00000AF0346FB71FFF771FE644A634B1B8860
:10E8F0009BB243F038039BB213800A23FB7304E0FE
:10E90000FFF760FDFB7B013BFB73FB7B002BF7D12B
:10E9100000237B7300214020FFF77AFF0346012B81
:10E9200040F08480564B64221A604FF4D571482021
:10E93000FFF76EFF0346012B4DD10023FB730CE064
:10E94000FC7BFFF73FFD03461A4607F11003234403
:10E9500003F8082CFB7B0133FB73FB7B032BEFD904
:10E96000BB7A012B62D1FB7AAA2B5FD100BF444B4B
:10E970001B68002B07D04FF08041E920FFF748FFCC
:10E980000346002BF3D13E4B1B68002B4ED00021D9
:10E990007A20FFF73DFF0346002B47D10023FB738E
:10E9A0000CE0FC7BFFF70EFD03461A4607F110034F
:10E9B000234403F8082CFB7B0133FB73FB7B032B05
:10E9C000EFD93B7A03F04003002B01D00C2300E089
:10E9D00004237B732AE00021E920FFF719FF034697
:10E9E000012B04D802237B73E923BB7303E00123CB
:10E9F0007B734123BB7300BF214B1B68002B07D0E7
:10EA0000BB7B00211846FFF703FF0346002BF3D121
:10EA10001B4B1B68002B07D04FF400715020FFF7F1
:10EA2000F7FE0346002B01D000237B73154A7B7B46
:10EA30001370FFF7E9FC7B7B002B15D0124B1B7882
:10EA4000DBB223F00103DAB20F4B1A700B4A0B4B07
:10EA50001B889BB21BB223F038031BB243F00803A0
:10EA60001BB29BB2138001E0FFF730FE064B1B7810
:10EA7000DBB218461437BD4690BD00BF00300140E0
:10EA800070090020780900207400002080B483B051
:10EA900000AF0346FB71FB79002B01D0012302E09C
:10EAA000034B1B78DBB218460C37BD4680BC704761
:10EAB0007400002080B584B000AFB9607A601A4657
:10EAC0000346FB731346BB73FB7B002B02D1BB7B5E
:10EAD000002B01D1042350E02A4B1B78DBB203F05A
:10EAE0000103002B01D0032347E0274B1B7803F0E1
:10EAF0000803002B02D17B685B027B60BB7B012B90
:10EB000011D179685120FFF783FE0346002B2CD1E9
:10EB10004FF40071B868FFF723FE0346002B24D0A2
:10EB20000023BB7321E079685220FFF771FE034692
:10EB3000002B1AD14FF40071B868FFF711FE03469D
:10EB400083F00103DBB2002B0AD1BB6803F500732D
:10EB5000BB60BB7B013BBB73BB7B002BEAD100E0FE
:10EB600000BF00214C20FFF753FEFFF74DFCBB7B9D
:10EB7000002B14BF01230023DBB218461037BD461B
:10EB800080BD00BF740000207809002080B584B0EB
:10EB900000AFB9607A601A460346FB731346BB7335
:10EBA000FB7B002B02D1BB7B002B01D1042361E056
:10EBB000324B1B78DBB203F00103002B01D003239F
:10EBC00058E02F4B1B7803F00803002B02D17B6821
:10EBD0005B027B60BB7B012B10D179685820FFF76B
:10EBE00017FE0346002B3DD1FE21B868FFF7E0FD7C
:10EBF0000346002B36D00023BB7333E0204B1B7839
:10EC000003F00603002B04D0BB7B1946D720FFF787
:10EC1000FFFD79685920FFF7FBFD0346002B21D14A
:10EC2000FC21B868FFF7C4FD034683F00103DBB2A3
:10EC3000002B0AD1BB6803F50073BB60BB7B013BB3
:10EC4000BB73BB7B002BEBD100E000BFFD2100209C
:10EC5000FFF7AEFD034683F00103DBB2002B01D0CA
:10EC60000123BB73FFF7D0FBBB7B002B14BF012339
:10EC70000023DBB218461037BD4680BD740000206B
:10EC80007809002090B58BB000AF03463A60FB7165
:10EC90000B46BB713B683B62FB79002B01D0042320
:10ECA000ACE1012387F82730BB79052B1FD13B6AE4
:10ECB0001B78012B09D0022B0DD0002B13D1FFF7AD
:10ECC00005FD002387F8273096E1FFF77FFC00233E
:10ECD00087F8273090E13B6A013301221A70002344
:10ECE00087F8273088E1042387F8273084E1C54B73
:10ECF0001B78DBB203F00103002B01D003237DE17D
:10ED0000BB790E2B00F2658101A252F823F000BFFF
:10ED10004DED000861ED000813EE000823EE000839
:10ED2000D3EF0008D3EF0008D3EF0008D3EF0008BB
:10ED3000D3EF0008D3EF000815EF000825EF000817
:10ED400049EF00086DEF0008ABEF0008FFF742FB4A
:10ED50000346FF2B40F04181002387F827303CE138
:10ED600000214920FFF754FD0346002B40F0378176
:10ED700007F10C0310211846FFF7F2FC0346002BA5
:10ED800000F02D813B7B9B09DBB2012B0ED17B7DFB
:10ED90009AB23B7D9BB21B029BB213449BB20133E0
:10EDA000FB83FB8B9A023B681A602EE07B7C03F0AE
:10EDB0000F03DAB2BB7DDB09DBB21344DAB27B7D31
:10EDC0005B00DBB203F00603DBB21344DBB20233B9
:10EDD00087F826303B7D9B09DBB29AB2FB7C9BB265
:10EDE0009B009BB213449AB2BB7C9B029BB203F480
:10EDF00040639BB213449BB20133FB83FA8B97F8B9
:10EE00002630093B9A403B681A60002387F8273078
:10EE1000E5E03B684FF400721A80002387F8273042
:10EE2000E8E0794B1B7803F00403002B2FD000217E
:10EE3000CD20FFF7EDFC0346002B40F0D280FFF71A
:10EE4000C1FA07F10C0310211846FFF789FC0346AD
:10EE5000002B00F0C680302387F8263006E0FFF74D
:10EE6000B1FA97F82630013B87F8263097F826301C
:10EE7000002BF4D1BB7D1B09DBB21A46102303FA29
:10EE800002F23B681A60002387F82730A9E00021CE
:10EE90004920FFF7BDFC0346002B40F0A28007F19C
:10EEA0000C0310211846FFF75BFC0346002B00F013
:10EEB0009880554B1B7803F00203002B12D0BB7DCA
:10EEC0005B0003F07E03FA7DD209D2B213445A1CD0
:10EED0007B7E9B09DBB2013B02FA03F31A463B68D7
:10EEE0001A6013E0BB7D9B109BB203F01F0301333C
:10EEF000FA7DD20002F01802F97D4909C9B20A442C
:10EF0000013202FB03F31A463B681A60002387F8BC
:10EF1000273066E03C4B1A783B6A1A70002387F86A
:10EF2000273067E000214920FFF772FC0346002BE1
:10EF300059D11021386AFFF713FC0346002B52D039
:10EF4000002387F827304EE000214A20FFF760FCBD
:10EF50000346002B49D11021386AFFF701FC034614
:10EF6000002B42D0002387F827303EE000217A2092
:10EF7000FFF74EFC0346002B39D1042387F82630D7
:10EF80000BE03C6A631C3B62FFF71CFA03462370EC
:10EF900097F82630013B87F8263097F82630002B6B
:10EFA000EFD1002387F8273021E00021CD20FFF7A3
:10EFB0002FFC0346002B1CD1FFF704FA4021386ACE
:10EFC000FFF7CEFB0346002B13D0002387F8273032
:10EFD0000FE0042387F827300CE000BF0AE000BFF1
:10EFE00008E000BF06E000BF04E000BF02E000BF91
:10EFF00000E000BFFFF708FA97F8273018462C37D3
:10F00000BD4690BD740000207809002080B483B014
:10F0100000AF0E4B1B68FB71FB79002B05D0FB7911
:10F02000013BFB71FB79094A1360094B1B68FB71BB
:10F03000FB79002B05D0FB79013BFB71FB79044A7E
:10F04000136000BF0C37BD4680BC704770090020BC
:10F0500074090020844641EA000313F0030349D1F8
:10F06000403A23D30B6803604B6843608B6883602E
:10F07000CB68C3600B6903614B6943618B69836132
:10F08000CB69C3610B6A03624B6A43628B6A83621A
:10F09000CB6AC3620B6B03634B6B43638B6B836302
:10F0A000CB6BC36340304031403ADBD230320BD3BC
:10F0B0000B6803604B6843608B688360CB68C360F8
:10F0C00010301031103AF3D20C3205D351F8043B12
:10F0D00040F8043B043AF9D2043208D0D2071CBFEE
:10F0E00011F8013B00F8013B01D30B880380604617
:10F0F000704700BF082A13D38B07B1D010F0030369
:10F10000AED0C3F10403D21ADB071CBF11F8013BD8
:10F1100000F8013BA4D331F8023B20F8023B9FE703
:10F12000043AD9D3013A11F8013B00F8013BF9D276
:10F130000B7803704B7843708B7883706046704710
:10F140000022034B1B68C3F8A800C3F8AC2070472B
:10F150007800002030B40C4B0C4C19680C4DD1F8E1
:10F16000A820D1F8AC0004FB02F4A2FB052305FBA8
:10F1700000400132034443F10003C1E92A2323F094
:10F18000004030BC704700BF780000202DF451587B
:10F190002D7F954C830710B5044610D10268A2F16B
:10F1A000013323EA020313F0803F08D150F8042F03
:10F1B000A2F1013323EA020313F0803FF6D0037873
:10F1C0001BB110F8013F002BFBD100F003F82046E3
:10F1D00010BD00BF80EA0102844612F0030F4FD138
:10F1E00011F0030F32D14DF8044D11F0040F51F816
:10F1F000043B0BD0A3F101329A4312F0803F04BFCD
:10F200004CF8043B51F8043B16D100BF51F8044BB5
:10F21000A3F101329A4312F0803FA4F101320BD1E5
:10F220004CF8043BA24312F0803F04BF51F8043B6A
:10F230004CF8044BEAD023460CF8013B13F0FF0FC7
:10F240004FEA3323F8D15DF8044B704711F0010FFA
:10F2500006D011F8012B0CF8012B002A08BF7047CB
:10F2600011F0020FBFD031F8022B12F0FF0F16BFC2
:10F270002CF8022B8CF8002012F47F4FB3D170478A
:10F2800011F8012B0CF8012B002AF9D1704700BFAF
:10F2900020F0030110F00300C0F1000051F8043B1E
:10F2A00000F1040C4FEACC0C6FF000021CBF22FAF4
:10F2B0000CF213434FF0010C4CEA0C2C4CEA0C4CB2
:10F2C000A3EB0C0222EA030212EACC1204BF51F8AB
:10F2D000043B0430F4D0C2F1000102EA0102B2FAA8
:10F2E00082F2C2F11F0200EBD20070475543205159
:10F2F0002E2E3A20746F6F206D75636820746F2016
:10F3000073656E6400000000444B4C6564207630E9
:10F310002E37000049354F38553200004C45440027
:10F320000000000053525600000000004842520006
:10F33000000000004653540000000000284F2E6FCC
:10F34000290D0000454F440000000000463A00002F
:10F35000443A00004E657720636F6D6D616E640006
:10F360000000000051200000515220000000000069
:10F3700020556E65787065637465642073796D627D
:10F380006F6C000020436F6465206F7574206F669A
:10F390002072616E6765000020546F6F206D616E92
:10F3A000792053796D626F6C7300000020556E6692
:10F3B000696E69736865640000000000204E6F7418
:10F3C00020726561647900003A202300000000008B
:10F3D00020280000292C2066696C652000000000B0
:10F3E0002C20737472696E67203078000000000072
:10F3F000292C20554152542031000000292C205541
:10F400004152542032000000292C20555342000064
:10F410002C20706F7320307800000000303A2F6885
:10F42000636400002F0000004F70656E2044495255
:10F43000200000004F70656E2000000020746F20D7
:10F4400072656164000000002064656C6574656429
:10F450000000000046696C652000000020736176A2
:10F46000656400002072656E616D656420746F20B4
:10F470000000000054656D702066696C6520637241
:10F480006561746564000000454E44204F46204687
:10F49000494C450000000000436F7272757074653E
:10F4A000642064617461000044617461207361765A
:10F4B0006564000046494C45205752495445204454
:10F4C000454E494544000000446972200000000098
:10F4D00046415420000000004C696E652000000089
:10F4E00072656164200000006F70656E200000008E
:10F4F0006D6F756E7420000064656C657465200026
:10F500000000000077726974652000006661696C14
:10F510006564202800000000493243206F6E0D0012
:10F52000000000004932433A2000000049324320E5
:10F5300064697361626C65642C2075736520554342
:10F54000413C616464726573733E20746F20656E24
:10F5500061626C650D000000493243207363616E87
:10F560002E2E0D00000000002E2E66696E69736855
:10F5700065640D000000000012010002020000405E
:10F580008304405700020102030100000902430006
:10F59000020100C03209040000010202010005243A
:10F5A00000100105240100010424020205240600C4
:10F5B00001070582030800FF09040100020A000098
:10F5C000000705030240000007058102444B4C651B
:10F5D0006420636F6E6E65637465640D00000000E7
:10F5E000444B414700000000444B4C6564205630BA
:10F5F0002E370000808182828485868788898A8B65
:10F600008C8D8E8F809192939495969798998A9BE2
:10F610008C8D8E8FA0A2A2A3A4A5A6A7A8A9AAABF1
:10F62000ACADAEAFB0B1B2B2A5B5B6B7A8B9AABBD2
:10F63000A3BDBDAFC0C1C2C3C4C5C6C7C8C9CACBBC
:10F64000CCCDCECFD0D1D2D3D4D5D6D7D8D9DADB82
:10F65000DCDDDEDFC0C1C2C3C4C5C6C7C8C9CACBF2
:10F66000CCCDCECFD0D1D2D3D4D5D6D7D8D9DADB62
:10F67000DCDDDEDF222A2B2C3A3B3C3D3E3F5B5D4E
:10F680007C7F0000303A2F6863642F002E6863642B
:0FF69000000000002F000000303A2F6863640074
:10F69F00C8040020A80400200C3801400C4400408E
:10F6AF0000A24A0400000000000000000102030451
:10F6BF0006070809400220FF1D000100010001009C
:10F6CF001800000018000000010001000100710285
:10F6DF0071020000204E0000204E0000F4010000D7
:10F6EF00C409000000010000204E0000F4010000DA
:10F6FF00C40900000001FF00F4010000FFFFFFFF3D
:10F70F000100010001000000800000200000000047
:10F71F00000000006C030020D40300203C040020F4
:10F72F0000000000000000000000000000000000CA
:10F73F0000000000000000000000000000000000BA
:10F74F0000000000000000000000000000000000AA
:10F75F00000000000000000000000000000000009A
:10F76F00000000000000000000000000000000008A
:10F77F00000000000000000000000000000000007A
:10F78F00000000000000000000000000000000006A
:10F79F00000000000000000000000000000000005A
:10F7AF00000000000000000000000000000000004A
:10F7BF000000000000000000010000000000000039
:10F7CF000E33CDAB34126DE6ECDE05000B000000FE
:10F7DF00000000000000000000000000000000001A
:10F7EF00000000000000000000000000000000000A
:10F7FF0000000000000000000000000000000000FA
:10F80F0000000000000000000000000000000000E9
:10F81F0000000000000000000000000000000000D9
:10F82F0000000000000000000000000000000000C9
:10F83F0000000000000000000000000000000000B9
:10F84F0000000000000000000000000000000000A9
:10F85F000000000000000000000000000000000099
:10F86F000000000000000000000000000000000089
:10F87F000000000000000000000000000000000079
:10F88F000000000000000000000000000000000069
:10F89F000000000000000000000000000000000059
:10F8AF000000000000000000000000000000000049
:10F8BF000000000000000000000000000000000039
:10F8CF000000000000000000000000000000000029
:10F8DF000000000000000000000000000000000019
:10F8EF000000000000000000000000000000000009
:10F8FF0000000000000000000000000000000000F9
:10F90F0000000000000000000000000000000000E8
:10F91F0000000000000000000000000000000000D8
:10F92F0000000000000000000000000000000000C8
:10F93F0000000000000000000000000000000000B8
:10F94F0000000000000000000000000000000000A8
:10F95F000000000000000000000000000000000098
:10F96F000000000000000000000000000000000088
:10F97F000000000000000000000000000000000078
:10F98F000000000000000000000000000000000068
:10F99F000000000000000000000000000000000058
:10F9AF000000000000000000000000000000000048
:10F9BF000000000000000000000000000000000038
:10F9CF000000000000000000000000000000000028
:10F9DF000000000000000000000000000000000018
:10F9EF000000000000000000000000000000000008
:10F9FF0000000000000000000000000000000000F8
:10FA0F0000000000000000000000000000000000E7
:10FA1F0000000000000000000000000000000000D7
:10FA2F0000000000000000000000000000000000C7
:10FA3F0000000000000000000000000000000000B7
:10FA4F0000000000000000000000000000000000A7
:10FA5F000000000000000000000000000000000097
:10FA6F000000000000000000000000000000000087
:10FA7F000000000000000000000000000000000077
:10FA8F000000000000000000000000000000000067
:10FA9F000000000000000000000000000000000057
:10FAAF000000000000000000000000000000000047
:10FABF000000000000000000000000000000000037
:10FACF000000000000000000000000000000000027
:10FADF000000000000000000000000000000000017
:10FAEF000000000000000000000000000000000007
:10FAFF0000000000000000000000000000000000F7
:10FB0F0000000000000000000000000000000000E6
:10FB1F0000000000000000000000000000000000D6
:10FB2F0000000000000000000000000000000000C6
:08FB3F000000000000000000BE
:0400000508000000EF
:00000001FF
