:020000040800F2
:10000000F84B00201963000879630008F1530008D9
:100010007963000879630008796300080000000034
:1000200000000000000000000000000079630008EC
:10003000796300080000000081BC000869B0000876
:100040007963000879630008796300087963000820
:100050007963000879630008796300087963000810
:100060007963000879630008796300087963000800
:100070007963000879630008ED5800087963000887
:1000800079630008796300087963000879630008E0
:1000900049BC0008796300087963000879630008A7
:1000A00079630008796300087963000879630008C0
:1000B000ADA700087963000889590008B5A50008B4
:1000C00011A60008796300087963000879630008C5
:1000D00079630008ED080008D1070008796300087B
:1000E0007963000879630008796300080000000064
:1000F0000000000000000000000000000000000000
:1001000000000000000000005FF808F1B0B584B006
:1001100000AFF860B9607A603B60BB681B7803F0A1
:100120002003002B00F03C81FB681B780D2B0BD0CB
:10013000FB681B783B2B07D0FB681B780A2B03D08E
:10014000FB681B78002B3CD1BB681B7803F0400395
:10015000002B36D17B6800221A60BB681B7823F025
:100160004E03DAB2BB681A70BB681B7843F0010318
:10017000DAB2BB681A70BB681B78302B40F2108172
:100180003B6A1B881A46BB8C013B13401A463B68EE
:1001900013440D221A703B6A1B8801339AB23B6AE2
:1001A0001A803B6A1B881AB2BB8C013B9BB21BB204
:1001B00013401BB29AB2BB6A1A80BB68A1221A70A4
:1001C000EEE03B6BD3E900450AF0DEFE02460B464B
:1001D0009D4208BF944206D2BB681B78212B02D0F7
:1001E000BB6821221A70BB681B7803F01003002B38
:1001F00054D0BB681B7803F04003002B0CD0FB6885
:100200001B78292B40F0CC80BB681B7823F040037F
:10021000DAB2BB681A70C3E0FB681B78282B07D1E1
:10022000BB681B7843F04003DAB2BB681A70B7E0D2
:100230003B6A1B881A46BB8C013B13401A463B683D
:100240001344FA6812781A703B6A1B881AB2BB8C86
:10025000013B9BB21BB213401BB29AB2BB6A1A801D
:100260003B6A1B8801339AB23B6A1A803B6A1A8840
:10027000FB6A1B889A4240F09380BB681B7863F04E
:100280007F03DAB2BB681A703B6A1A88BB8C5B08C2
:100290009BB213449AB2FB6A1A8081E0BB681B7858
:1002A00003F00103002B4AD00AF06EFE0A46014615
:1002B0007B6B1B684FF000045B1844EB02043A6B45
:1002C000C2E90034FB681B782A2B0ED17B681B68BF
:1002D0001B02FA6812781A447B681A60BB681B78A4
:1002E0000233DAB2BB681A7029E0FB681A782E4B29
:1002F0001968BB681B785B08DBB2DB43DB0003F0EB
:10030000180321FA03F3DBB29A420ED17B681B6813
:100310001B02FA6812781A447B681A60BB681B7863
:100320000233DAB2BB681A7009E07B6800221A60F7
:10033000BB681B7823F05F03DAB2BB681A70BB6836
:100340001B7803F07F03292B2AD1BB681B7823F08D
:100350007F03DAB2BB681A70BB681B7843F03003C6
:10036000DAB2BB681A703B6A1A88BB6B1A803B6AA8
:100370001A88BB8C5B089BB213449AB2FB6A1A8042
:100380003B6A1B881AB2BB8C013B9BB21BB2134069
:100390001BB29AB2FB6B1A807B6800221A60FFE7DF
:1003A00000BF1037BD46B0BDBC0E002080B485B084
:1003B00000AF786039603B681B682D4AA2FB0323BD
:1003C0005B099BB21B01FB813B681B68FA89120920
:1003D00092B21146642202FB01F29B1ABB60BB6819
:1003E0001B013233224AA2FB03235B099BB203F0B9
:1003F0000F039AB2FB891343FB817B681B8A9BB274
:1004000023F440539AB27B681A827B689B899BB223
:1004100023F4B05323F00C039AB27B689A817B6873
:100420009B899BB243F00C039AB27B689A817B68EC
:100430009B8A9BB223F440739AB27B689A827B6852
:10044000FA891A817B689B899BB223F080039AB258
:100450007B689A817B689B899BB243F020039AB2A8
:100460007B689A8100BF1437BD4680BC704700BFCF
:100470001F85EB5180B584B000AF78600021274B19
:100480000A465A70264B0A465A700021254B0A46E6
:100490001A80254B0A461A800021244B0A461A80EE
:1004A000234B0A461A80234B00221A60224A224B11
:1004B0009B6943F004039361204A204B1B6823F49B
:1004C0007F4313601D4A1D4B1B6843F49643136022
:1004D000194A194BDB6943F40033D3617B689B00F5
:1004E000174AB2FBF3F3FB6007F10C0319461548FA
:1004F000FFF75CFF144B402283F82623124B402267
:100500005A60104A0F4B9B899BB243F400539BB235
:10051000938100BF1037BD4680BD00BFEC040020B2
:10052000E8040020F0040020EE040020860A0020E9
:10053000B80B0020FC04002000100240000801401D
:1005400000E9A4350044004000E100E080B584B03B
:1005500000AF78600021274B0A461A70264B0A46E6
:100560001A700021254B0A461A80254B0A461A802C
:100570000021244B0A461A80234B0A461A80234B3B
:1005800000221A60224A224B9B6943F004039361C4
:10059000204A204B5B6823F47F6353601D4A1D4B48
:1005A0005B6843F496635360194A194B9B6943F4A3
:1005B000804393617B689B00174AB2FBF3F3FB60B7
:1005C00007F10C0319461548FFF7F0FE144B4022C3
:1005D00083F82523124B20225A60104A0F4B9B8927
:1005E0009BB243F400539BB2938100BF1037BD46CA
:1005F00080BD00BFEC040020E8040020F6040020C9
:10060000F4040020800900208A0A00200005002050
:10061000001002400008014000D2496B0038014040
:1006200000E100E080B582B000AF03460A46FB71EE
:100630001346BB71BB79022B6CD8BB7903F0010365
:10064000DAB2554B1A70BB79002B14BF012300237B
:10065000DBB21A46514B1A7055E04F4B1B781A46C5
:100660004F4B9B5CDAB24F4B1A704B4B1B781A46C0
:100670004D4B53F822204B4B1B78591CC8B24949AB
:1006800008701344FA791A70464B1B7803F01F0365
:10069000DAB2444B1A70454B4CF250321A6004E007
:1006A000424B1B68013B414A13603B4B1B781A4687
:1006B0003F4B9B5CDAB23B4B1B789A4203D13B4BDE
:1006C0001B68002BECD1344B1B781A46354B19783C
:1006D000334B995472B6304B1B781A46354B53F84E
:1006E00022302D4A12781146324A52F821201288BF
:1006F00042F0800292B21A8062B6274B1B78013317
:10070000DAB2254B1A70244B1A78244B1B789A4284
:10071000A3D93CE0BB790C2B29D1274B1B78802B2C
:100720001ED8224B4CF250321A6004E01F4B1B685B
:10073000013B1E4A1360214B1B687E2B03DC1B4BC5
:100740001B68002BF2D11C4B1B7819461C4AFB7905
:100750005354194B1B780133DAB2174B1A7016E059
:100760000F21184809F074FB0AF048FE0FE0164B01
:100770001B885A1C91B2144A11801946134AFB79FE
:100780005354114B1B883F2B01D90AF037FE00BF91
:100790000837BD4680BD00BF840A0020880A0020BB
:1007A000E80400209C0A002000000020980A002095
:1007B000EC04002008000020250900202409002066
:1007C000D4460020B8F400086009002064470020E7
:1007D00080B58AB008AF354B1B889BB27B607B68C5
:1007E00003F02003002B30D0304B9B889BB2DBB250
:1007F000BB700AF0D5FB2E4B1B7803F02003002BB7
:1008000009D0BB7803F03F03DBB2BB70BB7818465E
:1008100005F000FE16E0B81C264B0793264B069306
:10082000264B0593264B0493264B0393264B0293AA
:100830004FF480730193254B0093254B254A26499D
:10084000FFF764FC0AF0BAFB2CE07B6803F080033E
:10085000002B27D0214B5B78FB70214B5B78DBB200
:10086000FA789A420FD1114A104B9B899BB223F020
:1008700080039BB293811B4B1B8823F008039AB221
:10088000184B1A800EE0094AFB78591CF97019467A
:10089000154B5B5C9BB29380FB7803F01F03DAB2CD
:1008A0000E4B5A7000BF0837BD4680BD0044004063
:1008B000A4060020B80B0020EE040020B00B00209E
:1008C000A80B0020F2040020860A0020F00400207B
:1008D00084090020FC040020A10B0020EC0400206F
:1008E000E8040020BE0F0020A804002080B58AB0D4
:1008F00008AF354B1B889BB27B607B6803F02003FD
:10090000002B30D0304B9B889BB2DBB2BB700AF01F
:1009100047FB2E4B1B7803F01003002B09D0BB784C
:1009200003F03F03DBB2BB70BB78184605F072FDE5
:1009300016E0B81C264B0793264B0693264B0593CF
:10094000264B0493264B0393264B02934FF480735C
:100950000193254B0093254B254A2649FFF7D6FBEB
:100960000AF02CFB2CE07B6803F08003002B27D0DF
:10097000214B1B78FB70214B1B78DBB2FA789A4233
:100980000FD1114A104B9B899BB223F080039BB27D
:1009900093811B4B1B8823F008039AB2184B1A80D3
:1009A0000EE0094AFB78591CF9701946154B5B5C3F
:1009B0009BB29380FB7803F01F03DAB20E4B1A70E0
:1009C00000BF0837BD4680BD00380140A4060020A6
:1009D0008A0A0020F4040020B40B0020900A0020B2
:1009E000F804002080090020F6040020A00A00205E
:1009F00000050020A00B0020EC040020E8040020EB
:100A0000BE0F0020C804002080B483B000AF78601F
:100A10000B467B8013467B707B78002B08D07B686D
:100A20009B899AB27B8813439AB27B689A8109E0CA
:100A30007B689B899AB27B88DB439BB213409AB256
:100A40007B689A8100BF0C37BD4680BC70470000B0
:100A5000F0B58BB004AFF860B9607A603B600023FA
:100A6000FB8200237B75B54B00221A707B681B88C4
:100A7000FB8204F0D3B9FB8ABA6813441A78AF4BEF
:100A80001A70FB8A01339AB27B681A80AC4B1B78D0
:100A9000012B0FD1AB4B1B8801339AB2A94B1A80A3
:100AA000A64B1B780D2B05D1A74B1B8801339AB29F
:100AB000A54B1A803B6B1B78382B1AD03B6B1B78ED
:100AC000402B16D03B6B1B785C2B12D09B4B1B78BA
:100AD000202B04F07F81994B1B78602B09D9974B11
:100AE0001B787A2B05D8954B1B78203BDAB2934BB9
:100AF0001A7000233B75914B1B780D2B07D08F4B41
:100B00001B780A2B03D08D4B1B78002B05D120239B
:100B10003B758C4B00221A8009E0884B1B783B2BDD
:100B200003D0864B1B78282B01D12E233B753B6BC2
:100B30001B78203B422B04F24B8101A252F823F098
:100B40004D0C0008550D00082B180008AD2A0008B0
:100B5000A31B00081D210008992800080D2A000881
:100B6000D14D0008D14D0008D14D0008D14D0008ED
:100B7000D14D0008D14D0008AD2A00088D0E0008A7
:100B8000C92A0008C92A0008C92A0008C92A000879
:100B9000FB2B0008D331000801350008FB160008C4
:100BA000F71700088F3A00080B3C0008AB4D00080F
:100BB0006B3C00089D4800084F430008D14D0008D9
:100BC000BD430008D14D0008712B0008D14D00082D
:100BD000A9490008272D0008653B0008553D00087D
:100BE0003D3800089336000885320008E7390008D0
:100BF0000947000863470008274A0008D14D00084C
:100C000009480008D14D0008A1450008D14D000851
:100C1000D14D0008D14D0008D14D0008D14D00083C
:100C2000D14D0008D14D0008D14D0008BD4A000843
:100C3000694B0008892F0008D14D000815440008B1
:100C4000D14D0008474600086F1400083F4B1B7841
:100C500023F07F03DAB23D4B1A703D4B00221A702D
:100C60007B6B00221A70FB6B00221A70334B1B78CF
:100C7000532B03D13B6B21221A7059E02F4B1B7869
:100C8000462B03D13B6B22221A7051E02B4B1B7871
:100C9000412B06D17B6B80221A703B6B4A221A7063
:100CA00046E0264B1B78472B03D13B6B24221A705E
:100CB0003EE0224B1B784D2B03D13B6B25221A7053
:100CC00036E01E4B1B78552B03D13B6B26221A7046
:100CD0002EE01A4B1B783B2B03D0184B1B78282B8C
:100CE00007D1174B1B78012B22D13B6B2E221A7098
:100CF0001EE0124B1B780D2B1AD0104B1B780A2BC1
:100D000016D00E4B1B78002B12D00C4B1B78029385
:100D1000FB8A01930123009300230022FF2100207E
:100D200004F01CF93B6B2E221A70FC2304F07DB8F2
:100D30007B6C00221A6004F06EB800BF0D05002025
:100D4000950E00200C090020080900200C05002049
:100D50004E4600209F4B1B78184604F06BF8034664
:100D60007B757B7DFF2B6FD17B6C00221A60994BCA
:100D70001B78502B03D0974B1B78482B11D13B6B22
:100D80002F221A70944B1A78944B1A70944B0022AD
:100D90001A70944B00221A70BB6B00221A8004F068
:100DA0003AB88C4B1B78522B04D13B6B37221A700C
:100DB00004F031B8874B1B784B2B1DD13B6B622263
:100DC0001A70BB6B00221A80834B1A78834B1A70FF
:100DD000834B00221A70834B01221A70824B00222F
:100DE0001A60824B00221A70814B00221A70814BCC
:100DF00000221A7004F00FB8764B1B78492B07D1EC
:100E00003B6B24221A707B6C28221A6004F003B812
:100E1000704B1B784D2B07D13B6B3C221A707B6BC0
:100E200035221A7003F0F7BF6A4B1B780293FB8AD6
:100E300001930123009300230022FF21532004F09B
:100E40008DF8FC2303F0F1BF7B7D072B0FD9614B9D
:100E50001B780293FB8A0193022300930023002254
:100E6000FF21532004F07AF8F92303F0DEBF7B6BF7
:100E70001B785AB27B7D012101FA03F35BB2134365
:100E80005BB2DAB27B6B1A7003F0C5BF3B7D002BFF
:100E900005D03B6B3A7D1A70012303F0C6BF4D4B62
:100EA0001B78184603F0C6FF03467B757B7DFF2B3E
:100EB00040F02381FB6B1B78002B40F00D81454BEC
:100EC0001B78472B06D1BB6B1B8801339AB2BB6BD7
:100ED0001A80F7E03F4B1B783E2B0AD1FB6B0522B3
:100EE0001A703E4B1A783C4B1A703D4B04221A7014
:100EF0000DE1384B1B785E2B15D1FB6B05221A7068
:100F0000364B1B7803F04103002B04D07B6C1B682D
:100F10005A1C7B6C1A60314B1A782F4B1A70304B6D
:100F200008221A70F3E02B4B1B78562B1BD1FB6B5E
:100F300005221A70294B1B7803F04103002B0AD0BD
:100F40007B6C1B68C3F30B03012B04D97B6C1B6800
:100F50005A1E7B6C1A60214B1A781F4B1A70204B5B
:100F600002221A70D3E01B4B1B78482B07D1FB6B76
:100F700005221A707B6C6FF07F421A60C7E0154B38
:100F80001B784C2B06D1FB6B05221A707B6C002260
:100F90001A60BCE00F4B1B78532B03D17B6C0322F0
:100FA0001A6030E00B4B1B78502B03D17B6C022274
:100FB0001A6028E0074B1B78542B03D17B6C01226D
:100FC0001A6020E0034B1B78522B15D17B6C082252
:100FD0001A6018E00D0500200C050020BE0B002053
:100FE000C00B0020CC0B0020C4450020C10B00200A
:100FF000BF0B0020BC0B0020974B1B784D2B11D151
:101000007B6C05221A60954B1B7843F04003DAB2E3
:10101000924B1A70924B00221A70FB6B02221A70CC
:1010200003F0F9BE8C4B1B784B2B0BD18B4B1B78F1
:1010300043F00103DAB2894B1A70FB6B04221A7079
:1010400003F0E9BE844B1B784F2B12D1834B1B78E6
:1010500043F00203DAB2814B1A70FB6B03221A7061
:101060007B6C1B687F4A13607B6C00221A6003F064
:10107000D2BE794B1B782A2B17D17B4B1A78774B32
:101080001A70FB6B04221A70754B1B7803F0100367
:10109000002B05D1724B1B7843F00103DBB200E05B
:1010A00001236F4A137003F0B6BE6B4B1B783F2BC6
:1010B0000DD16A4B1B7843F01003DAB2674B1A70FC
:1010C00000E000BFFB6B00221A7003F0A4BE624B6D
:1010D0001B782C2BF5D000E000BF5F4B1B780293F0
:1010E000FB8A0193012300930023002278215320DF
:1010F00003F034FFFB2303F098BE7B6C1A687B7D02
:101100001146184604F080F802467B6C1A60FB6BAF
:101110001B780133DAB2FB6B1A70FB6B1B78052B63
:1011200043F25A86BB6B1B88B3F5107F12D33B6B1F
:1011300020221A70484B1B780293FB8A01930323E9
:101140000093002300227821532003F007FFFA23A5
:1011500003F06BBE414B1B7803F00203002B10D051
:101160007B6C1B689AB2BB6B1A803E4B1A687B6C17
:101170001A603A4B1B7823F00203DAB2374B1A702D
:101180006DE1364B1A78384B1A70354B1B7803F0EB
:101190000103002B7AD07B6C1B68DAB2334B1A70D8
:1011A0007B6C1B681A0A7B6C1A602D4B1B7823F032
:1011B0000103DAB22A4B1A702C4B1B78012B40F238
:1011C0004D81274B1B78012B36D9254B1B7843F0DB
:1011D0001003DAB2224B1A70214B1B7803F0020382
:1011E000002B11D01D4B1B7803F04003002B0BD0BC
:1011F0007B6C1B68C3F30B03012B05D97B6C1B684D
:101200005A1E7B6C1A6017E0154B1B7803F008031D
:10121000002B11D0114B1B7803F04003002B0BD097
:101220007B6C1B68C3F30B03B3F5107F04D27B6C9C
:101230001B685A1C7B6C1A60BB6B1B881A460B4BD5
:101240001B781344013B0A4A1288934212DC074B75
:101250001B78023BDBB217E00D0500200C050020D7
:10126000C00B0020C4450020BE0B0020CC0B00208A
:1012700024000020974B1B88DAB2BB6B1B88DBB2C3
:10128000D31ADBB2013BDBB2934A1370934B1B784A
:1012900003F04003002B5ED07B6C1B68C3F30B0391
:1012A000B3F5107F07D37B6C1A688D4B134003F2A4
:1012B0003F227B6C1A607B6C1B6803F40023002BBD
:1012C0001ED07B6B18787B6C1B681B0BDBB203F0AA
:1012D0000703DCB2BB6B1D887B6C1B689BB2C3F33E
:1012E0000B039BB27C4A12787E49097802910192E5
:1012F00000932B4622460146F86804F061FC22E088
:101300007B6B1C787B6C1B681B0BDBB203F0070349
:10131000DDB2BB6B1E887B6C1B689BB2C3F30B03F7
:101320009BB27A6C1268120CD2B26B4909786D4884
:101330000078039002910192009333462A46214699
:10134000F86804F0F7FD654B1B7823F04003DAB230
:10135000624B1A7066E0614B1B7803F01003002BA0
:101360001CD07B6B1978BB6B1A887B6C18685A4B46
:101370001B7800930346F86804F0F8FE03469AB21F
:10138000594B1B8813449AB2574B1A80534B1B7806
:1013900023F01003DAB2514B1A7043E04F4B1B7825
:1013A00003F00103002B30D07B6C1B68DAB21346CC
:1013B0005B001344C3F558527B6C1A607B6C1B684E
:1013C000FA6813441B7819467B6C1B68013BFA686A
:1013D00013441B781B02CA187B6C1B68023BF9681C
:1013E0000B441B781B0413441A467B6C1A603B4B5E
:1013F0001B7823F00103DAB2384B1A703B4B1B7891
:1014000023F00103DAB2394B1A707B6B1978BB6B8E
:101410001A887B6C1868304B1B7800930346F86879
:1014200004F0E8FABB6B1A882B4B1B789BB2134471
:101430009BB201339AB2BB6B1A803B6C1A88BB6BB0
:101440001B889A420BD2BB6B1A88224B1B889A428C
:1014500005D8BB6B1A883B6C1A8000E000BF1E4B9E
:1014600000221A70FB6B00221A7003F0B5BC3B7DA2
:10147000002B05D03B6B3A7D1A70012303F0D5BCDD
:101480001B4B1B78184603F0D5FC03467B757B7D10
:10149000FF2B7CD1FB6B1B78002B67D1144B1B7887
:1014A000472B0CD1BB6B1B8801339AB2BB6B1A80E4
:1014B00000E000BFFB6B00221A7003F0ACBC0C4BC9
:1014C0001B783E2B16D1FB6B05221A70054B0422AC
:1014D0001A7066E024000020CC0B00200C050020D0
:1014E00000F0FF00C00B00200A050020BE0B00200A
:1014F0000D0500209D4B1B78482B07D1FB6B052267
:101500001A707B6C6FF07F421A604AE0974B1B7831
:101510004C2B06D1FB6B05221A707B6C00221A60E3
:101520003FE0924B1B784F2B0FD1914B1B7843F030
:101530000203DAB28E4B1A70FB6B03221A707B6CBB
:101540001B688C4A136003F066BC884B1B782A2BFF
:1015500007D1FB6B04221A70874B01221A7003F02B
:101560005ABC824B1B782C2BA3D000E000BF7F4BD2
:101570001B780293FB8A019301230093002300222E
:101580004B21532003F0EAFCFB2303F04EBC7B6CA1
:101590001A687B7D1146184603F036FE02467B6CC6
:1015A0001A60FB6B1B780133DAB2FB6B1A70FB6BB2
:1015B0001B78052B43F212846D4B1B7803F002035A
:1015C000002B12D07B6C1B689BB2DBB29AB2BB6B58
:1015D0001A80684B1A687B6C1A60654B1B7823F085
:1015E0000203DAB2624B1A707FE0634B1B7803F0A0
:1015F0000103002B16D07B6C1B68DAB25F4B1A70AC
:101600007B6C1B681A0A7B6C1A605C4B1B78012B85
:101610006AD9594B00221A70584B1B78013BDAB239
:10162000564B1A707B6C1B681B0CDAB2544B1A7049
:101630007B6C1B681B0ADAB2524B1A707B6C1B68FE
:10164000DAB2514B1A70BB6B1B88FF2B12D93B6B64
:1016500020221A70454B1B780293FB8A01930323C7
:101660000093002300224B21532003F077FCFA2340
:1016700003F0DBBBBB6B1B881A469B00D31A03F538
:1016800058531A46FB6813443F4A12781A70BB6BD2
:101690001B881A469B00D31A03F557533F331A464B
:1016A000FB681344374A12781A70BB6B1B881A46C2
:1016B0009B00D31A03F557533E331A46FB68134475
:1016C0002F4A12781A702D4B1B78013BDAB22B4B44
:1016D0001A70BB6B1B8801339AB2BB6B1A80274B05
:1016E0001B78002BAFD100E000BF244B01221A7001
:1016F000FB6B00221A7003F071BB1C4B1B78184661
:1017000003F098FB03467B757B7DFF2B53D1174B72
:101710001B78502B3AD17B6C1B68B3F5107F10D926
:10172000124B1B780293FB8A019302230093002340
:1017300000225221532003F011FC7B6C4FF41072F5
:101740001A60BB6B00221A807B6C1B689AB23B6CE0
:101750001A807B6C1A6813465B001344DB001A4640
:101760007B6C1A603B6B38221A7030E00D0500204C
:101770000C050020C4450020C00B0020CC0B00202D
:10178000C10B0020BF0B0020BC0B0020A44B1B781A
:10179000512B03F02583A24B1B780293FB8A019304
:1017A00001230093002300225221532003F0D6FB93
:1017B000FB2303F03ABB7B6C1A687B7D114618460D
:1017C00003F022FD02467B6C1A6003F009BB12E0B5
:1017D000FB8A0133FB82BB6B1B881A46FB681344F0
:1017E000FA8AB9680A4412781A70BB6B1B880133F5
:1017F0009AB2BB6B1A80BB6B1B881A467B6C1B684A
:101800009A4204D23B681B88FA8A9A42E0D9BB6BA1
:101810001B881A467B6C1B689A42C3F0E3823B6BC1
:1018200020221A70012303F000BB7D4B1B78184661
:1018300003F000FB03467B757B7DFF2B40F0A3810B
:101840007B6C1B68DAB2774BA3FB0213D9090B46FA
:101850001B025B1AD31ADAB27B6B1A707B6C002204
:101860001A607B6B1B78002B1BD16D4B1B78502BA8
:1018700007D17B6B1F221A703B6B3B221A7003F05F
:10188000CABA674B1B780293FB8A0193012300932A
:10189000002300220021462003F060FBFC2303F01C
:1018A000C4BA614B1B785BB2002B80F25A817B6B10
:1018B0001B78013B122B00F2448101A252F823F065
:1018C0000D19000859190008BB190008BB190008B8
:1018D000BB190008BB190008BB190008431B00080E
:1018E000131A0008431B0008431B0008431B000891
:1018F000431B0008431B0008431B0008351A00085F
:10190000351A0008051B0008051B0008444B1B780E
:10191000502B11D17B6B00221A703B6B3D221A7049
:10192000424B1B789B08DBB203F00303DBB2013BA5
:10193000DAB2FB6B1A7032E1394B1B780293FB8AE7
:10194000019301230093002300220121462003F08C
:1019500005FBFC2303F069BA7B6B22221A7000237B
:101960007B7506E07B7D324A0021D1547B7D0133BB
:101970007B757B7D0C2BF5D93B7D002B05D03B6B1C
:101980003A7D1A70222303F050BA254B1B78502B56
:1019900003D13B6B44221A7001E1214B1B78029367
:1019A000FB8A019301230093002300220221462099
:1019B00003F0D4FAFB2303F038BA00237B7506E06A
:1019C0007B7D1B4A0021D1547B7D01337B757B7D60
:1019D0000C2BF5D9124B1B78502B09D13B6B4422B1
:1019E0001A707B6B1B782033DAB27B6B1A70D6E0EF
:1019F0007B6B19780A4B1B780293FB8A01930123B6
:101A0000009300230022462003F0A8FAFB2303F0F2
:101A10000CBA3B6B20221A70282303F006BA00BFD1
:101A20000D050020818080802A0000201C460020B7
:101A3000244600207B6B1B78103BDAB27B6B1A705C
:101A4000BB4B00221A60BB4B00221A70BB6B0022FA
:101A50001A80B94B1B78512B09D13B6B4E221A705F
:101A60007B6B1B785B33DAB27B6B1A7097E0B24BFF
:101A70001B78502B0AD17B6B1B785B33DAB23B6B44
:101A80001A70AE4B1A687B6C1A6088E0AA4B1B7800
:101A90004E2B12D17B6B1B78002B0ED13B6B5B2244
:101AA0001A70A74B1B7843F00103DAB2A44B1A70EB
:101AB000A24B1A687B6C1A6071E09F4B1B78482B15
:101AC0000DD17B6B1B785B33DAB23B6B1A70FB6B0F
:101AD00001221A70994B1A687B6C1A605FE07B6B6D
:101AE0001B780833D9B2944B1B780293FB8A01937D
:101AF0000123009300230022462003F02FFAFB234A
:101B000003F093B98C4B1B78502B09D17B6B1B785E
:101B10001933DAB27B6B1A703B6B3B221A703EE0D2
:101B20007B6B1978844B1B780293FB8A019301230A
:101B3000009300230022462003F010FAFC2303F058
:101B400074B97D4B1B780293FB8A019301230093A8
:101B500000230022FF21462003F000FAFC2303F0BB
:101B600064B900230293002301930523009300230B
:101B70000022FF21462003F0F1F93B6B2E221A7060
:101B8000012303F052B97B6C1A687B7D114618461D
:101B900003F03AFB02467B6C1A6003F03CB903F099
:101BA0003AB9654B1B78184603F044F903467B7538
:101BB0007B7DFF2B40F09E827B6C1B68DAB2614B11
:101BC000A3FB0213D9090B461B025B1AD31ADAB224
:101BD0007B6B1A707B6C00221A607B6B1B78502B1E
:101BE00000F2788201A252F823F000BF491D0008DC
:101BF0009D1D0008D5200008D5200008D31D000831
:101C0000731E0008731E0008731E0008DB1E000808
:101C1000371F0008D5200008D5200008D52000086F
:101C2000D5200008D5200008D5200008D5200008C0
:101C3000D5200008D5200008D5200008D5200008B0
:101C4000D5200008D5200008D5200008D5200008A0
:101C5000D5200008D5200008D5200008D520000890
:101C6000D5200008D5200008D5200008D520000880
:101C7000D5200008D5200008D5200008D520000870
:101C8000611F00089F1F00089F1F00089F1F00087A
:101C90009F1F0008D5200008D5200008D520000887
:101CA000D5200008D5200008D52000089F1F000877
:101CB0009F1F00089F1F0008D5200008D52000089E
:101CC0009F1F00081F20000855200008D52000088D
:101CD000D5200008D5200008D5200008D520000810
:101CE000D5200008D5200008D5200008D520000800
:101CF000D5200008D52000086B2000086B200008C4
:101D00006B200008D5200008D5200008D520000849
:101D1000C3200008D5200008D5200008D5200008E1
:101D2000D5200008D5200008D52000086B20000829
:101D3000C4450020BE0B00200D050020180900201E
:101D40000C05002081808080BB6B00221A80A64B8E
:101D50001B78502B03D0A44B1B78482B03D13B6B33
:101D600049221A70D2E1A04B1B78512B06D13B6B54
:101D700048221A707B6B00221A70C7E19A4B1B78BD
:101D80000293FB8A01930123009300230022002188
:101D9000472003F0E3F8FC2303F047B8924B1B788D
:101DA000502B06D17B6B1D221A703B6B3B221A70A5
:101DB000ACE18D4B1B780293FB8A019301230093C6
:101DC000002300220121472003F0C8F8FC2303F080
:101DD0002CB8854B1B78502B03D0834B1B78482B9A
:101DE00006D17B6B00221A703B6B30221A708DE19A
:101DF0007D4B1B784E2B0DD17B6B00221A703B6BF9
:101E000030221A70794B1B7843F00103DAB2774B1A
:101E10001A707BE13B7D002B1BD03B6B3A7D1A7027
:101E2000724B1B7803F02003002B0FD0704B1B78F4
:101E30001A46704B002123F812106D4B1B781A467E
:101E40006D4B0A219954012302F0EFBF032302F0E6
:101E5000ECBF654B1B780293FB8A0193012300932F
:101E6000002300220421472003F078F8FC2302F02D
:101E7000DCBF7B6B1B78043BDAB27B6B1A705A4B6E
:101E80001B78502B03D0584B1B78482B03D13B6B4E
:101E900030221A703AE1544B1B784E2B0AD13B6B1F
:101EA00030221A70514B1B7843F00103DAB24F4BCA
:101EB0001A702BE17B6B1B780433D9B24A4B1B7829
:101EC0000293FB8A01930123009300230022472001
:101ED00003F044F8FC2302F0A8BF7B6B00221A70C9
:101EE000414B1B78502B03D03F4B1B78482B03D121
:101EF0003B6B42221A7009E13B4B1B784E2B0AD1F7
:101F00003B6B42221A70394B1B7843F00103DAB263
:101F1000364B1A70FAE0344B1B780293FB8A01931C
:101F200001230093002300220821472003F016F824
:101F3000FC2302F07ABF3B6B20221A702B4B1B78DC
:101F400003F02003002B08D0294B1B781A462A4B9C
:101F50000C219954012302F068BF0D2302F065BFE4
:101F6000214B1B78512B09D13B6B4A221A70204B15
:101F700000221A707B6B00221A70C7E01A4B1B7884
:101F80000293FB8A01930123009300230022252161
:101F9000472002F0E3FFFB2302F047BF00BF3B7D79
:101FA000002B05D03B6B3A7D1A701B2302F03DBF1E
:101FB0000D4B1B78502B03D00B4B1B78482B03D1B8
:101FC0003B6B4D221A70A1E0074B1B784E2B15D1AD
:101FD0003B6B4D221A70054B1B7843F00103DAB2BC
:101FE000024B1A7092E000BF0D0500200C05002086
:101FF000080500203C0F0020F80E00207B6B1978AC
:10200000434B1B780293FB8A019301230093002327
:102010000022472002F0A2FFFC2302F006BF3C4B47
:102020001B78502B06D17B6B1C221A703B6B3B221A
:102030001A706BE0364B1B780293FB8A01930123E5
:102040000093002300223621472002F087FFFC2363
:1020500002F0EBBE2F4B40221A70BB6B00221A809D
:102060007B6B00221A7000F0BDBF294B1B78502BF0
:1020700003D0274B1B78482B03D13B6B4C221A70A3
:1020800044E0234B1B784E2B0AD13B6B4C221A7039
:10209000214B1B7843F00103DAB21F4B1A7035E075
:1020A0007B6B19781A4B1B780293FB8A01930123EF
:1020B000009300230022472002F050FFFC2302F08F
:1020C000B4BE3B6B20221A707B6B00221A7019235E
:1020D00002F0ABBE0E4B1B780293FB8A01930123E7
:1020E000009300230022FF21472002F037FFFC234A
:1020F00002F09BBE7B6C1A687B7D1146184603F08C
:1021000083F802467B6C1A6002F085BE02F083BE43
:102110000D050020080500200C050020D94B1B7878
:10212000184602F087FE03467B757B7DFF2B40F04F
:10213000A5837B6C1B68DAB2D34BA3FB0213D909CE
:102140000B461B025B1AD31ADAB27B6B1A707B6CDC
:1021500000221A607B6B1B78023B962B00F27E8379
:1021600001A252F823F000BFC5230008FD23000898
:10217000FD230008FD230008492400085D2800080D
:102180005D2800085D2800085D2800085D2800081B
:102190005D2800085D2800085D2800085D2800080B
:1021A000FD230008FD2300085D2800085D280008C5
:1021B0005D2800085D2800085D2800085D280008EB
:1021C0005D2800085D2800085D2800085D280008DB
:1021D0005D2800085D2800085D2800085D280008CB
:1021E0005D2800085D2800085D2800087F2400089D
:1021F000EF240008EF2400085D2800085D2800088F
:102200005D2800085D2800085D2800085D2800089A
:102210005D2800085D2800085D2800085D2800088A
:102220005D2800085D2800085D2800085D2800087A
:102230005D2800085D2800085D2800085D2800086A
:102240005D2800085D2800085D2800085D2800085A
:102250005D2800085D2800085D2800085D2800084A
:102260005D2800085D2800085D2800085D2800083A
:102270005D2800089D1F00089D1F00089525000887
:102280005D2800085D2800085D2800085D2800081A
:102290005D2800085D2800085D2800085D2800080A
:1022A0005D2800085D2800085D2800085D280008FA
:1022B0005D2800085D2800085D2800085D280008EA
:1022C0005D2800085D2800085D2800085D280008DA
:1022D0005D2800085D2800085D2800085D280008CA
:1022E0005D2800085D2800085D2800085D280008BA
:1022F0005D2800085D2800085D2800085D280008AA
:102300005D2800085D2800085D2800085D28000899
:102310005D2800085D2800085D2800085D28000889
:102320005D2800085D2800085D2800085D28000879
:102330005D2800085D2800085D2800085D28000869
:102340005D2800085D2800085D2800085D28000859
:102350005D2800085D2800085D2800085D28000849
:102360005D2800085D2800085D2800085D28000839
:102370005D2800085D280008C72600085D280008C1
:1023800073270008812700085D2800085D280008E1
:102390005D2800085D2800085D2800085D28000809
:1023A000352600089D1F00085D2800085D280008EC
:1023B0005D2800085D280008132700085D28000834
:1023C0008F2700083B7D002B08D03B6B3A7D1A70AD
:1023D0007B6C01221A60082302F027BD294B1B7871
:1023E0000293FB8A01930123009300230022022120
:1023F0004D2002F0B3FDFB2302F017BD3B7D002B07
:1024000009D03B6B3A7D1A707B6C4FF6FF721A60F5
:10241000172302F00ABD1B4B1B78502B03D13B6BDB
:102420004B221A7036E27B6B1978164B1B7802939D
:10243000FB8A019301230093002300224D2002F028
:102440008DFDFB2302F0F1BC0E4B1B78502B06D107
:102450003B6B39221A707B6B01221A701AE2094B0E
:102460001B780293FB8A019301230093002300222F
:1024700006214D2002F072FDFB2302F0D6BC0023A2
:102480007B750AE00D050020818080807B7DA94A54
:102490000021D1547B7D01337B757B7D0C2BF5D9DD
:1024A0003B7D002B08D03B6B3A7D1A707B6B002282
:1024B0001A70212302F0B9BC9F4B1B78502B06D118
:1024C0003B6B44221A707B6B21221A70E2E19A4B1B
:1024D0001B780293FB8A01930123009300230022BF
:1024E00023214D2002F03AFDFB2302F09EBC7B6BC2
:1024F0001B78243BDAB27B6B1A703B7D002B17D024
:102500003B6B3A7D1A708D4B1B7803F02003002B38
:102510000BD08B4B1B781A467B6B1B780833D9B2D8
:10252000884B9954012302F080BC1E2302F07DBC2D
:10253000814B1B78502B03D07F4B1B78482B06D147
:102540007B6B1D221A703B6B42221A70A2E17A4B00
:102550001B784E2B0DD17B6B1D221A703B6B4222D8
:102560001A70764B1B7843F00103DAB2734B1A7082
:1025700090E17B6B1978704B1B780293FB8A019377
:1025800001230093002300224D2002F0E7FCFB23EF
:1025900002F04BBC3B7D002B21D03B6B3A7D1A7087
:1025A000664B1B7803F02003002B15D0644B1B787F
:1025B0001A46654B002123F81210614B1B781A460E
:1025C000604B062199545E4B1B781A465F4B0121E4
:1025D0009954012302F029BC082302F026BC564B73
:1025E0001B78502B03D0544B1B78482B03D13B6BEB
:1025F00050221A704EE1504B1B784E2B0AD13B6B88
:1026000050221A704D4B1B7843F00103DAB24B4B4A
:102610001A703FE1484B1B780293FB8A0193012318
:1026200000930023002247214D2002F097FCFB235A
:1026300002F0FBBB404B1B78502B03D03E4B1B786A
:10264000482B03D13B6B46221A7023E13A4B1B788F
:102650004E2B0AD13B6B46221A70384B1B7843F045
:102660000103DAB2354B1A7014E13B7D002B1AD00E
:102670003B6B3A7D1A70314B1B7803F02003002B23
:1026800006D02F4B1B781A462E4B0E21995407E08B
:1026900008F07AFC03460C46184621460CF036FE3C
:1026A000012302F0C2BB244B1B780293FB8A0193E7
:1026B000012300930023002290214D2002F04EFCC4
:1026C000FB2302F0B2BB1C4B1B78502B06D17B6B5B
:1026D0002F221A703B6B3B221A70DBE0164B1B78E3
:1026E000512B06D13B6B36221A707B6B03221A707A
:1026F000D0E0114B1B780293FB8A019301230093D6
:102700000023002286214D2002F028FCFC2302F049
:102710008CBB094B1B78512B1AD13B6B5D221A7075
:10272000074B00221A70BB6B00221A807B6B0022C1
:102730001A70AFE0244600200D0500200C05002093
:1027400008050020F80E00203C0F00201C0C002083
:102750007B6B1978A64B1B780293FB8A01930123AC
:102760000093002300224D2002F0F8FBFB2302F02F
:102770005CBB7B6B1B7843F01003DAB27B6B1A7087
:102780007B6B1B7843F02003DAB27B6B1A707B6B98
:102790001B7883F02003DAB27B6B1A703B7D002B31
:1027A00031D03B6B3A7D1A70924B1B7803F02003BB
:1027B000002B1CD0904B1B781A46904B002123F81D
:1027C00012108D4B1B781A467B6B1B7803F00103AC
:1027D000DBB2C3F10603D9B2894B9954864B1B78FF
:1027E0001A46884B01219954012302F01EBB7B6BD2
:1027F0001B7803F00103002B02D02D2302F015BB40
:10280000082302F012BB7A4B1B78502B03D13B6B91
:1028100034221A703EE0764B1B78512B0DD13B6B66
:1028200045221A70BB6B00221A807B6B1B7803F069
:102830003003DAB27B6B1A702CE07B6B19786C4B2F
:102840001B780293FB8A019301230093002300224B
:102850004D2002F083FBFB2302F0E7BA644B1B78A8
:102860000293FB8A01930223009300230022FF219D
:102870004D2002F073FBF92302F0D7BA7B6C1A6883
:102880007B7D1146184602F0BFFC02467B6C1A6045
:1028900002F0C1BA02F0BFBA554B1B78184602F0DD
:1028A000C9FA03467B757B7D022B40F298803B6B17
:1028B0003B221A707B6C00221A604D4B1B78492B0F
:1028C0000BD13B6B3A221A707B6C4FF02A321A60A4
:1028D000FB6B00221A7002F09EBA454B1B78442B0A
:1028E00004D17B6B0F221A7002F095BA404B1B7813
:1028F000422B07D13B6B3C221A707B6B12221A7061
:1029000002F089BA3A4B1B78522B04D17B6B102210
:102910001A7002F080BA364B1B78542B10D1FB6B27
:102920001B78013BDBB203F00F03DAB2FB6B1A70CA
:102930003B6B3E221A707B6B04221A7002F06BBA5A
:102940002B4B1B78572B07D13B6B3C221A707B6BB0
:1029500014221A7002F05FBA254B1B78462B04D163
:102960007B6B11221A7002F056BA214B1B78412B57
:1029700010D13B6B47221A70234B47221A70FB6B16
:102980001B78013BDBB203F00F03DAB2FB6B1A706A
:1029900002F041BA164B1B78532B04D17B6B2E22CD
:1029A0001A7002F038BA124B1B78432B07D1FB6B1D
:1029B0000C221A703B6B27221A7002F02CBA0C4BB7
:1029C0001B780293FB8A01930123009300230022CA
:1029D000FF21552002F0C2FAFB2302F026BAFB6B5E
:1029E0001A787B7D1343DAB2FB6B1A7002F013BACC
:1029F0000D0500200C050020080500203C0F0020DC
:102A0000F80E00201C0C0020BE0B0020AC4B002256
:102A10001A70AC4B1B78492B0DD13B6B3C221A70C2
:102A2000A94B7F221A70A94B00221A707B6B3122AE
:102A30001A7002F0F0B9A34B1B78542B04D13B6BF6
:102A400061221A7002F0E7B99E4B1B78522B0BD112
:102A50009F4B1B7843F00203DAB29D4B1A703B6B1D
:102A600061221A7002F0D7B9964B1B78532B0DD107
:102A700007F0CEFC3B6B2E221A703B7D002B02D060
:102A80003B6B3A7D1A70012302F0CFB98D4B1B7856
:102A90000293FB8A01930123009300230022432128
:102AA000552002F05BFAFB2302F0BFB9854B1B787F
:102AB0000A2B04D0834B1B780D2B42F095813B6B86
:102AC00020221A7002F090B97E4B1B78184602F053
:102AD000B1F903467B757B7DFF2B3DD13B7D002B00
:102AE00009D03B6B3A7D1A70794B1B7803F02003B9
:102AF000002B2CD012E07B6B1B780433D9B2714BC6
:102B00001B780293FB8A0193012300930123002287
:102B1000472002F023FAFB2302F087B97B6B1B7876
:102B2000012B14D86B4B1B781A467B6C1B6899B22F
:102B3000694B23F81210674B1B781A467B6B1B7886
:102B40000A33D9B2654B9954012302F06EB97B6BFD
:102B50001B78033302F069B97B6C1A687B7D1146E0
:102B6000184602F065FB02467B6C1A6002F053B90E
:102B7000544B1B78184602F05DF903467B757B7D4C
:102B8000FF2B2ED13B7D002B07D03B6B3A7D1A707B
:102B90007B6B1B78133302F048B97B6B1B78002BDF
:102BA0000FD0484B1B780293FB8A019301230093BB
:102BB0000123002219214D2002F0D0F9FB2302F05D
:102BC00034B9404B1B780293FB8A01930123009395
:102BD000012300220821472002F0C0F9FB2302F064
:102BE00024B97B6C1A687B7D1146184602F020FBE5
:102BF00002467B6C1A6002F00EB9324B1B78184605
:102C000002F018F903467B757B7DFF2B72D13B7D6B
:102C1000002B07D03B6B3A7D1A70FB6B1B78002BA7
:102C200017D010E07B6B1978264B1B780293FB8A38
:102C3000019301230093032300224D2002F08EF91B
:102C4000FB2302F0F2B87B6C1B684FF6FF729342D5
:102C50000ED17B6B1B7803F02003002B03D0204B9D
:102C60001B881A4602E01F4B1B881A467B6C1A60B1
:102C7000174B1B7803F02003002B35D0154B1B7826
:102C80001A467B6C1B6899B2134B23F81210114B38
:102C90001B7819467B6B1B7803F02003002B09D1AE
:102CA0007B6B1B7803F01003002B01D0292302E07B
:102CB000042300E00123094A5354012302F0B5B86C
:102CC000250900200D0500202409002028090020E6
:102CD0000C050020080500203C0F0020F80E002005
:102CE000524600204C460020FB6B04221A70092338
:102CF00002F09BB8FB6B1B780133DAB2FB6B1A70E6
:102D0000FB6B1B78042B02D9F72302F08EB87B6C87
:102D10001A687B7D1146184602F076FA02467B6CF3
:102D20001A6002F078B8A74B1B78184602F082F8B8
:102D300003467B757B7DFF2B40F0E0807B6B1B782F
:102D400003F00203002B00F085803B7D002B09D0AF
:102D50003B6B3A7D1A709C4B1B7803F02003002BD1
:102D600057D00FE0974B1B780293FB8A0193012306
:102D700000930323012298214D2002F0EFF8FB235A
:102D800002F053B87B6B1B7803F00403002B37D0A1
:102D90007B6C1B684FF6FF72934211D18B4B1B78F3
:102DA00019467B6B1B7803F02003002B02D0884B65
:102DB0001B8801E0874B1B88874A22F8113008E006
:102DC000824B1B781A467B6C1B6899B2824B23F8A6
:102DD00012107E4B1B7819467B6B1B7803F0200387
:102DE000002B09D17B6B1B7803F01003002B01D063
:102DF000292302E0042300E00123784A535405E02C
:102E0000724B1B781A46754B00219954012302F02E
:102E10000CB87B6B1B7803F00403002B02D1012359
:102E200002F003B87B6C1B684FF6FF7293420ED121
:102E30007B6B1B7803F02003002B03D0644B1B88B3
:102E40001A4602E0634B1B881A467B6C1A60092302
:102E500001F0EBBF5B4B1B78502B2DD17B6B1B78AC
:102E600003F00103002B27D17B6B1B7843F0030396
:102E7000DAB27B6B1A70FB6B1B78002B11D00CF055
:102E80004FFA0346FA6B127893FBF2F102FB01F260
:102E90009B1A9BB29B009BB25B429AB2BB6B1A809F
:102EA00070E04F4B1B789BB29B009BB2C3F10403B5
:102EB0009AB2BB6B1A8065E0424B1B784E2B0DD14A
:102EC0007B6B1B7803F00103002B07D13E4B1B7873
:102ED00043F00103DAB23C4B1A7053E0394B1B78D4
:102EE0000293FB8A0193012300930023012298217E
:102EF0004D2002F033F8FB2301F097BF7B6B1B786A
:102F000003F00103002B27D0BB6B1B8801339AB25F
:102F1000BB6B1A80BB6B1B88002B01F06787BB6BF8
:102F20001B88042B01F262877B6C1A687B7D11463B
:102F3000184602F069F902467B6C1A60BB6B1B886D
:102F4000042B41F053877B6B1B7843F00403DAB208
:102F50007B6B1A7001F04ABFFB6B1B781A467B7DB6
:102F60001146184602F064F90346DAB2FB6B1A7098
:102F7000FB6B1B78C82B41F23987FB6BC8221A7098
:102F800001F034BF01F032BF0E4B1B78184601F040
:102F900051FF03467B757B7DFF2B40F0DD80094BA5
:102FA0001B78522B04D17B6B04221A7001F033BFC3
:102FB000044B1B78482B15D17B6B08221A7001F04B
:102FC0002ABF00BF0D0500200C05002008050020C9
:102FD000524600204C4600203C0F0020F80E0020F6
:102FE000A8060020A14B1B7823F00D03DAB29F4BFB
:102FF0001A703B6B35221A707B6B1B7803F004034D
:10300000002B0BD09A4B1B7803F00103002B05D14A
:10301000984B1B781033DAB2964B1A70954B1B788D
:103020001A46944B1B781946934B5B5C03F07F0365
:10303000D9B2914B9954914B1B78542B07D13B6BD0
:103040002E221A70BB6B2C221A8001F0E4BE8B4B2F
:103050001B78502B04D1BB6B01221A8001F0DBBE20
:10306000864B1B784C2B04D1BB6B02221A8001F0DB
:10307000D2BE824B1B784A2B04D1BB6B03221A8031
:1030800001F0C9BE7D4B1B78492B04D1BB6B0422D8
:103090001A8001F0C0BE794B1B784F2B04D1BB6B5B
:1030A00005221A8001F0B7BE3B7D002B12D03B6B8E
:1030B0003A7D1A706F4B1B781A466E4B1B78194677
:1030C0006D4B5B5C63F07F03D9B26B4B995401236A
:1030D00001F0ABBE694B1B784D2B0BD1634B1B78BA
:1030E00043F02003DAB2614B1A703B6B25221A7051
:1030F00001F091BE614B1B78472B0BD15B4B1B78CA
:1031000043F02003DAB2594B1A703B6B24221A7039
:1031100001F081BE574B1B783F2B0DD8574B1B78C6
:103120000293FB8A0193012300930023012296213D
:103130004D2001F013FF0CE0504B1B780293FB8AEB
:10314000019301230093002301223721472001F03E
:1031500005FFFB2301F069BE7B6B1B78082B15D1A3
:10316000444B1B781B01DAB2424B1A70414B1A7860
:103170007B7D1343DAB23F4B1A703E4B1B7803F052
:103180003F03DAB23B4B1A7001F045BE384B1B7857
:1031900003F00103002B17D07B7D013BDBB203F072
:1031A00007037B757B7D012202FA03F35BB203F018
:1031B0003F035AB22F4B1B785BB213435BB2DAB2B8
:1031C0002C4B1A7001F027BE2A4A7B7D137001F048
:1031D00022BE2A4B1B78184601F02CFE03467B7555
:1031E0007B7DFF2B30D13B7D002B07D03B6B3A7DA5
:1031F0001A70FB6B1B78002B1ED017E07B6B1B78C3
:103200009B10DBB203F00103DBB20133DAB21B4BDC
:103210001B780293FB8A01930123009303239621D9
:103220004D2001F09BFEFB2301F0FFBD7B6C1B6872
:103230004FF6FF72934204D1114B1B881A467B6CE8
:103240001A600A2301F0F1BDFB6B1B780133DAB27F
:10325000FB6B1A707B6C1A687B7D1146184601F077
:10326000D3FF02467B6C1A6001F0D5BD0C0500202F
:10327000A406002008050020F80E00200D050020FF
:10328000524600209A4B1B78184601F0D3FD0346A6
:103290007B757B7DFF2B40F0D980954B1B78522BA3
:1032A00009D17B6B1B7803F00103002B03D17B6BEF
:1032B00004221A7019E18E4B1B78482B09D17B6BC5
:1032C0001B7803F00103002B03D17B6B80221A7063
:1032D0000BE1874B1B78502B0DD17B6B1B7803F0D8
:1032E0000103002B07D17B6B1B7843F00103DAB29B
:1032F0007B6B1A70F9E07E4B1B784E2B14D17B6BE5
:103300001B7803F00103002B0ED17B6B1B7843F07D
:103310000103DAB27B6B1A70764B1B7843F0010322
:10332000DAB2744B1A70E0E0714B1B783E2B0DD172
:103330007B6B1B7803F00103002B07D07B6B1B78A2
:1033400043F00203DAB27B6B1A70CEE0684B1B7855
:103350003C2B0DD17B6B1B7803F00103002B07D0B6
:103360007B6B1B7823F00203DAB27B6B1A70BCE034
:103370005F4B1B783D2B0DD17B6B1B7803F001035A
:10338000002B07D07B6B1B7843F00A03DAB27B6B10
:103390001A70AAE0564B1B78212B14D17B6B1B783B
:1033A00003F00103002B0ED07B6B1B7843F0080366
:1033B000DAB27B6B1A707B6B1B7823F00203DAB2F4
:1033C0007B6B1A7091E03B7D002B03D03B6B3A7D09
:1033D0001A7026E0464B1B783F2B0AD17B6B1B787B
:1033E00043F01003DAB27B6B1A703B6B2E221A701B
:1033F00017E07B6B1B789B10DBB203F00103DBB2A1
:103400000133DAB23A4B1B780293FB8A0193012312
:10341000009300232521472001F0A0FDFB2301F0AC
:1034200004BD7B6B1B7803F00403002B0BD0324BE5
:103430001B7803F00103002B05D1304B1B781033B0
:10344000DAB22E4B1A701A2301F0EFBC7B6B1B789B
:1034500003F00103002B0BD07B6C1A687B7D1146B7
:10346000184601F0E5FE02467B6C1A6001F0D3BC01
:103470007B6B1B78802B15D1204B1B781B01DAB29C
:103480001E4B1A701D4B1A787B7D1343DAB21B4B0F
:103490001A701A4B1B7803F03F03DAB2174B1A70FD
:1034A00001F0B9BC144B1B7803F00103002B17D0BB
:1034B0007B7D013BDBB203F007037B757B7D012243
:1034C00002FA03F35BB203F03F035AB20B4B1B78D3
:1034D0005BB213435BB2DAB2084B1A7001F09BBCCB
:1034E000064A7B7D137001F096BC01F094BC00BFCE
:1034F0000D0500200C050020A40600200805002072
:10350000964B1B78184601F095FC03467B757B7D36
:10351000FF2B79D13B7D002B18D03B6B3A7D1A7085
:103520007B6B1B78032B2DD18D4B00221A8000233F
:103530007B7507E07B7D8B4A002122F813107B7D91
:1035400001337B757B7D012BF4D95AE0834B1B78CB
:10355000502B07D17B6B1B78032B03D17B6B002295
:103560001A700FE07D4B1B780293FB8A01930123B5
:1035700000930023012286214D2001F0EFFCFB2364
:1035800001F053BCFB6B1B781A46764B33F81230B4
:103590001BB2DB431AB2724BB3F9003013401AB2BC
:1035A0006F4B1A806E4BB3F900301A467B6C1B6868
:1035B0001340002B15D17B6C1B689AB2684BB3F992
:1035C00000309BB213439BB21AB2654B1A80FB6B5F
:1035D0001B781A467B6C1B6899B2624B23F8121059
:1035E0000FE05E4B1B780293FB8A0193022300934A
:1035F0000323012286214D2001F0B0FCF92301F0C4
:1036000014BC012301F011BC7B6B1B78012B14D877
:103610007B7D03F007037B757B6C1B687A7D012142
:1036200001FA02F21A437B6C1A607B6B1B78013340
:10363000DAB27B6B1A7001F0EEBB7B6B1B78032B4D
:1036400017D17B7D012B0FD9444B1B780293FB8A4A
:103650000193022300930023012286214D2001F0D3
:103660007DFCF92301F0E1BBFB6B7A7D1A7001F060
:10367000D2BB3A4B1B780293FB8A0193032300933E
:103680000323012286214D2001F068FCFA2301F07A
:10369000CCBB324B1B78184601F0CCFB03467B7544
:1036A0007B7DFF2B64D13B7D002B05D03B6B3A7DAE
:1036B0001A70012301F0B9BB284B1B782D2B0FD1B9
:1036C000294B1B7823F00C03DAB2274B1A70264BD8
:1036D0001B7843F00803DAB2234B1A7001F088BB61
:1036E0001E4B1B782B2B0FD11F4B1B7823F00C0389
:1036F000DAB21D4B1A701C4B1B7843F00403DAB28C
:10370000194B1A7001F074BB144B1B78522B03D069
:10371000124B1B78722B11D1FB6B04221A700BF029
:10372000FFFD0246114B1B88013392FBF3F103FBB3
:1037300001F3D31A1A467B6C1A6029E0074B1B78F9
:103740000293FB8A019301230093032300220021AB
:10375000472001F003FCFB2301F067BB0D050020AF
:10376000A6060020600C00200C050020540000205C
:103770007B6C1A687B7D1146184601F045FD0246B8
:103780007B6C1A60FB6B1B780133DAB2FB6B1A702F
:10379000FB6B1B78032B41F22B83BB6B1B88072B26
:1037A00012D93B6B20221A70AA4B1B780293FB8A1A
:1037B000019303230093032300220021472001F0FB
:1037C000CDFBFA2301F031BBA34B1B789B10DBB27E
:1037D00003F00303DAB2A14B1A70BB6B1B881C46C3
:1037E000BB6B1B881A469E4B33F8123018469D4B14
:1037F0001B881A46796C06F055FB03469AB2984B23
:1038000023F81420944B1B7823F00C03DAB2924B6C
:103810001A70954B1B7843F00203DAB2924B1A7080
:10382000BB6B1B8801339AB2BB6B1A80FB6B002207
:103830001A707B6C00221A6001F0DABA854B1B7893
:10384000184601F0F7FA03467B757B7DFF2B40F0AD
:10385000A7807B6B1B7803F00203002B57D03B7DC6
:10386000002B08D03B6B3A7D1A70FB6B00221A705C
:10387000182301F0DABA774B1B782D2B0FD1764B3A
:103880001B7823F00C03DAB2734B1A70724B1B785F
:1038900043F00803DAB2704B1A7001F0BCBA6D4BFA
:1038A0001B782B2B0FD16C4B1B7823F00C03DAB257
:1038B000694B1A70684B1B7843F00403DAB2664B0D
:1038C0001A7001F0A8BA634B1B78522B0FD10BF082
:1038D00027FD0246634B1B88013392FBF3F103FB88
:1038E00001F3D31A1A467B6C1A6001F094BA594B53
:1038F0001B780293FB8A0193012300930123012289
:103900000021472001F02AFBFB2301F08EBA514B26
:103910001B78502B03D04F4B1B78482B09D17B6B66
:103920001B7803F00103002B03D17B6B03221A7079
:1039300057E0484B1B784E2B10D17B6B1B7803F064
:103940000103002B0AD17B6B03221A70424B1B78B8
:1039500043F00103DAB2404B1A7042E03D4B1B7852
:10396000522B0DD17B6B1B7803F00103002B07D189
:103970007B6B1B7843F00703DAB27B6B1A7030E085
:10398000344B1B780293FB8A01930123009300239D
:1039900001220021472001F0E1FAFB2301F045BAA2
:1039A0007B6B1B7803F00103002B0BD07B6C1A6838
:1039B0007B7D1146184601F03BFC02467B6C1A6089
:1039C00001F029BABB6B1B881AB27B7D012101FA79
:1039D00003F31BB213431BB29AB2BB6B1A8001F004
:1039E0001ABA01F018BA1B4B1B78184601F022FADC
:1039F00003467B757B7DFF2B1CD13B7D002B08D0C4
:103A00003B6B3A7D1A70FB6B00221A70172301F092
:103A10000CBA7B6B19780F4B1B780293FB8A0193CE
:103A200001230093032300224D2001F097FAFB238A
:103A300001F0FBB97B7D072B18D87B6C1B687A7D66
:103A400040F2011101FA02F21A437B6C1A6001F094
:103A5000E2B900BF0D0500200C0500204E460020F5
:103A6000AC0E002054000020580600207B6B197813
:103A7000AD4B1B780293FB8A01930223009303232F
:103A800000224D2001F06AFAF92301F0CEB9A64BCD
:103A90001B78184601F0CEF903467B757B7DFF2B22
:103AA00054D13B7D002B05D03B6B3A7D1A700C2323
:103AB00001F0BBB99C4B1B78572B0AD17B6C1B6860
:103AC0001946012001F0A0FB02467B6C1A6001F050
:103AD000A2B9954B1B78532B0AD17B6C1B681946F6
:103AE000022001F091FB02467B6C1A6001F093B951
:103AF0008D4B1B784B2B0AD17B6C1B68194603201E
:103B000001F082FB02467B6C1A6001F084B9864B9F
:103B10001B78472B0AD17B6C1B681946042001F0E7
:103B200073FB02467B6C1A6001F075B97E4B1B7803
:103B30000293FB8A019301230093032300220621B1
:103B40004D2001F00BFAFB2301F06FB97B6C1A6872
:103B50007B7D1146184601F057FB02467B6C1A60CC
:103B600001F059B9704B1B78184601F063F9034610
:103B70007B757B7DFF2B3CD13B7D002B0CD03B6BC1
:103B80003A7D1A70FB6B00221A70684B1B7803F0A9
:103B90002003002B20D00FE0634B1B780293FB8A9D
:103BA0000193012300930123002290214D2001F075
:103BB000D5F9FB2301F039B95D4B1B781A467B6CB4
:103BC0001B6899B25B4B23F81210594B1B781A46AD
:103BD000594B0D21995404E07B6C1B6818460BF07F
:103BE00095FB7B6C1B6818460BF090FB012301F0E2
:103BF0001CB97B6C1A687B7D1146184601F018FBD6
:103C000002467B6C1A6001F006B93B7D002B08D0A0
:103C10003B6B3A7D1A70FB6B00221A700E2301F089
:103C200004B9FB6B1B78032B0FD93F4B1B78029316
:103C3000FB8A019301230093002300224921552090
:103C400001F08CF9FB2301F0F0B8FB6B1B7801331A
:103C5000DAB2FB6B1A707B6C1B681B02324A12785B
:103C60001A447B6C1A6001F0D6B82F4B1B781846AB
:103C700001F0E0F803467B757B7DFF2B5ED13B7D39
:103C8000002B06D03B6B3A7D1A707B6B1B7801F0E2
:103C9000CCB8254B1B78502B01F0AC80224B1B7805
:103CA000482B01F0A780204B1B784E2B08D11F4BCF
:103CB0001B7843F00103DAB21C4B1A7001F09AB87A
:103CC0007B6B1B78122B02D142237B751CE07B6B34
:103CD0001B78142B02D157237B7515E07B6B1B7867
:103CE000352B0FD1104B1B780293FB8A01930123D4
:103CF0000093002300224D21532001F02FF9FB23D4
:103D000001F093B843237B75074B1B78797D0293B1
:103D1000FB8A01930123009300230022552001F028
:103D20001DF9FB2301F081B80D0500200C050020D2
:103D3000080500203C0F0020F80E00207B6C1A685C
:103D40007B7D1146184601F073FA02467B6C1A60BF
:103D500001F050B83B7D002B05D03B6B3A7D1A70CB
:103D6000152301F062B87B6C1B68002B40F0788152
:103D7000AC4B1B78303B2F2B00F24D8101A252F847
:103D800023F000BF553F0008174000081740000807
:103D900017400008174000081740000817400008A7
:103DA0001740000817400008174000081740000897
:103DB0001740000817400008174000081740000887
:103DC000174000081740000807400008693E000837
:103DD0007D3E0008953F000817400008613E00083E
:103DE000174000080F400008D53E000817400008A3
:103DF00017400008174000088D3F0008633F000887
:103E0000FF3F00089D3E000817400008713F000872
:103E1000C33E0008533E0008B13E0008453E00087E
:103E20001740000817400008174000081740000816
:103E3000174000087F3F000817400008174000089F
:103E4000473F0008FB6B1B781946774806F000F8DF
:103E50004FE2FB6B1B781946744805F0F9FF48E206
:103E60007B6C03221A603BE2714B1B789AB2FB6BAE
:103E70001B781946104601F022F83AE27B6C0022CA
:103E80001A606C4B00221A70BB6B00221A807B6B8D
:103E900000221A703B6B5F221A7021E2664B1B787E
:103EA0009AB2FB6B1B781946104601F008F820E225
:103EB000624B1A88FB6B1B781946104600F0FFFF17
:103EC00017E25F4B1A88FB6B1B781946104600F00F
:103ED000F6FF0EE25B4B1B680321184601F0CAF99E
:103EE00003461A46FB6B1B7819461046FCF79AFBF3
:103EF000544B1B680221184601F0BCF903461A46D0
:103F0000FB6B1B7819461046FCF78CFB4D4B1B686E
:103F10000121184601F0AEF903461A46FB6B1B78E7
:103F200019461046FCF77EFB464B1B6800211846DD
:103F300001F0A0F903461A46FB6B1B7819461046A0
:103F4000FCF770FBD5E1FB6B1B7819462020FCF7D2
:103F500069FBCEE1FB6B1B7819460020FCF762FB86
:103F6000C7E1FB6B1B7819460A20FCF75BFBC0E13D
:103F7000FB6B1B7819460D20FCF754FBB9E1FB6B7A
:103F80001B7819465C20FCF74DFBB2E17B6C0122EB
:103F90001A60A5E12C4B1B7803F07F03012B06D19F
:103FA000FB6B1B781946294805F052FF9AE1264B16
:103FB0001B7803F00303022B06D1FB6B1B78194619
:103FC000234805F045FF8DE11F4B1B7803F00303E9
:103FD000032B06D1FB6B1B7819461E4805F038FFF2
:103FE00080E1194B1B7803F07F03042B40F07A81AA
:103FF000FB6B1B781946184805F02AFF72E17B6CB1
:1040000002221A606CE17B6C04221A6068E17B6C0E
:1040100005221A6064E1FB6B1B7819460F4805F016
:1040200017FF66E10D050020D4F40008E0F4000855
:1040300026000020BD0B0020A80600200A05002055
:1040400072000020BC0E00202A000020E8F40008C6
:10405000F0F40008F8F4000800F5000808F500087E
:104060007B6C1B68012B1BD1A64B1B78184600F0FC
:10407000E1FE03467B757B7D072B00F235817B7D5E
:10408000A14A32F813301A467B6C1A607B6C1B68AD
:104090009AB2FB6B1B781946104600F010FF23E123
:1040A0007B6C1B68022B68D1964B1B78184600F07E
:1040B000C1FE03467B757B7D072B00F21781934B76
:1040C0001B7803F00303032B32D1914B1B781A4664
:1040D0007B7D42FA03F303F00103002B10D08D4BDC
:1040E0001B78DA437B7D42FA03F303F00103002BD4
:1040F00006D0FB6B1B7819464C20FCF793FAF5E0D1
:10410000854B1B781A467B7D42FA03F303F00103CB
:10411000002B06D0FB6B1B7819465320FCF782FA64
:10412000E4E0FB6B1B7819464E20FCF77BFADDE0E0
:10413000764B1B7803F00303022B17D1764B1B78C9
:104140001A467B7D42FA03F303F00103002B06D0ED
:10415000FB6B1B7819465320FCF764FAC6E0FB6B37
:104160001B7819464E20FCF75DFABFE0FB6B1B780D
:1041700019464C20FCF756FAB8E07B6C1B68032B01
:1041800022D1604B1B78302B08D1644B1A88FB6B13
:104190001B781946104600F092FEAAE0594B1B7896
:1041A000312B08D15E4B1A88FB6B1B7819461046E1
:1041B00000F085FE9DE05B4B1A88FB6B1B7819466F
:1041C000104600F07CFE94E07B6C1B68042B59D1F8
:1041D0004C4B1B78502B08D1534B1A88FB6B1B7828
:1041E0001946104600F06BFE82E0464B1B78552BBB
:1041F0000DD14D4B1B881A464C4B93FBF2F39AB2F0
:10420000FB6B1B781946104600F059FE70E03D4BE1
:104210001B78462B08D1464B1A88FB6B1B78194636
:10422000104600F04CFE63E0364B1B784C2B08D157
:10423000404B1A88FB6B1B781946104600F03FFE76
:1042400056E0304B1B78432B0DD13B4B1A683B4B50
:104250001B68B2FBF3F39AB2FB6B1B78194610464E
:1042600000F02DFE44E0274B1B78542B40D1344BFB
:104270001B88013B9AB2FB6B1B781946104600F075
:104280001EFE35E07B6C1B68062B16D12D4B1B7870
:104290001B01DCB21B4B1B78184600F0CBFD03461C
:1042A0002344DAB2274B1A70264B1A78FB6B1B7823
:1042B00019461046FCF7B6F91BE07B6C1B68052B12
:1042C00040F09A850F4B1B78184600F0B3FD03466B
:1042D0001A461C4B1A707B6C06221A6000F08CBDCB
:1042E00000F08ABD00BF04E000BF02E000BF00E0B4
:1042F00000BF7B6C00221A60134B1A783B6B1A705C
:1043000000F089BD0D050020AC0E00202A00002021
:10431000270000204C060020660000208E4600206A
:104320004C460020504600204000002040420F0034
:104330003A0000202E000020540600203400002007
:104340003C000020BD0B0020BE0B002000BFAA4B8C
:104350001B78502B0BD1BB6B00221A803B6B402289
:104360001A703B6B1A78A54B1A7000F054BDA24B23
:104370001B78482B0AD17B6B00221A70BB6B002282
:104380001A803B6B52221A7000F045BDFB6B1B7804
:104390000C2B01D1432300E054237B75964B1B78F3
:1043A000797D0293FB8A019301230093002301226C
:1043B000552000F0D3FDFB2300F037BD8E4B1B785A
:1043C0000A2B07D08C4B1B780D2B03D08A4B1B7804
:1043D000002B05D13B6B20221A70152300F025BD60
:1043E000854B1B785C2B0BD13B6B1A78834B1A7077
:1043F0003B6B47221A707B6C00221A6000F00BBDE9
:104400007D4B1A78FB6B1B7819461046FCF70AF9AE
:1044100000F001BD784B1B78184600F00BFD0346F9
:104420007B757B7DFF2B00F0A8807B6B1B78002BBE
:1044300000F09480BB6B1B881A467B7D11461846A2
:1044400000F0E2FE03469AB2BB6B1A807B6B1B78CE
:104450000133DAB27B6B1A707B6B1B78032B40F253
:10446000D784664B1A783B6B1A70BB6B1B88B3F50D
:10447000107F03D3BB6B40F23F221A80BB6B1B88BB
:104480001A4652001344DB009AB2BB6B1A80002319
:104490007B751FE07B6C1B685A007B6C1A60BB6BE2
:1044A0001B881A46FB6813441A78554B1B78134037
:1044B000DBB2002B05D07B6C1B6843F001027B6CE8
:1044C0001A60BB6B1B8801339AB2BB6B1A807B7D71
:1044D00001337B757B7D172BDCD97B6C1B681B0A3A
:1044E000DAB27B6B1A707B6C1B68DAB27B6C1B6870
:1044F0001B0A03F47F431A437B6C1A607B6B1B78A7
:104500001B09DBB2184600F0BEFC03461A46FB6BE3
:104510001B7819461046FCF785F87B6B1B7803F077
:104520000F03DBB2184600F0AEFC03461A46FB6BE5
:104530001B7819461046FCF775F87B6C1B689AB21D
:10454000FB6B1B781946104600F0B9FC7B6C00220F
:104550001A607B6B00221A7000F05ABC7B7D072B1F
:1045600006D87B7D012202FA03F3DAB2244B1A70DB
:104570007B6B01221A7000F04BBC1F4B1B780A2B7F
:1045800008D01D4B1B780D2B04D01B4B1B78002B28
:1045900040F03E843B6B20221A70152300F045BC8E
:1045A000154B1B78184600F045FC03467B757B7D58
:1045B000FF2B27D13B7D002B05D03B6B3A7D1A703A
:1045C000152300F032BCFB6B1B780C2B01D143236D
:1045D00000E054237B75084B1B78797D0293FB8A9E
:1045E00001930123009302230122552000F0B6FC21
:1045F000FB2300F01ABC00BF0D050020BE0B0020FD
:10460000BD0B00207B6B1B781A467B7D114618463C
:1046100000F0FAFD0346DAB27B6B1A70BB6B1B88A5
:1046200003F00103002B07D07B6B1A78FB6B1B7820
:1046300019461046FBF7F6FFBB6B1B8801339AB295
:10464000BB6B1A80E7E39B4B1B78184600F0F2FB2C
:1046500003467B757B7DFF2B32D17B6C1B68DBB205
:1046600003F07F03DAB2944B1A70924B1B78512BF4
:1046700007D1924B1B7843F00303DAB28F4B1A70C9
:10468000C9E38E4B1B7803F00203002B3FF45EAEB0
:104690007B6C00221A603B6B3C221A70874B1B78A4
:1046A00003F00103DBB23333DAB27B6B1A70834B56
:1046B0001B7823F00303DAB2804B1A70FFF7DFBADE
:1046C0007E4B1B7803F00103002B12D0BB6B1B88C1
:1046D0001A467B7D1146184600F096FD03469AB2B5
:1046E000BB6B1A80764B1B780133DAB2744B1A70AD
:1046F00091E37B6C1A687B7D1146184600F084FDBF
:1047000002467B6C1A6086E36A4B1B78184600F001
:1047100091FB03467B757B7DFF2B17D13B7D002BE7
:1047200004D03B6B3A7D1A7019237EE37B6B1978BA
:10473000604B1B780293FB8A0193012300930123B2
:104740000022472000F00AFCFB236EE37B6C1A6812
:104750007B7D1146184600F06BFD02467B6C1A60AB
:1047600059E3544B1B78184600F064FB03467B75F5
:104770007B7DFF2B3DD13B7D002B04D03B6B3A7DF5
:104780001A701B2351E34B4B1B782D2B0ED14B4B37
:104790001B7823F00C03DAB2484B1A70474B1B7896
:1047A00043F00803DAB2454B1A7034E3414B1B78EF
:1047B0002B2B0ED1414B1B7823F00C03DAB23F4B6D
:1047C0001A703E4B1B7843F00403DAB23B4B1A706D
:1047D00021E37B6B1978374B1B780293FB8A01939B
:1047E0000123009301230022472000F0B7FBFB23A5
:1047F0001BE37B6C1A687B7D1146184600F018FDA0
:1048000002467B6C1A6006E32A4B1B78184600F0C0
:1048100011FB03467B757B7DFF2B34D13B7D002B49
:1048200009D03B6B3A7D1A70244B1B7803F02003B0
:10483000002B26D00EE01F4B1B780293FB8A0193BE
:10484000012300930323002247214D2000F086FB23
:10485000FB23EAE21B4B1B781A467B6C1B6899B260
:10486000194B23F81210174B1B781A46174B0621C9
:104870009954144B1B781A46154B01219954012366
:10488000D3E20823D1E27B6C1A687B7D114618467F
:1048900000F0CEFC02467B6C1A60BCE23B7D002B34
:1048A00018D03B6B3A7D1A70FB6B00221A70012303
:1048B000BBE200BF0D050020564700200C0500207C
:1048C00025090020080500203C0F0020F80E0020DC
:1048D0001C0C00209A4B1B78302B06D1984B3122B0
:1048E0001A709849984809F09CF9954B1B78312B20
:1048F0003ED19649944809F0EEF90346FB74934B78
:104900005B7A002B0AD1FB6B1B781946904805F0A7
:104910009FFA8C498C4809F084F93FE0FB7C002B1E
:1049200006D0FB7C1A460121022005F0D1F935E0C2
:10493000864B1B7A03F02003002B06D0FB6B1B7801
:104940001946844805F084FA0BE0804B1B7A03F08B
:104950001003002B05D0FB6B1B7819467E4805F031
:1049600077FAFB6B1B7819467C4805F071FA15E065
:10497000734B1B784E2B11D03B6B2E221A70704B51
:104980001B780293FB8A01930123009303230022E7
:104990000121462000F0E2FAFB2346E2FB6B1B7884
:1049A000184605F041FA36E23B7D002B05D03B6B03
:1049B0003A7D1A707B6B1B7837E2FB6B1B780C2BF4
:1049C00023D97B6B1B78212B0DD15D4B1B78029378
:1049D000FB8A0193032300930323002223214D200C
:1049E00000F0BCFA0FE07B6B1B78203BD9B2544B34
:1049F0001B780293FB8A0193032300930323002275
:104A0000462000F0ABFAFA230FE2FB6B1B781A4644
:104A10004B4B1978524B9954FB6B1B780133DAB22C
:104A2000FB6B1A70F7E1464B1B78184600F002FA50
:104A300003467B757B7DFF2B35D1414B1B78502B7B
:104A400003D1FB6B00221A7028E03D4B1B784E2BE4
:104A50000AD1444B1B7843F00103DAB2414B1A7080
:104A6000FB6B01221A7019E0354B1B78482B03D1E0
:104A7000FB6B01221A7011E07B6B1B78533BD9B2A0
:104A80002F4B1B780293FB8A019301230093002391
:104A90000122462000F062FAFB23C6E17B6B1A7804
:104AA0003B6B1A70B7E17B6C1A687B7D1146184628
:104AB00000F0AAFB02467B6C1A60ACE1204B1B782D
:104AC000184600F0B7F903467B757B7DFF2B16D1A6
:104AD0003B7D002B04D03B6B3A7D1A702923A4E167
:104AE000174B1B780293FB8A019301230093012348
:104AF00001220821462000F031FAFB2395E1BB6B2F
:104B00001B881A467B7D1146184600F091FB034630
:104B10009AB2BB6B1A80BB6B1B88B3F5007F40F267
:104B20007981074B1B780293FB8A01930223009340
:104B3000012300220821462000F010FAF92374E135
:104B40000D050020344600206C460020FC45002066
:104B500010F5000818F500081CF5000805460020AF
:104B6000244600200C050020FB6B1B78002B5CD03A
:104B7000A24B1B7803F00103002B56D1A04B1B78EE
:104B8000184600F057F903467B757B7DFF2B1AD141
:104B90003B6B2E221A703B7D002B02D03B6B3A7D83
:104BA0001A70BB6B1B885B089AB2BB6B1A80BB6B1D
:104BB0001B881A469349002001F01EFF0246924BC3
:104BC0001A602A2331E17B6B1B781A467B7D1146E4
:104BD000184600F019FB0346DAB27B6B1A70BB6B08
:104BE0001B885B089BB21A467B6B1978854B9954DE
:104BF000BB6B1B8801339AB2BB6B1A80BB6B1B88E3
:104C00005B089BB2B3F5007FC0F0CD807C4B1B7876
:104C10000293FB8A019303230093022301220921BB
:104C2000462000F09BF9FA23FFE0FB6B1B78002B7A
:104C300040F0AA80714B1B7803F00103002B40F079
:104C4000A3803B7D002B04D03B6B3A7D1A702A2356
:104C5000EBE06E4B1B78032B17D17B6B1B781B0192
:104C6000DCB2674B1B78184600F0E4F80346234497
:104C7000DAB27B6B1A70654B00221A70BB6B1B8813
:104C8000013B9AB2BB6B1A8059E0604B1B78022B38
:104C900012D15B4B1B78184600F0CCF803461A463D
:104CA0007B6B1A70594B03221A70BB6B1B88013B3C
:104CB0009AB2BB6B1A8042E0544B1B78012B32D165
:104CC000524B00221A70FB8ABA6813441A784C4B74
:104CD0001A704B4B1A787B6B1A70494B1B786E2BF2
:104CE00003D17B6B0A221A7016E0454B1B78722B9E
:104CF00003D17B6B0D221A700EE0414B1B78302BD9
:104D000003D17B6B00221A7006E03D4B1B78682BA9
:104D100002D13E4B02221A70BB6B1B88013B9AB238
:104D2000BB6B1A800BE0364B1B785C2B03D1374BE7
:104D300001221A7003E0324B1A787B6B1A703049EB
:104D4000314801F07BFEBB6B1B881A467B6B1978E0
:104D50002C4B9954BB6B1B8801339AB2BB6B1A80E6
:104D6000BB6B1B88B3F5007F1ED3254B1B780293CA
:104D7000FB8A019303230093032301220921462088
:104D800000F0ECF8FA2350E01D4B1B780293FB8AED
:104D9000019301230093002301220921462000F002
:104DA000DDF8FB2341E000BF35E03B7D002B05D063
:104DB0003B6B3A7D1A707B6B1B7836E0104B1B788F
:104DC000184600F037F803461A467B6C1A6022E05A
:104DD000FE232AE000BF1EE000BF1CE000BF1AE077
:104DE00000BF18E000BF16E000BF14E000BF12E0F3
:104DF00000BF10E000BF0EE000BF0CE00C0500207B
:104E00000D050020680C0020C4450020BE0B0020CA
:104E100000BF00E000BFFB8A0133FB823B681B88B8
:104E2000FA8A9A427BF627AE022318461C37BD4603
:104E3000F0BD00BF80B483B000AF0346FB71FB79C7
:104E40002F2B06D9FB79392B03D8FB79303BDBB20A
:104E500014E0FB79402B06D9FB79462B03D8FB796C
:104E6000373BDBB20AE0FB79602B06D9FB79662B76
:104E700003D8FB79573BDBB200E0FF2318460C3721
:104E8000BD4680BC704780B483B000AF0346FB7161
:104E9000FB79092B03D8FB793033DBB20AE0FB79CD
:104EA000092B06D9FB790F2B03D8FB793733DBB2FB
:104EB00000E0FF2318460C37BD4680BC704780B524
:104EC00082B000AF03460A46FB8013467B71FB8825
:104ED0001B0B9BB2DBB203F00F03DBB21846FFF7EC
:104EE000D2FF03461A467B7919461046FBF79AFB18
:104EF000FB881B0A9BB2DBB203F00F03DBB2184640
:104F0000FFF7C1FF03461A467B7919461046FBF7A7
:104F100089FBFB881B099BB2DBB203F00F03DBB2FA
:104F20001846FFF7B0FF03461A467B79194610462C
:104F3000FBF778FBFB88DBB203F00F03DBB218460C
:104F4000FFF7A1FF03461A467B7919461046FBF787
:104F500069FB00BF0837BD4680BD000090B583B037
:104F600000AF0446084611461A462346FB71034625
:104F7000BB710B467B7113463B718D4B1B78DBB2CB
:104F8000002B00F01081FB79002B04D10F21894800
:104F900004F05EFF3DE0FB790F211846FBF742FB72
:104FA000BB79FF2B08D10F212E20FBF73BFB0F21F4
:104FB0002E20FBF737FB2CE0FB79552B09D10F2175
:104FC0007820FBF72FFBBB790F211846FBF72AFB54
:104FD0001FE0FB79532B05D1BB790F211846FBF756
:104FE00021FB16E0BB791B09DBB21846FFF74BFF2C
:104FF00003460F211846FBF715FBBB7903F00F039F
:10500000DBB21846FFF73FFF03460F211846FBF7B8
:1050100009FB0F212020FBF705FB7B79012B04D135
:105020000F21654804F014FF06E07B79022B03D1C1
:105030000F21624804F00CFF3B79012B0AD1604B31
:105040001B7803F00303012B04D10F214E20FBF743
:10505000E9FA0EE03B79022B04D10F214820FBF73F
:10506000E1FA06E03B79002B03D00F215020FBF73B
:10507000D9FA3B7E012B04D10F21524804F0E8FEFF
:105080001EE03B7E022B04D10F214F4804F0E0FECE
:1050900016E03B7E032B04D10F214C4804F0D8FED0
:1050A0000EE03B7E042B04D10F21494804F0D0FED2
:1050B00006E03B7E052B03D10F21464804F0C8FED5
:1050C00097F82030002B68D00F21434804F0C0FE31
:1050D00097F820301B09DBB21846FFF7D4FE0346D1
:1050E0000F211846FBF79EFA97F8203003F00F03C4
:1050F000DBB21846FFF7C7FE03460F211846FBF741
:1051000091FA0F21354804F0A3FE97F820300F21C3
:105110001846FBF787FABB8B0133BB83304B1B78F8
:10512000012B17D10F212F4804F092FE2E4B1B8824
:105130000F211846FFF7C3FE0F212C4804F088FE0C
:105140002B4B1B880F211846FFF7B9FE294B1B88F4
:10515000BB8319E0224B1B78022B04D10F21264878
:1051600004F076FE10E01E4B1B78032B04D10F21B8
:10517000224804F06DFE07E0194B1B78042B03D185
:105180000F211F4804F064FE0F211E4804F060FE4A
:10519000BB8B0F211846FFF792FE0F210D20FBF766
:1051A00041FA06F02BF900BF0C37BD4690BD00BF99
:1051B000940E002020F5000830F5000834F50008B2
:1051C0000C0500203CF5000850F5000864F50008C7
:1051D00078F5000888F5000894F500089CF50008AB
:1051E000950E0020A0F500088E460020ACF50008C2
:1051F000080900200C090020BCF50008C8F50008CB
:10520000D4F50008DCF5000880B483B000AF034695
:105210003960FB713B681B013B60FB793A681344C2
:105220003B603B6818460C37BD4680BC70470000A9
:1052300080B483B000AF03463960FB710C4B1B7820
:1052400003F00103002B06D03A6813469B00134479
:105250005B003B6002E03B681B013B60FB793A6806
:1052600013443B603B6818460C37BD4680BC704712
:105270000C05002080B485B000AF78600B46FB7051
:10528000FB78DB00FB70FB787A6822FA03F3FB7390
:10529000FB7B18461437BD4680BC704780B500AF15
:1052A000154A154B1B6843F0010313601249124B5A
:1052B0005A68124B13404B600F4A0F4B1B6823F088
:1052C000847323F4803313600B4A0B4B1B6823F465
:1052D00080231360084A084B5B6823F4FE03536085
:1052E000054B4FF41F029A6000F00CF8044B4FF08E
:1052F00000629A6000BF80BD001002400000FFF80D
:1053000000ED00E080B483B000AF00237B60002399
:105310003B60354A344B1B6843F4803313607B6831
:1053200001337B60304B1B6803F40033002B03D147
:105330007B68B3F5A06FF2D32B4B1B6803F40033EB
:10534000002B4BD0294A294B1B6843F010031360F4
:10535000264A264B1B6823F003031360234A234B82
:105360001B6843F0020313601F4A1F4B5B685360C6
:105370001D4A1D4B5B6853601B4A1B4B5B6843F423
:1053800080635360184A184B5B6823F47C135360A6
:10539000154A154B5B6843F4E8135360124A124BED
:1053A0001B6843F08073136000BF0F4B1B6803F052
:1053B0000073002BF9D00C4A0B4B5B6823F00303FE
:1053C0005360094A084B5B6843F00203536000BF17
:1053D000054B5B6803F00C03082BF9D100BF0C37B9
:1053E000BD4680BC704700BF001002400020024054
:1053F0001EF0040F0CBFEFF30880EFF3098000F0FC
:1054000001B800BF80B493B000AF78607B681B68C0
:105410007B647B685B683B647B689B68FB637B6841
:10542000DB68BB637B681B697B637B685B693B6391
:105430007B689B69FB627B68DB69BB620E4B1B6808
:105440007B620E4B1B683B620D4B1B68FB610D4B77
:105450001B68BB610C4B1B687B610C4B1B683B6181
:105460000B4B5B6AFB600B4B1B6803F00103002BCB
:1054700000D001BEFEE700BF38ED00E028ED00E0FF
:105480002CED00E030ED00E03CED00E034ED00E01C
:1054900000ED00E0F0ED00E080B400AF084A084BFA
:1054A0009B6943F008039361064B4FF011325A6039
:1054B000044B4FF47F425A6100BFBD4680BC704729
:1054C00000100240000C014080B485B000AF0346DC
:1054D000FB800B46BB8013467B805B4AFB881380B6
:1054E0005A4A5A4BDB6943F00403D361584B1B689B
:1054F000584AA2FB03235B0D9BB2013BFB81564A3A
:10550000FB889385544AFB891385534A524B1B8869
:105510009BB223F45C739BB213804F4B4E4A1288AC
:1055200092B21A804C4B01229A824B4A4A4B1B88FA
:105530009BB223F080039BB21380474A464B1B8CDF
:105540009BB223F001039BB21384434A424B1B8B53
:105550009BB223F070039BB213833F4A3E4B1B8BDD
:105560009BB223F003039BB213833B4B3A4A128B4B
:1055700092B21A83384A384B1B8C9BB223F0020339
:105580009BB21384344B344A128C92B21A84324A3E
:10559000BB889386304A304B1B8B9BB223F00803A9
:1055A0009BB213832C4B2C4A128B92B21A832A4A39
:1055B000294B1B8C9BB223F010039BB21384264A09
:1055C000254B1B8B9BB223F4E0439BB21383224AEF
:1055D000214B1B8B9BB223F440739BB213831E4A57
:1055E0001D4B1B8B9BB243F4C0439BB213831A4ADF
:1055F000194B1B8C9BB223F020039BB21384164AD9
:10560000154B1B8C9BB243F010039BB21384124AC0
:105610007B881387104A104B1B8B9BB223F40063CB
:105620009BB213830C4B0C4A128B92B21A830B4B16
:10563000202283F81E23094B4FF080421A6000BFDE
:105640001437BD4680BC704728000020001002407F
:1056500010000020819F5E160008004000E100E07D
:1056600080B483B000AF78605A4A5A4B5B6943F00C
:10567000010353615849584B1A684FF6FE731340A3
:105680000B60554B00221A60534B00225A60524B5C
:1056900000229A60504B0022DA60504A4F4B5B6800
:1056A00043F0706353604C4A4B4B1B6823F4FF4339
:1056B00023F070031360484A474B1B6843F40053C0
:1056C00043F010031360444B00225A60424B444A9B
:1056D0009A60414B434ADA604349434B1A684FF69C
:1056E000FE7313400B60404B00221A603E4B0022B9
:1056F0005A603D4B00229A603B4B0022DA60374AE9
:10570000364B5B6843F00F0353607B68374A136086
:10571000354A354B1B6823F4FF4323F070031360B5
:10572000314A314B1B6843F4025343F010031360BA
:105730002D4B00225A602C4B294A9A602A4A7B68DA
:10574000D3602B492A4B1A684FF6FE7313400B6047
:10575000274B00221A60264B00225A60244B00225D
:105760009A60234B0022DA601C4A1C4B5B6843F4AE
:10577000704353601E4A1E4B1B6823F4FF4323F003
:10578000700313601A4A1A4B1B6843F4005343F02A
:1057900010031360164B00225A60154B104A9A6092
:1057A000134B144ADA60144B144ADA60144B00228B
:1057B00083F80E23124B4FF480421A600C4A0C4BB4
:1057C0001B6843F00203136000BF0C37BD4680BC6A
:1057D000704700BF001002408000024000000240FD
:1057E0000D0C01402700002008000240D40B0020CF
:1057F000440002404C06002000ED00E00007FA05DE
:1058000000E100E080B483B000AF7860244B254A0B
:105810005A60254A7B685360244A7B685360244A57
:105820007B685360234B00221A821F4A1E4B1B6861
:1058300043F0010313601D4A1C4B1B6843F0010336
:1058400013601B4A1A4B1B6843F001031360194A8B
:10585000184B9B899BB243F400739BB29381154A0A
:10586000144B9B899BB243F480639BB29381114A92
:10587000104B9B899BB243F480739BB293810D4B79
:105880000D4A12889A840B4A0A4B1B889BB243F03C
:1058900001039BB2138000BF0C37BD4680BC70472C
:1058A000000002400FD0000F8000024008000240BC
:1058B00044000240000800402800002080B483B06B
:1058C00000AF78607B68B3F5585F05D20549064B99
:1058D0001A687B681344CB6000BF0C37BD4680BCA0
:1058E000704700BF08000240D40B002080B500AF15
:1058F00005F056FB1E4B4FF47F425A611D4B4FF48F
:1059000000525A60012201211B48FBF77DF81B4918
:105910001A4B1A684FF6FE7313400B601849184B68
:105920001A684FF6FE7313400B601649154B1A6840
:105930004FF6FE7313400B600F4A0F4B9B899BB2CF
:1059400023F400739BB293810B4A0B4B9B899BB250
:1059500023F480639BB29381074A074B9B899BB2D8
:1059600023F480739BB2938105F028FB00BF80BDB8
:10597000000C01400000024000080040800002408E
:10598000080002404400024080B500AF05F008FB6B
:10599000154B4FF6FE721A82144B1B78122B06D849
:1059A000124B1B780133DAB2104B1A7017E00F4B11
:1059B00000221A700C4A0C4B1B889BB223F0010387
:1059C0009BB21380002201210748FBF71DF8084B0A
:1059D0001B7803F07F03042B01D105F085F905F056
:1059E000EDFA00BF80BD00BF000800404D0600205A
:1059F0002A00002080B487B000AFF8607B600B46BF
:105A0000FB7213463B817B68FB747B681B0ABB748B
:105A10007B681B0C7B74FB7C664A127802FB03F3E9
:105A20005B11FB74BB7C634A127802FB03F35B11CE
:105A3000BB747B7C5F4A127802FB03F35B117B74BF
:105A40003B891A4652001344DB00BB8297F90B30A6
:105A5000DB435AB2584B1B785BB213405BB23B74CA
:105A6000554B1A78FB7A1340FB720023FB758BE0D1
:105A7000BB8AFA681344BA8AF9680A4411783A7CF6
:105A80000A40D2B21A70BB8A0833FA681344BA8A41
:105A90000832F9680A4411783A7C0A40D2B21A7086
:105AA000BB8A1033FA681344BA8A1032F9680A4480
:105AB00011783A7C0A40D2B21A70BB8AFA68134451
:105AC000BA8AF9680A44127851B2B87CFA7D00FAB1
:105AD00002F2D211D2B202F00102D2B2F87A00FB85
:105AE00002F2D2B250B2354A127852B2024352B2E6
:105AF0000A4352B2D2B21A70BB8A0833FA6813440E
:105B0000BA8A0832F9680A44127851B2787CFA7D70
:105B100000FA02F2D211D2B202F00102D2B2F87A45
:105B200000FB02F2D2B250B2244A127852B20243BF
:105B300052B20A4352B2D2B21A70BB8A1033FA6818
:105B40001344BA8A1032F9680A44127851B2F87CC8
:105B5000FA7D00FA02F2D211D2B202F00102D2B200
:105B6000F87A00FB02F2D2B250B2144A127852B262
:105B7000024352B20A4352B2D2B21A70BB8A013304
:105B8000BB82FB7D0133FB75FB7D072B7FF670AF7E
:105B900097F82030002B08D097F82030013B87F889
:105BA0002030BB8A1033BB825FE700BF1C37BD4685
:105BB00080BC704726000020270000204C060020F3
:105BC00080B487B000AF7860084611461A46034695
:105BD000FB700B46BB7013463B800023BB75002354
:105BE000BB8200237B8200233B820023FB730023C4
:105BF000BB7300237B730123FB750DE0FA78FB7DFB
:105C000042FA03F303F00103002B02D0FB7DBB75C6
:105C100005E0FB7D0133FB75FB7D072BEED9BB7DDA
:105C2000012202FA03F3FB70BB7DC3F10F033B7348
:105C30003B881A4652001344DB003B803B8C1A46DB
:105C400052001344DB003B840023FB757EE03B885D
:105C50007A6813441B781A46BB7D42FA03F303F0BB
:105C60000102FB7D02FA03F31AB2B7F912301343B3
:105C70001BB27B823B8808337A6813441B781A4630
:105C8000BB7D42FA03F303F00102FB7D02FA03F34A
:105C90001AB2B7F9103013431BB23B823B88103362
:105CA0007A6813441B781A46BB7D42FA03F303F06B
:105CB0000102FB7D02FA03F31AB2B7F91430134361
:105CC0001BB2BB823B8C7A6813441B781A46BB78A4
:105CD00042FA03F303F00102FB7D02FA03F35AB226
:105CE00097F90E3013435BB2BB733B8C08337A6871
:105CF00013441B781A46BB7842FA03F303F00102FF
:105D0000FB7D02FA03F35AB297F90D3013435BB2ED
:105D10007B733B8C10337A6813441B781A46BB782C
:105D200042FA03F303F00102FB7D02FA03F35AB2D5
:105D300097F90F3013435BB2FB733B8801333B8011
:105D40003B8C01333B84FB7D0133FB75FB7D072BD3
:105D50007FF67DAF3B8C083B3B84BB7B01339BB222
:105D60007A8A02FB03F37B827B7B01339BB23A8A04
:105D700002FB03F33B82FB7B01339BB2BA8A02FB3B
:105D800003F3BB8297F90330DB435AB2674B1B78AE
:105D90005BB213405BB2FB700023FB758EE03B8867
:105DA000083B7A6813443A88083A79680A441178BB
:105DB000FA780A40D2B21A703B887A6813443A885B
:105DC00079680A441178FA780A40D2B21A703B888E
:105DD00008337A6813443A88083279680A4411789B
:105DE000FA780A40D2B21A703B88083B7A681344AA
:105DF0003A88083A79680A44127851B2788AFA7D6A
:105E000000FA02F202F400403A7B40FA02F250B289
:105E1000464A127852B2024050B2454A127852B203
:105E2000024352B20A4352B2D2B21A703B887A6825
:105E300013443A8879680A44127851B2388AFA7D54
:105E400000FA02F202F400403A7B40FA02F250B249
:105E5000364A127852B2024050B2354A127852B2E3
:105E6000024352B20A4352B2D2B21A703B8808338C
:105E70007A6813443A88083279680A44127851B231
:105E8000B88AFA7D00FA02F202F400403A7B40FA46
:105E900002F250B2254A127852B2024050B2244A5D
:105EA000127852B2024352B20A4352B2D2B21A70BC
:105EB0003B8801333B80FB7D0133FB75FB7D072B6A
:105EC0007FF66DAF97F82430002B29D097F8243057
:105ED000013B87F824303B8808333B8097F8283013
:105EE00003F00803002B0CD03B8C43F2E8529342A2
:105EF00003D83B8C18339BB201E04FF458533B84DA
:105F0000A2E697F8283003F00203002B3FF49CAE82
:105F10003B8C172B7FF698AE3B8C183B3B8493E66B
:105F200000BF1C37BD4680BC704700BF2700002063
:105F30004C06002080B485B000AF7860084611465A
:105F40001A460346FB700B46BB7013463B8000238A
:105F5000BB733B7F03F001037B733B7F5B10DBB2C2
:105F600003F001033B733A7BBB7802FA03F3DBB225
:105F7000DB43FB72FB7803F00203002B02D001230A
:105F8000BB732DE0FB7803F00403002B02D0022347
:105F9000BB7325E0FB7803F00803002B02D003233A
:105FA000BB731DE0FB7803F01003002B02D0042329
:105FB000BB7315E0FB7803F02003002B02D0052310
:105FC000BB730DE0FB7803F04003002B02D00623E7
:105FD000BB7305E097F90330002B01DA0723BB738D
:105FE000604B1B78DB43604A12781A43BB7B01216C
:105FF0009940BB78012000FA03F30B401340002BBB
:1060000040F0A9803B7F03F00403002B07D17A7B8B
:10601000BB7B02FA03F3DBB2DB43DBB200E0FF231E
:10602000BB72504B1A78BB7A1340BB724D4B1A7837
:10603000FB7A1340FB723B881A4652001344DB0084
:106040003B803B8B1A4652001344DB003B8300230A
:10605000FB7351E03B887A6813441B787B723B8862
:106060007A6813443A8879680A441178BA7A0A40FF
:10607000D2B21A703B887A6813443A8879680A4425
:10608000127851B23A8B7868024412781046BA7886
:1060900010417A7B1040BA7B00FA02F252B20A43F6
:1060A00052B2D2B21A703B8B7A6813443A8B796839
:1060B0000A441178FA7A0A40D2B21A703B8B7A6895
:1060C00013443A8B79680A44127851B2787ABA7BD1
:1060D00010413A7B1040BA7800FA02F252B20A43F9
:1060E00052B2D2B21A703B8801333B803B8B0133F2
:1060F0003B83FB7B0133FB73FB7B172BAAD997F800
:106100002030002B29D097F82030013B87F8203031
:1061100097F8243003F00803002B03D13B8B183B86
:106120009BB200E03B8B3B8397F8243003F00203E3
:10613000002B06D03B8B172B03D93B8B183B9BB214
:1061400000E03B8B3B833B8BB3F5585F28BF4FF49C
:1061500058533B837BE700BF00E000BF1437BD46C8
:1061600080BC7047270000204C06002080B489B016
:1061700000AFF8607B600B46FB7213463B81002347
:10618000FB757B68BB757B681B0A7B757B681B0C8A
:106190003B75BB7D2B4A127802FB03F35B11BB7589
:1061A0007B7D284A127802FB03F35B117B753B7DF4
:1061B000244A127802FB03F35B113B75BA7D7B7DA9
:1061C0001B041A443B7D1B0213447B603B891A4627
:1061D00052001344DB00BB830023BB610023FB7729
:1061E00015E0BB695B00BB61BB8BFA6813441A788E
:1061F000FB7A1340DBB2002B03D0BB6943F00103F1
:10620000BB61BB8B0133BB83FB7F0133FB77FB7F20
:10621000172BE6D97A68BB699A4202D0FB7D01331D
:10622000FB7597F82830002B01D1FB7D05E097F82E
:106230002830013B87F82830CEE718462437BD4682
:1062400080BC70472600002080B485B000AF786025
:106250000B467B8013467B700023FB8112E0FB8999
:106260007A681344FA8979680A44127851B297F926
:106270000120D24352B20A4052B2D2B21A70FB8904
:106280000133FB81FA897B889A42E8D300BF143737
:10629000BD4680BC7047000080B485B000AF786018
:1062A0000B467B80194B1B7803F00303032B27D18C
:1062B0007B881A4652001344DB007B800023FB815D
:1062C0001AE0FB897A681344FA8979680A441178DC
:1062D0000F4A12780A40D2B21A70FB897A681344C6
:1062E000FA8979680A4411780A4A12780A43D2B2C4
:1062F0001A70FB890133FB81FA897B889A42E0D3CB
:1063000000BF1437BD4680BC704700BF2A00002084
:10631000270000204C06002080B582B000AF114B52
:106320007B60114B3B6007E03B681A1D3A607A685E
:10633000111D796012681A603B680C4A9342F3D3CE
:106340000B480C494FF000028842B8BF40F8042BBC
:10635000FADBFEF7A3FF00F011FB00BF0837BD46D4
:1063600080BD00BF6BF8000800000020A8040020DA
:10637000A8040020F847002080B400AFFEE700002A
:1063800080B485B000AF78600023FB817B6803F0A8
:106390000103002B01D1012300E00023002B03D0D7
:1063A000FB8943F02003FB81194B1B7803F040036A
:1063B000002B13D17B68DB4303F08003002B03D059
:1063C000FB8943F01003FB817B68DB4303F0400350
:1063D000002B03D0FB8943F00803FB817B68DB4380
:1063E00003F02003002B03D0FB8943F00403FB815F
:1063F0007B68DB4303F01003002B03D0FB8943F0E1
:106400000203FB81FB8918461437BD4680BC7047E8
:10641000A406002080B582B000AF0346FB71FB7973
:106420000D4A32F813301A460C4B1A600C4B1B788D
:1064300043F00803DAB20A4B1A70FB79094AD05CC0
:10644000FB79094AD35C054A194600F0DDFC00BF20
:106450000837BD4680BD00BF3C0F0020D80B002090
:10646000A4060020F80E00201C0C002080B500AF10
:10647000054B9B681846FFF783FF03461A46034BFC
:106480001A8000BF80BD00BF000C01408E060020B6
:1064900090B583B000AF0123BB7104F075FD0A46CF
:1064A0000146864B18CBA24208BF9942C0F0C18179
:1064B00004F06AFD03460C46023344F100047F4AAF
:1064C000C2E900347E4B9B681846FFF759FF03462C
:1064D0001A467C4B1A807C4B1B7803F00203002B7E
:1064E0001DD004F051FD0A460146784B18CB94426A
:1064F00008BF8B4213D2744B1B7823F00203DAB22D
:10650000714B1A706F4B1B885B089BB2DBB203F0B8
:106510003F03FB71FB791846FFF77CFF1FE06C4BD4
:106520001B68002B1BD004F02FFD0A460146694B67
:1065300018CB944208BF8B4211D2674B1B881AB20A
:10654000664BB3F9003013401BB29AB2624B1A800B
:106550005D4B1B7823F00803DAB25B4B1A70594B82
:106560001B88002B06D1584B1B7823F00803DAB2A6
:10657000554B1A70534B1A88574B1B889A4200F0A0
:106580005881554B1B88DB439AB24E4B1B881340F6
:106590009AB2534B1A804B4B1B88DB439AB24E4B3B
:1065A0001B8813409AB24F4B1A80474B1B7803F05D
:1065B0000103002B32D0434B1B88002B00F03581A8
:1065C000414B1B7803F00A03002B40F02E8104F0AE
:1065D000DBFC0A4601463E4B1B684FF000045B188B
:1065E00044EB02043B4AC2E9003404F0CDFC0A4605
:1065F00001463D4B1B684FF000045B1844EB02045E
:10660000023B44F1FF34314AC2E900342E4B1B787F
:1066100043F00203DAB22C4B1A7006E10123BB717E
:106620002E4BB3F90030002B00F08C800023FB715F
:1066300084E0FB792D4A32F813301BB2DB431AB2E7
:10664000274B1B881BB213401BB29AB2244B1A80F3
:10665000FB79264A32F813301BB2DB431AB2214BC6
:106660001B881BB213401BB29AB21E4B1A801C4BE4
:106670001A881C4B1B8813439BB2002B5BD1002351
:10668000BB71FB79194A32F81320FB79174931F8AD
:1066900013100C4B1B880B409BB29A4228D1FB79FC
:1066A000124A32F813200C4B1B8813409AB20C4B41
:1066B0001B8813439AB20A4B1A803CE03006002034
:1066C000000C01408C0E0020A4060020980600203B
:1066D000A0060020900600208E060020A6060020BE
:1066E000180C0020640C002068000020600C0020C2
:1066F000FB79524A32F813301846514B1B88DB4362
:10670000FA794E4931F812201340984213D14D4B7B
:106710001B881BB2DB431AB2FB79484931F81330AE
:106720001BB213401AB2484B1B881BB213431BB257
:106730009AB2454B1A80FB790133FB71FB79012B2F
:106740007FF677AF414B1B7823F00203DAB23F4B61
:106750001A7004F019FC0A4601463D4B1B684FF0C5
:1067600000045B1844EB02043A4AC2E900340023F7
:10677000FB714AE0FB79384AD35C013B7E2B1BDC82
:10678000314B1B881A46FB7942FA03F303F00103ED
:10679000002B11D0FB79314A32F813301A46304BB6
:1067A0001A60FB792C4AD05CFB792E4AD35C2C4AC8
:1067B000194600F029FB2BE0FB791033264AD35C05
:1067C000013B7E2B1EDC284B1B881A46FB7942FAC4
:1067D00003F303F00103002B14D0FB7910331F4A9D
:1067E00032F813301A461E4B1A60FB7910331A4ADE
:1067F000D05CFB7910331B4AD35C194A194600F070
:1068000003FB05E0FB790133FB71FB79052BB1D963
:10681000BB79002B09D004F0B7FB03460C4632339A
:1068200044F10004114AC2E90034054B1A88054BB3
:106830001A8000BF0C37BD4690BD00BF600C002021
:106840008C0E00208E060020180C0020A4060020CC
:10685000A006002090060020F80E00203C0F00202B
:10686000D80B00201C0C0020640C002030060020F7
:1068700080B584B000AF7860384B9B681846FFF74E
:106880007FFD0346FB81364B1B7803F00103002B91
:106890000DD0344B1B885B089BB203F03F03FB8198
:1068A0007B681B789BB2FA899A4252D130E0002370
:1068B000BB817B681B780F2B06D87B681B781A4638
:1068C00001239340BB8109E0FB89DB43FB817B68AB
:1068D0001B78103B012202FA03F3BB81204B1B788B
:1068E00003F04003002B03D0FB8923F01803FB8146
:1068F0001D4BB3F90030DB431AB2B7F90E30134029
:106900001BB2FB81FA89BB8913409BB2002B20D0BC
:106910007B681B781A46154B33F812301A46144B15
:106920001A600F4B1B7843F00803DAB20C4B1A7055
:106930007B681B781A460F4B9B5C03F07F03D8B231
:106940007B681B781A460C4B9B5C094A194600F081
:106950005BFA00BF1037BD4680BD00BF000C014090
:10696000A40600208C0E0020A60600203C0F00206C
:10697000D80B0020F80E00201C0C002080B500AFC2
:106980004FF4FA30F9F776FD4FF4FA30F9F7DEFDFF
:10699000124B21221A70124B21221A70114B4FF404
:1069A0007A721A60104B4FF47A721A6004F072FB1C
:1069B00007F0B0FD002008F0A9FC0C4B0C4A1A604F
:1069C0000C4B01221A7004F0BBFAFFF74FFD04F0E4
:1069D00003F900F0DBFE0023184680BDA10B002068
:1069E000A00B0020B00B0020B40B0020BC0E002038
:1069F00031303030940E002080B586B000AFF860A2
:106A0000B9601346FB80FB687B610FE0BB685A1CD2
:106A1000BA601B78FB7407F1130207F114031146E7
:106A2000184600F00BF8FB88013BFB80FB88002B2D
:106A3000ECD17B6918461837BD4680BD80B485B05F
:106A400000AF786039607B681B683A68127812067C
:106A50005A407B681A600023FB7313E07B681B6855
:106A6000002B07DA7B681B685A000A4B53407A6890
:106A7000136004E07B681B685A007B681A60FB7B2C
:106A80000133FB73FB7B072BE8D900BF1437BD46EE
:106A900080BC7047B71DC10490B587B004AF4B4BA5
:106AA0001B7803F01003002B40F08C80484B1B78C0
:106AB0005BB2002BC0F28680464B1888464B02938F
:106AC000464B0193464B0093464B474A042107F03F
:106AD000E9FB03461A46454B1A70454B1B7823F0D9
:106AE0000203DAB2424B1A70404B1B78002B4ED097
:106AF000364B1B7803F04003002B23D104F044FAFB
:106B000003460C463B4AC2E900343A4B18CB3A4A9A
:106B1000C2E90034394B1B8823F080039AB2374B0B
:106B20001A80374B00221A602A4B1A88354B1A807C
:106B3000354B1A88354B1A80354B00221A80354B5D
:106B400001221A80344B01221A80344B00221A8011
:106B50002D4B1A88324B1A801E4B1A882A4B1A80EA
:106B6000304B4FF6FF721A802F4B4FF6FF721A8090
:106B70001F4B1B7843F00203DAB21D4B1A70134B04
:106B80001B7823F03003DAB2104B1A701AE004229B
:106B90000221012003F09CF81149104807F041F848
:106BA0000346FB71FB791A460221022003F090F89C
:106BB000FB79002B06D0054B1B7843F01003DAB2AB
:106BC000024B1A7000BF0C37BD4690BD1C4600201A
:106BD0002A0000208A460020FC4500206C46002048
:106BE0005446002024460020D045002016460020B0
:106BF0008C0600207006002078060020BE0F0020C2
:106C000010090020504600208E46002052460020E9
:106C10001C0900200A090020080900200C09002096
:106C20004C4600206C0000206E00002080B500AFB4
:106C30000D4B00221A700BE00B4B1B781A460B4BC6
:106C400000219954084B1B780133DAB2064B1A70B5
:106C5000054B1B78172BEFD906220549034808F08E
:106C6000DFFA00BF80BD00BF16460020344600207A
:106C7000E8F5000880B500AF144B00221A700BE055
:106C8000124B1B781A46124B002199540F4B1B785C
:106C90000133DAB20D4B1A700C4B1B78212BEFD954
:106CA0000C490B4808F05CFB094808F0D7FB034689
:106CB0001A46074B134408491A460B461B88138093
:106CC0000649034808F04CFB00BF80BD1646002073
:106CD000D045002034460020F0F50008244600206E
:106CE00080B582B000AF3F4B4FF400723E493F4841
:106CF00006F06DFB0346FB71FB79002B6DD0FB7931
:106D00001A460121012002F0E3FF3949002006F074
:106D100029FA0346FB71FB79002B0DD0FB791A464B
:106D20000321032002F0D4FF324B1B7843F0100301
:106D3000DAB2304B1A7050E02F49304806F071FF3C
:106D40000346FB71FB79002B0DD0FB791A4602211B
:106D5000022002F0BDFF274B1B7843F01003DAB28C
:106D6000244B1A7039E0264B1B781A4625491F48D8
:106D700006F022FA0346FB71FB79002B0DD01D4B68
:106D80001B7843F03003DAB21A4B1A70FB791A46BB
:106D90000221012002F09CFF1FE0164B1B7823F01C
:106DA0003003DAB2134B1A700E4B4FF400720E49D7
:106DB0000E4806F00CFB0346FB71FB791A460121D5
:106DC000012002F085FFFB79002B06D0094B1B78D0
:106DD00043F03003DAB2074B1A7000BF0837BD46E4
:106DE00080BD00BFC8450020680C0020E4080020DA
:106DF000B00600201C460020544600206C460020AF
:106E0000B2460020D045002090B583B000AF0346C5
:106E10003A60FB710B46BB71944B00221A70FB79F0
:106E2000013B282B00F2788401A252F823F000BF26
:106E30003F6F00087D6F0008916F0008036F000826
:106E4000D56E0008B16F00084F7000085B70000835
:106E50002D71000895710008C3710008ED710008DC
:106E6000F3710008FF71000811720008A972000890
:106E700021730008AD7300084D7400089174000878
:106E8000CD740008C1740008BB7400083375000895
:106E9000DB750008CF750008C97500080B7600087F
:106EA000FF750008F9750008357600082976000896
:106EB00023760008B9760008C9760008077700082D
:106EC000197700089F760008937600088D760008F1
:106ED000696F0008664B1B7803F04003002B00F03D
:106EE0002384644B1A88644B1A80614B1B7863F0CF
:106EF0007F03DAB25E4B1A70604B1B881A463B6800
:106F00001A605B4B1B7803F04003002B29D15A4BCE
:106F10001A88584B1A805A4B1A885A4B1A805A4B67
:106F20001A885A4B1A80524B1B7843F04003DAB24E
:106F30004F4B1A70564B1A88564B1A8011E04C4B27
:106F40001B7803F04003002B03D0534B1A88534B9C
:106F50001A80474B1B7803F03F03DAB2444B1A7098
:106F600002E000BF00E000BF3B681B689AB24C4BD8
:106F70001A8003F0A5FBFFF78FFDEAE33B681B686F
:106F80009AB2414B1A80474B4FF6FF721A80E0E3EA
:106F9000454B1B7803F00403002BE4D03B681B68CF
:106FA0009AB2404B1A80384B4FF6FF721A80D0E3EA
:106FB0003B681B68002B0CD0BB79002B09D1304BF0
:106FC0001B88012B00F0B2833B681B68012B00F08B
:106FD000AD8303F0D9FF03460C46344AC2E90034BE
:106FE000314B1B785BB2002B02DB314B00229A60E5
:106FF000304B1B78012B01D003F062FB2E4B1B782A
:1070000043F00103DAB22C4B1A70BB79002B02D08B
:107010001B4B00221A803B681B68002B04D1184BC5
:107020001B88012B40F28283154B1B88002B07D154
:107030003B681B689BB2013B9AB2114B1A8075E307
:107040000F4B1B88013B9AB20D4B1A806EE33B68D5
:107050001B689AB20A4B1A807BE3184B1B8803F01B
:107060008003002B00F064832BE000BF4E4600201D
:107070001C460020200900203A060020504600202F
:107080001C0900201E0900206C00002088460020FA
:10709000080900200A090020524600208E460020E0
:1070A0008A4600206E0000202A0000207006002082
:1070B000E4080020950E00208C060020BE0F002062
:1070C00000BF03F061FF0A460146844B18CBCB1A80
:1070D00062EB0404824AC2E90034824BD3E9001215
:1070E0007F4B18CB5B1844EB02047E4AC2E90034A4
:1070F0007D4BD3E900127A4B18CB5B1844EB0204AA
:10710000794AC2E90034794BD3E90012744B18CBA9
:107110005B1844EB0204754AC2E90034744B1B88C7
:1071200023F080039AB2724B1A8001E3704B1B88E4
:1071300003F4C073B3F5C07F09D103F025FF0A46FD
:1071400001466C4B18CB944208BF8B42B8D3684BB6
:107150001B8803F08003002B40F0EC8203F014FF47
:1071600003460C465D4AC2E90034634B1B6819466E
:107170004FF00002594B18CB5B1844EB02045D4AF8
:10718000C2E900345A4B1B8843F080039AB2584B33
:107190001A80CFE23B681B6819464FF00002534B40
:1071A00018CB5B1844EB0204504AC2E90034504B40
:1071B0001B8843F001039AB24D4B1A8002F0CEFCBB
:1071C000C7E23B681B6819464FF00002474B18CBDB
:1071D0005B1844EB0204454AC2E90034444B1B8867
:1071E00043F001039AB2424B1A80B2E203F068FA0C
:1071F000AFE23B681B68184608F088F8A9E203F084
:10720000C3FE03460C461846214608F07FF8A0E26C
:107210003A4B1A78BB791343DAB2384B1A70384BB1
:107220001B7843F00203DAB2354B1A70BB79DB43AB
:107230001B021AB2334B1B881BB213401BB29AB20B
:10724000304B1A80BB79DB431B021AB22E4B1B88D2
:107250001BB213401BB29AB22B4B1A802B4B1B78DC
:1072600003F00303032B40F0678297F90630DB43FA
:107270005AB2274B1B785BB213405BB2DAB2244B95
:107280001A7097F90630DB435AB2224B1B785BB277
:1072900013405BB2DAB21F4B1A701F4B1B881946A2
:1072A0001E48FEF7F9FF47E2BB79FF2B02D103F03E
:1072B000A9FA4EE297F90630DB435AB20F4B1B781E
:1072C0005BB213405BB2DAB20C4B1A700C4B1B78FA
:1072D00043F00203DAB20A4B1A703AE2100C0020B3
:1072E000700E00207006002078060020680600203E
:1072F000BE0F0020800600208806002066000020C7
:10730000580600205A0600205C0600202A000020B3
:10731000270000204C0600204A060020C00F002055
:107320009C4B1B7803F00203002B00F00782BB7913
:107330001B021AB2984B1B881BB213431BB29AB2A2
:10734000954B1A80BB79DB431B021AB2934B1B8807
:107350001BB213401BB29AB2904B1A80904B1A7812
:10736000BB791343DAB28E4B1A708E4B1A78BB7905
:107370001343DAB28B4B1A7097F90630DB435AB2DB
:10738000894B1B785BB213405BB2DAB2864B1A7042
:10739000864B1B7843F00203DAB2844B1A70844B9D
:1073A0001B8819468348FEF777FFC7E1794B1B78A6
:1073B00003F00203002B00F0C381BB79DB431B0207
:1073C0001AB2754B1B881BB213401BB29AB2724B98
:1073D0001A80BB791B021AB2704B1B881BB2134375
:1073E0001BB29AB26D4B1A8097F90630DB435AB242
:1073F0006B4B1B785BB213405BB2DAB2684B1A700E
:1074000097F90630DB435AB2664B1B785BB21340E8
:107410005BB2DAB2634B1A7097F90630DB435AB2AB
:10742000614B1B785BB213405BB2DAB25E4B1A70F1
:107430005E4B1B7843F00203DAB25C4B1A705C4B74
:107440001B8819465B48FEF727FF79E1514B1B78F3
:1074500003F00203DBB21A46520013449B00DBB276
:107460005AB24C4B1B785BB213435BB2DAB2494B56
:107470001A70484B1B785BB203F002035AB24B4BB5
:107480001B785BB213435BB2DAB2484B1A7060E10F
:10749000404B1B7803F00803DBB21A46520013443A
:1074A000DBB2DB43DBB25AB23A4B1B785BB2134020
:1074B0005BB2DAB2374B1A704BE13F4B01221A70C4
:1074C0003D4B1B780133DAB23B4B1A703B4B002229
:1074D0001A7022E0BB79394A1278134103F0010394
:1074E000002B14D0354B1B781C46344B1B781A46A6
:1074F000334B33F812301846324B1B881A46396822
:1075000002F0D0FC03469AB22D4B23F814202B4BEB
:107510001B780133DAB2294B1A70284B1B78072BE2
:10752000D8D9224B1B7843F00203DAB21F4B1A70F2
:107530000FE1224B00221A701FE0BB791F4A12781C
:10754000134103F00103002B11D01C4B1B781C4688
:1075500007F0E6FE02461B4B1B88013392FBF3F15A
:1075600003FB01F3D31A9AB2154B23F81420134BE3
:107570001B780133DAB2114B1A70104B1B78072BB2
:10758000DBD90A4B1B7843F00203DAB2074B1A70BF
:10759000DFE000BF2A0000205A0600205C06002021
:1075A000270000204C06002066000020580600201E
:1075B0004A060020C00F00204E460020164600203C
:1075C000AC0E002054000020644B01221A70634B63
:1075D0001B780133DAB2614B1A70614B1B78013BA7
:1075E00020223968184602F05DFC0346DBB2013305
:1075F000DAB25B4B1A70ACE0584B01221A70574B51
:107600001B780133DAB2554B1A70564B1B78C822DF
:107610003968184602F046FC0346DAB2514B1A703C
:1076200097E04E4B01221A704C4B1B780133DAB2B3
:107630004A4B1A704C4B1B881A464C4B93FBF2F387
:1076400018464B4B1B881A464FF4C84393FBF2F382
:107650001A46396802F026FC02463B681A603B680D
:107660001B68132B02D83B6814221A603B681B6806
:107670003E4AB2FBF3F39AB23B4B1A80BB79002B24
:1076800060D1394B1A883B4B1A805BE0334B0122A7
:107690001A70324B1B780133DAB2304B1A70364B0A
:1076A0001B884FF6FF723968184602F0FBFB034651
:1076B0009AB2314B1A804CE03B681B689AB22F4B50
:1076C0001A80BB79012B3FD02D4B1B78012B3DD16C
:1076D0002B4B1B7823F07F03DAB2294B1A70284B0F
:1076E0001B7843F00403DAB2254B1A70254B1B7844
:1076F00043F02003DAB2234B1A70BB79002B25D15B
:1077000002F02CFA22E01E4B1B7803F07F03042BBF
:107710001ED103F077F81BE01B4B1B7823F0080306
:10772000DAB2194B1A7014E000BF12E000BF10E08B
:1077300000BF0EE000BF0CE000BF0AE000BF08E0A1
:1077400000BF06E000BF04E000BF02E000BF00E0B1
:1077500000BF00BF0C37BD4690BD00BF4E460020A5
:1077600026000020A80600203E00002040420F0016
:107770002C000020400000200A0500203C000020D2
:107780002A00002058060020A406002080B500AF83
:1077900000F002F800BF80BD98B500AFC82003F02C
:1077A0003FFC2D4B00221A702C4B00221A8002F055
:1077B00087FF03F0E9FB03460C46294AC2E900347F
:1077C000274B18CB274AC2E90034274B00221A80E6
:1077D000264B00221A700BE0244B1B781A46244BD0
:1077E00000219954214B1B780133DAB21F4B1A70D8
:1077F0001E4B1B78172BEFD906221E491C4807F099
:107800000FFDFFF713FA1C4B01221A701B4B4FF6AA
:10781000FF721A801A4B4FF6FF721A80194B002222
:107820001A80194B00221A80184B00221A80184B1C
:1078300000221A80174B00221A80174B1B7843F046
:107840001003DAB2144B1A70144B00221A6000F0C5
:1078500027F800BF98BD00BF950E0020BE0F002086
:1078600070060020780600201C0900201646002023
:1078700054460020E8F50008B24600206C000020C5
:107880006E0000208E460020504600205246002008
:107890008A4600204C4600201C460020AC060020F2
:1078A000F0B589B006AF884B1B7803F01003002BAE
:1078B0002AD08649002005F055FC0346FB71FB7970
:1078C000002B21D18249834806F0ABF90346FB71B6
:1078D000FB79002B18D1804B1B785BB2002B0CDBA3
:1078E0007E4B18887E4B02937A4B0193784B009322
:1078F0007C4B7D4A042106F0D5FC734B1B7823F0AA
:107900001003DAB2704B1A70734B1B785BB2002B0A
:107910001BDB764B1B884FF6FF72934215D0744BDE
:107920001B7823F00803DAB2714B1A70704B1B7886
:1079300023F00403DAB26E4B1A706C4B1A886D4B4D
:107940001A8002F0BDFEFFF7A7F86B4B00221A80E9
:107950005D4B1B7803F01003002B40F09380644BC9
:107960001B7803F00203002B1DD0644B1B781A46D2
:107970005D49634805F020FC0346FB71614B002222
:107980001A60614B20221A70594B1B7823F00203B6
:10799000DAB2574B1A70504B1B7803F07F03042B5D
:1079A00001D102F02FFF484B1B785BB2002B23DA8A
:1079B000564B1A88564B1A80564B1A884E4B1A80D3
:1079C000554B1B684E4A9360544B1B684C4A53619D
:1079D000534B1A88534B1A80534B1A88534B1A80B7
:1079E000534B1A88534B1A80374B1B7803F03F03D5
:1079F000DAB2354B1A700DE0334B1B7803F04003BD
:107A0000002B07D13E4B9B68434A13603C4B5B699C
:107A1000424A1360FFF764F92B4B1B7803F0100305
:107A2000002B2FD1374B1B689BB2013B9AB2424BC4
:107A30001A80334B9A68324BDB689A4222D3264B2A
:107A40001B785BB2002B1DDB2E4B1B683B4A0D21C4
:107A5000D1542C4B1B680133384A4D21D154294B4A
:107A60001B680233354A3221D154264B1B6803333D
:107A7000324A0A21D154234B1B689BB203339AB27A
:107A80002D4B1A80104B1B7803F01003002B16D0DF
:107A90001C4B00221A60104B1B785BB2002B0EDBD4
:107AA000264B0D221A70254B4D225A70234B322241
:107AB0009A70224B0A22DA701F4B03221A800C4B59
:107AC00000221A7002F02CB81C460020B0060020DC
:107AD000544600206C4600202A0000208E460020DC
:107AE000FC45002024460020D04500206E000020E8
:107AF0008C0600208A4600203A060020B24600206C
:107B0000E4080020C8450020380600205246002026
:107B10004C460020200900201009002014090020F4
:107B20001E0900201C0900200A0900200809002065
:107B3000884600206C000020C00E0020680C002049
:107B4000954B1B7803F00F03002B59D1934B012267
:107B50001A70914B1B78002B07D1914B1B785BB2AD
:107B6000002B02DB8C4B01221A708E4B1B785BB210
:107B7000002B1BDA884B03221A708B4B8B4A1A603E
:107B80008B4B8C4A1A608C4B864A1A608B4B8C4A02
:107B90001A60874B1B681A888A4B1A808A4B1A888E
:107BA0008A4B1A808A4B00221A7029E0894B1B7875
:107BB0005BB2002B1BDA784B02221A707A4B864A92
:107BC0001A607B4B854A1A607B4B824A1A607B4B5A
:107BD000834A1A60764B1B681A887A4B1A80814B4D
:107BE0001A887A4B1A807A4B00221A7008E07E4B72
:107BF0001B7803F00203002B02D0674B04221A709B
:107C0000654B1B78012B2DD1784B1B7803F01003AB
:107C1000002B16D1764B0593764B0493764B03934A
:107C2000764B0293764B0193764B0093764B774AD3
:107C300077497848F8F70CFF0346DAB2574B1A70C9
:107C400081E16A4B1B7803F01003DAB2524B1A70D1
:107C5000714B00229A606B4B20221A704F4B01220D
:107C60001A7070E14C4B1B7823F00103022B40F09B
:107C7000D9800EE003F088F90A4601464F4B1B6895
:107C800018CB944208BF8B4203D24B4B1B68212276
:107C90001A70494B1B681B78302BEBD0464B1B6886
:107CA0001B785BB2002B80F2B98003F06DF90A46B5
:107CB0000146424B1B6818CB944208BF8B42C0F070
:107CC000AD80434B1B7803F00203002B0BD0384BE5
:107CD0001B681A883B4B1A803D4B1B7823F002032C
:107CE000DAB23B4B1A703A4B1B7803F00103002BBE
:107CF0000BD0364B00221A802D4B1B681A88314B53
:107D00001A80334B00221A700BE0304B1A882D4B2F
:107D10001B889A4205D92B4BFF221A802C4B01223B
:107D20001A70214B1968324B0593324B0493324B36
:107D30000393324B0293324B0193324B0093214B0E
:107D4000224A3448F8F784FE0346DAB2134B1A701D
:107D50002C4B1B78202B03D02A4B1B782E2B07D1C2
:107D6000284B20221A70144B1B6821221A70EAE05B
:107D7000174B1B78012B03D00F4B1B6830221A7056
:107D8000104B1A88114B1A80114B1B7843F00203D9
:107D9000DAB20F4B1A70D6E0950E00201446002080
:107DA0002A000020A10B0020F445002084090020B7
:107DB000CC450020860A00201846002020460020DE
:107DC000A80B0020B4460020B80B00201E4600205F
:107DD00015460020A00B0020A00A002080090020EA
:107DE000900A00208A0A0020640900201C46002016
:107DF000440600204A060020400600203E060020DF
:107E00003C06002038060020C00E00203A06002064
:107E1000680C0020C00F0020E4080020A94B0022BD
:107E20001A7090E0A84B1B78042B40F08C80A74B75
:107E30001B88002B00F08780A24B00221A70A34BF6
:107E40001B88013B9AB2A14B1A80A14B0593A14B11
:107E50000493A14B0393A14B0293A14B0193A14B1C
:107E600000939A4BA04AA149A148F8F7F1FD0346B7
:107E7000DAB2944B1A709B4B1B78202B03D0994B92
:107E80001B782E2B02D1974B20221A708D4B1B781A
:107E90004F2B35D98B4B01221A70924B20221A702E
:107EA00005E0914B1B8801339AB28F4B1A808E4BA1
:107EB0001B881A468D4B9B5C0D2B21D08A4B1B884F
:107EC0001A468A4B9B5C0A2B1AD0874B1B881A4692
:107ED000864B9B5C002B13D0834B1B881A46834B2D
:107EE0009B5C3B2B0CD0804B1B881A467F4B9B5CCA
:107EF000282B05D07C4B1A88744B1B889A42D0D90A
:107F0000794B1A88714B1B889A4216D36F4B4FF6E8
:107F1000FF721A80744B00221A80764B1B7823F074
:107F20000203DAB2734B1A707349734B1B6883F404
:107F300040524BF68F7313400B60644B1B88013328
:107F40009AB2624B1A806D4B00221A605D4B1B780F
:107F5000013B342B01F2268501A252F823F000BF29
:107F6000D39900084D8000089F8000089F8000087A
:107F70001F81000811810008D3990008698000085A
:107F800009820008B1820008A59900080B85000845
:107F9000B58000089B870008A7870008158800089F
:107FA00091890008B58700084B810008E787000821
:107FB00097880008A5990008078A00088B840008A4
:107FC0004B8B000831830008618C00081390000877
:107FD0006D9000084191000857910008A59900088C
:107FE0009F9200085192000819930008C19300085D
:107FF0005B940008A59400085F950008DB950008D5
:10800000C996000843980008139900087999000858
:10801000C98100080B8900080183000897810008C6
:10802000E1890008A5990008F1880008E3880008A4
:1080300035800008264B1B68B3F5107F28BF4FF42E
:1080400010739AB22E4B1A8001F0E8BC1E4B1B78BD
:10805000012B41F0C0842B4B1B7843F00103DAB2B3
:10806000284B1A7001F0B7BC274B1B884FF6FF72E4
:10807000934206D1164A00210620FEF7C5FE01F004
:10808000CDBC214B1A88214B1A800F4B1B78012B3A
:1080900001D002F015FBFEF7FFFC01F0BFBC094B5D
:1080A0001B780733DBB20A4A00211846FEF7ACFE04
:1080B00001F0B4BC064A01210C20FEF7A5FE01F038
:1080C000ADBC00BF14460020950E00205E090020C4
:1080D000440600204A060020400600203E060020FC
:1080E0003C060020380600205C090020A84700203C
:1080F000C00F0020640900200C5C0040AC0600208A
:10810000240000208C0600206C0000208A460020FD
:10811000984B1B8843F006039AB2964B1A80954BF6
:108120001B8843F002039AB2924B1A80924B1B6851
:1081300019464FF00002914B18CB5B1844EB020438
:108140008F4AC2E9003401F069BC8D4BD3E90012BB
:108150008A4B18CBCB1A62EB04048A4AC2E900347A
:1081600002F012FF0A460146834B1B684FF00004E1
:10817000CB1A62EB0404814AC2E900347F4BD3E995
:108180000012804B18CB5B1844EB02047C4AC2E916
:10819000003401F043BC774B1B8843F480739AB2E0
:1081A000744B1A80744B1B68774A1360724B1B68C0
:1081B000002B41F012846F4B1B8823F480739AB21A
:1081C0006C4B1A8001F009BC704B1B884FF6FF7294
:1081D000934206D1684A01210520FEF715FE01F001
:1081E000FEBB6B4B1B7803F04003002B01F0F783C1
:1081F000664B1B881A46604B1A605F4A01210120BA
:10820000FEF702FE01F0EBBB5B4B1B689AB2614BC1
:108210001A80614B1B7803F01003002B21D05E4BBA
:108220001B7803F02003002B10D0594B1B7803F070
:108230004003002B03D0594B1A88594B1A80544BDA
:108240001B7803F03F03DAB2514B1A704F4B1B8877
:108250004FF6FF72934221D04C4B1A884D4B1A8037
:108260001CE04B4B1B7803F04003002B0FD14D4B10
:108270001A884D4B1A804D4B1A884D4B1A804D4B26
:108280001A884D4B1A80414B1A884C4B1A80404B30
:108290001B7843F04003DAB23D4B1A70484B1B7811
:1082A000012B01D002F00CFAFEF7F6FB01F0B6BB91
:1082B000444B1B882A2B01F29483434B1B781846AE
:1082C0002D4B1B689AB2414BA3FB0213D90B0B46F3
:1082D0001B045B1AD31A9AB23D4B23F810203A4B79
:1082E0001B781A46374B1B88D9B23A4B9954364BF8
:1082F0001B781A46384B1978384B995401F071BBEA
:10830000374B1B7823F00103DAB2354B1A701A4B46
:108310001B68002B01F06783314B1B7843F001038E
:10832000DAB22F4B1A702F4B00221A8001F05BBB80
:10833000194B1B7803F00B03092B0AD12A4B1B881E
:108340001A460D4B1B689A4203D0134B00221A7039
:108350006DE0114B1B7803F00B030B2B46D1224B26
:108360001B881A46044B1B689A423FD10A4B0022D5
:108370001A705CE0BE0F002044060020700600204A
:1083800078060020700E0020880600206C00002077
:108390001C4600208A4600203C0600205246002051
:1083A0008E4600203A060020200900201C090020EB
:1083B0001E090020080900200A0900208846002024
:1083C000950E00203E060020080500200180008058
:1083D0003C0F0020F80E0020400600201C0C00205E
:1083E000A4060020A60600200A050020A64B1B7844
:1083F00003F00B03032B0AD1A44B1B881A46A44B92
:108400001B689A4203D9A04B00221A700FE09E4BC2
:108410001B7803F00B03012B09D19C4B1B881A46D8
:108420009B4B1B689A4202D2974B00221A70964BC4
:108430001B7803F01003002B04D09648FEF718FABF
:1084400001F0D3BA904B1B7803F00103002B41F0ED
:10845000CC82904B1B781A468F4B33F812301A4659
:108460008B4B1A608B4B1B781A468C4B9B5C03F032
:108470007F03D8B2874B1B781A46894B9B5C844A92
:108480001946FEF7C1FC01F0B0BA7F4B1B7803F030
:108490000403002B09D1834B1B789B10DBB203F044
:1084A0000303DBB21533DBB200E01823764A137006
:1084B0007C4B1B7803F02003002B18D0754B1B78E6
:1084C0001A46714B1978754B9954724B1B781A46A2
:1084D0006F4B1B6899B2704B23F812106D4B1B78D1
:1084E0001A46714B1B88D9B26D4B995408E0664B04
:1084F00018786D4B1B88DBB2654A1946FEF784FC81
:10850000614B00221A7001F089BA614B1B68674AFF
:10851000934205D1112208211D20FCF7D5FF14E05C
:108520005B4B1B68624A934205D10C2206211D2039
:10853000FCF7CAFF09E0564B1B685E4A934222D102
:10854000102204211B20FCF7BFFF5B4B1B7803F0BC
:108550000103002B01D102F055F9574B1B7823F092
:108560007F03DAB2544B1A70534B1B7843F001036C
:10857000DAB2514B1A70514BFF221A70504B002245
:108580001A7001F034BA424B1B684E4A934228D10C
:10859000494B1B7803F00203002B41F0288202F0C4
:1085A00031F9454B1B7823F07F03DAB2424B1A7046
:1085B000414B1B7843F00203DAB23F4B1A70424B37
:1085C00044F620621A60414B4FF4FA721A60404B35
:1085D00040F6C4121A603F4B4FF400721A8001F04B
:1085E00006BA2B4B1B683C4A934205D11122082145
:1085F0001D20FCF769FF14E0254B1B68374A9342A6
:1086000005D1102204211B20FCF75EFF09E0204B5E
:108610001B68334A934267D10C2206211D20FCF7C8
:1086200053FF254B1B7803F00303032B01F0DF817D
:1086300002F0E8F8204B1B7823F07F03DAB21E4BE0
:108640001A701D4B1B7843F00303DAB21A4B1A70F1
:10865000244B1B78DB43DAB2184B1A70184B0022FC
:108660001A70194B44F620621A60184B4FF4FA72D4
:108670001A60174B40F6C4121A60164B4FF4007282
:108680001A8001F0B4B900BF3C0600200A050020A2
:1086900044060020080500203C0F0020F80E0020B2
:1086A0001C0C00200C0500203E06002012281200A1
:1086B00012682300132812002A000020270000203F
:1086C0004C06002090242D00580000205C00002063
:1086D00060000020640000202D0012002D13120005
:1086E0002D002300660000209B4B1B6803F07F4396
:1086F000B3F17C4F41F07B81974B1B681B0CDAB2C6
:10870000964B1A70944B1B681B0ADAB2944B1A7082
:10871000914B1B68DAB2934B1A70904B1B78042B69
:1087200038BF0423DAB28D4B1A708E4B1B78032BA3
:108730000DD98C4B1A78894B1B789A4204D3874BFE
:108740001B78013BDBB203E0864B1B7800E0032380
:10875000844A1370824B1B78022B0DD9804B1A78F8
:10876000804B1B789A4204D37E4B1B78013BDBB2D3
:1087700003E07B4B1B7800E00223794A1370774BB0
:108780001B78581E764B1B78591E764B1B78013B85
:108790001A46FCF799FE01F02AB96F4B1B68724A22
:1087A000136001F03BB96C4B1B68DAB26F4B1A7067
:1087B00001F034B96A4B1B7803F00103002B04D09D
:1087C000654B1B681846F7F7C1FE654B1B7803F035
:1087D0000203002B01F00D815F4B1B681846F7F771
:1087E00049FE01F006B95E4B1B7803F00103002B34
:1087F00003D0594B1B685E4A1360594B1B7803F03A
:108800000203002B01F0F780534B1B68594A136099
:1088100001F0F1B8524B1B7803F00103002B18D084
:108820004D4B1B68002B07D0534B1B7843F02003A4
:10883000DAB2514B1A7006E04F4B1B7823F020033D
:10884000DAB24D4B1A700F213120F7F7EBFE02F030
:10885000D5FD434B1B7803F00203002B01F0CD80C4
:108860003D4B1B68002B07D0444B1B7843F0200383
:10887000DAB2424B1A7006E0404B1B7823F020031B
:10888000DAB23E4B1A700F213220F7F7CBFE02F01E
:10889000B5FD01F0B2B8324B1B78012B14D8384B20
:1088A0001B881A462E4B1B78194610238B40134009
:1088B000002B01F0A480324B1B8843F008039AB2CE
:1088C0002F4B1A8001F09BB8254B1B780C2B04D141
:1088D000002001F039FE01F092B802F08FFD01F0A6
:1088E0008EB8284B1B7801335B10DAB2254B1A7017
:1088F000194B1B68082B28BF0823DAB2224B1A70C9
:10890000012001F021FE01F089B8154B1B781B01F5
:10891000DBB203F03003DAB2114B1A700E4B1B6856
:10892000002B09D0194B1A780D4B1B781343DAB280
:10893000164B1A7001F072B8094B1B785BB2DB431F
:108940005AB2124B1B785BB213405BB2DAB20F4BD8
:108950001A7001F063B800BF440600203C060020F6
:108960004006002016460020BC0E0020940E002079
:10897000B40B0020B00B0020A00B0020A10B0020A6
:10898000BE0F00202509002028090020A406002091
:108990009B4B1B781B01DBB203F03003DAB2984B20
:1089A0001A70984B1B68002B0AD0954B1B789AB213
:1089B000954B1B8813439AB2934B1A8001F02EB843
:1089C0008F4B1B789BB2DB439BB21AB28E4B1B883A
:1089D0001BB213401BB29AB28B4B1A8001F01EB827
:1089E000884B1B68002B0AD0864B1B68DBB203F058
:1089F0007F03DBB2184601F0C7FA01F00FB801F0AF
:108A000081FA01F00BB8814B1B78042B4AD1804BC3
:108A10001B7803F00303032B40F0F387794B1B68AB
:108A20009BB2DB439AB27B4B1B8813409BB223F073
:108A3000FF039AB2774B1A80724B1B689BB2DB43E1
:108A40009AB2754B1B8813409BB223F0FF039AB276
:108A5000714B1A806B4B1B68DAB2704B1B78134357
:108A6000DAB26E4B1A70674B1B68DBB2DB43DAB2CB
:108A70006B4B1B781340DAB2694B1A70614B1B6861
:108A8000DBB2DB43DAB2674B1B781340DAB2654BDB
:108A90001A70654B1B7843F00203DAB2624B1A700E
:108AA00000F0AFBF594B1B785B10DBB203F0020341
:108AB000DAB2564B1B781344DAB2544B1B785B0086
:108AC000DBB203F00803DBB21344DAB24F4B1B787E
:108AD0005B10DBB203F00103DBB21344DAB24B4BA1
:108AE0001B7803F00203DBB21344DAB2474B1B7866
:108AF0009B00DBB203F00803DBB21344DBB20133AB
:108B0000DAB2424B1A70494B1B7803F02003002B5A
:108B100010D0474B1B781A463C4B1978454B99545B
:108B2000434B1B781A46374B1B68D9B2424B9954BA
:108B300000F067BF354B1878324B1B68DBB2314A07
:108B40001946FEF761F900F05CBF374B1B7843F024
:108B50000203DAB2344B1A702C4B1B78432B05D12D
:108B6000284B1B68354A136000F04DBF274B1B781C
:108B7000442B05D1234B1B68314A136000F043BFDF
:108B8000224B1B78452B0BD11E4B1B68002B00F092
:108B90003A871C4B1B689AB22A4B1A8000F033BFED
:108BA0001A4B1B78502B18D1164B1B68132B02D86D
:108BB000144B14221A60134B1B68B3F5C86F03D90A
:108BC000104B4FF4C8621A600E4B1B681E4AB2FB72
:108BD000F3F31E4A136000F016BF1D4B1B681B4ABF
:108BE00013601C4B1B68154A13601B4B1B68144A0F
:108BF00013601A4B1A88134B1A8000F004BF00BF91
:108C00004006002044060020BE0F00203C06002045
:108C10002A0000205A0600205C06002027000020C1
:108C20004C06002066000020580600200C0500209D
:108C300008050020F80E00201C0C00204C0000202D
:108C4000500000205400002040420F00440000204B
:108C5000580000205C00002060000020640000201C
:108C6000784B1B78262B15D1774B1B789B10DBB2EA
:108C700003F00303DAB2754B1A70754B1B684FF0A3
:108C800080727449184601F00DF90246704B1A6063
:108C900000F0BBBE6B4B1B78272B1DD16A4B1B789A
:108CA0009B10DBB203F00303DAB2684B1A706A4B15
:108CB0001B6842F210726749184601F0F3F8024649
:108CC000654B1A60644B1B68132B00F29E86624B47
:108CD00014221A6000F099BE5A4B1B78282B03D13E
:108CE000584B19221A701DE0564B1B78912B03D15B
:108CF000544B1C221A7015E0524B1B78452B03D1A4
:108D0000504B26221A700DE04E4B1B78462B3DD15E
:108D10004C4B07221A704C4B1B7823F00C03DAB231
:108D2000494B1A70484B1B789B10DBB203F00303CE
:108D3000DAB2444B1B781344DAB2424B1A70424BFE
:108D40001B7803F02003002B17D0444B1B781A46E6
:108D50003C4B1978424B9954404B1B781A463D4B7B
:108D60001B6899B23F4B23F812103C4B1B781A46F4
:108D70003D4B0021995400F048BE324B1B78354AD8
:108D800001211846FEF740F800F03FBE374B1B7834
:108D900043F02003DAB2354B1A702A4B1B78292B8B
:108DA00048D1294B1B7803F00803002B2BD0264B0E
:108DB0001B7803F00403002B12D02D4B1A682D4BA7
:108DC0001B68B2FBF3F2234B1B68D31A2A4A1288A2
:108DD000B3FBF2F102FB01F29B1A1E4A13601FE083
:108DE000234B1A68234B1B68B2FBF3F2194B1B6829
:108DF0001344214A1288B3FBF2F102FB01F29B1AE1
:108E0000144A13600CE01C4B1B881A46114B1B685C
:108E10009A4205D8184B1B88013B1A460D4B1A6025
:108E20000C4B1B68134A126802FB03F3104A1360D1
:108E300000F0EBBD034B1B78302B1FD1014B1F22E1
:108E40001A706FE73C0600200C0500204E460020FB
:108E5000A00600204406002068000020080500202D
:108E6000F80E00203C0F00201C0C002058060020AB
:108E7000500600203000002038000020A14B1B7855
:108E8000312B72D1A04B1B68B3F5107F03D99E4BD9
:108E90004FF410721A609C4B1B689AB29B4B1A805D
:108EA0009B4B1A689B4B1B68B2FBF3F3984A136009
:108EB000964B1B881A4613465B001344DB001A4688
:108EC000944B1A60944B1B881A46904B1B8803FBEB
:108ED00002F3B3F5107F09DD8C4B1B881A464FF463
:108EE000107393FBF2F39AB28B4B1A808A4B1B8858
:108EF000002B02D1884B01221A80874B1B881A460F
:108F0000834B1B689A4205D8834B1B88013B1A464A
:108F10007F4B1A607E4B1B687E4A126802FB03F38C
:108F20007B4A13607D4B1B881946784B1B881A4679
:108F30007B4B03FB02F37B4A82FB03025213DB17DA
:108F4000D31A994280F26185704B1B881A46744B84
:108F500003FB02F3734A82FB03125213DB17D31A8B
:108F60009AB26E4B1A8000F050BD664B1B78322BC4
:108F70003FD1654B1B68002B02D1634B01221A6065
:108F8000624B1B881A46604B1B6803FB02F3B3F568
:108F9000107F05D85C4B1B689AB25F4B1A8009E0C2
:108FA0005A4B1B881A464FF4107393FBF2F39AB294
:108FB000594B1A80564B1A68564B1B68B2FBF3F399
:108FC000534A1360544B1B881A46514B1B689A42F4
:108FD00005D8514B1B88013B1A464D4B1A604C4B30
:108FE0001B684C4A126802FB03F3494A136000F005
:108FF0000CBD444B1B78352B40F00785414B22229A
:109000001A70494B1B7823F00C03DAB2464B1A70E6
:1090100088E63D4B1B68002B02D03B4B01221A60B7
:10902000414B1B7803F02003002B12D03F4B1B78E1
:109030001A46354B1B68DBB2C3F12403D9B23C4B53
:1090400099543A4B1B781A463A4B0021995400F038
:10905000E5BC2D4B1B68DBB2C3F12403DBB200225D
:1090600001211846FDF7D0FE00F0D8BC2E4B1B782E
:1090700003F02003002B1AD0234B1B685A08224B05
:109080001B681A43204B1B68DB08134303F00103E2
:109090001D4A1360254B1B781A461B4B1B68DBB21D
:1090A000C3F11403D9B2224B995400F0B0BC164B53
:1090B0001B68002B15D0204B1B7803F00203002BFC
:1090C0000FD01D4B1B7843F00803DAB21A4B1A700D
:1090D0001A4B1B7843F00203DAB2184B1A7000F0F7
:1090E00096BC154B1B7803F00803002B00F08F840F
:1090F000114B1B7823F01803DAB20F4B1A7000F0F3
:1091000086BC00BF3C060020440600202C00002046
:109110005006002030000020380000203E000020D3
:1091200040420F001F85EB510C0500200805002070
:10913000F80E00201C0C00202A00002058060020F9
:109140008D4B1B780833DBB28C4A01211846FDF7A2
:109150005BFE00F063BC8A4B1B7823F00F03DAB28E
:10916000874B1A70854B1B68002B51D0854B1B78A1
:1091700063F07F03DAB2834B1A708349834804F0AB
:1091800050FD0346FB71824B1B78042B08D0804BAB
:109190001B78013B9B005BB203F00C035BB200E069
:1091A0000023774A127852B213435BB2DAB2744B9F
:1091B0001A7000F023FE764B1B783033DBB20F21A0
:1091C0001846F7F72FFA734B1B780F211846F7F75D
:1091D00029FA0F210D20F7F725FA02F00FF96D4B50
:1091E0001B7819466C4800F033FE6A4B1B78194611
:1091F000654800F02DFE674B1B78184600F014FE02
:10920000664B00221A60664B00221A7000F001BC07
:109210005C4B1B785BB2002B80F2FB83594B1B78B5
:1092200003F07F03DAB2574B1A705E49574804F0D7
:10923000F8FC0346FB7101F043FA5B4B1A885B4B69
:109240001A805B4B1A88584B1A80FDF725FCE0E327
:10925000584B1B78002B06D0574B4C4A4A4955486F
:1092600005F09EF801E0FDF7E1FC4749474804F0AE
:10927000D8FC0346FB7100F0C1FD464B1B78194634
:10928000454800F0E5FD434B1B7819463E4800F089
:10929000DFFD404B1B78184600F0C6FDBEE3454B92
:1092A0001B78002B06D0444B384A3E49414805F014
:1092B00077F818E0374B00221A700BE0354B1B781B
:1092C0001A46384B00219954324B1B780133DAB2DD
:1092D000304B1A702F4B1B78172BEFD906223749CA
:1092E000304805F09DFF274B1B785BB2002BC0F286
:1092F00092832C49254804F094FC0346FB7101F04D
:10930000DFF9294B1A88294B1A80294B1A88264BDA
:109310001A80FDF7C1FB7EE3FDF788FC1A4B2F2274
:109320009A712449184806F01BF8174804F0BFFD4D
:109330000346FB71FB79002B04D0FB79082B01D08D
:10934000FDF774FC1049114804F06BFC0346FB71F7
:1093500000F054FD0F4B1B7819460F4800F078FDC4
:109360000C4B1B781946084800F072FD094B1B781E
:10937000184600F059FD51E33C0600204406002049
:109380001C4600202A000020344600206C460020A5
:10939000950E002016460020F4F50008180900205C
:1093A00090460020544600208E4600208A46002029
:1093B0004C46002024460020FC450020E8F500082B
:1093C000FDF758FCAE4AAF4B104603F120040246AD
:1093D0001946D1F800E04E688D68C968C2F800E00F
:1093E00056609560D16010331030A342EFD1024631
:1093F0001B881380A44804F0EBFA0346FB7101229A
:10940000A049A14803F0D8FE0346FB719F4B002200
:109410001A60FB79002B19D100F0F0FC9C4B1B78F3
:1094200019469C4800F014FD994B1B781946954845
:1094300000F00EFD964B1B781946974800F008FD8A
:10944000934B1B78184600F0EFFCE7E2FB791A46D5
:109450000121012000F03CFCE0E2FDF70BFC894813
:1094600004F07CFC0346FB71FB79002B13D100F068
:10947000C5FC874B1B781946824800F0E9FC844BF9
:109480001B781946854800F0E3FC814B1B78184691
:1094900000F0CAFCC2E2FB791A460521012000F067
:1094A00017FCBBE2FDF7E6FB794B00221A7005E0E2
:1094B000774B1B780133DAB2754B1A70744B1B78FB
:1094C0001A46774B9B5C002BF2D1714B1B781A46E6
:1094D000734B2F2199546E4B1B780133704A5421E2
:1094E000D154694804F074FA0346FB7165496C482D
:1094F00004F0D5FD0346FB71644B00221A60644BF7
:109500001B781A46664B00219954614B1B78013336
:10951000634A0021D154FB79002B19D100F06EFC75
:109520005B4B1B7819465F4800F092FC584B1B7848
:109530001946544800F08CFC554B1B7819465A4884
:1095400000F086FC524B1B78184600F06DFC65E27B
:10955000FB791A460321012000F0BAFB5EE2FDF719
:1095600089FB474B1B78002B33D0474804F030FA77
:109570000346FB714349424804F091FD0346FB71E9
:10958000FB79002B1FD100F039FC414B1B781946A9
:10959000444800F05DFC3E4B1B781946384800F00B
:1095A00057FC3B4B1B781946404800F051FC384BA8
:1095B0001B781946334800F04BFC354B1B78184696
:1095C00000F032FC05E0FB791A460221012000F090
:1095D0007FFB2B4B00221A7020E22D4B00221A70C9
:1095E00005E02B4B1B780133DAB2294B1A70284B5C
:1095F0001B781A462A4B9B5C002BF2D1244B1B781C
:109600001A46274B2F219954214B1B780133244AAA
:109610005421D1541C4804F0DBF90346FB71204867
:1096200004F09CFB0346FB710F221D49164803F012
:10963000C3FD0346FB71144804F072F90346FB7145
:10964000124B00221A60124B1B781A46144B002151
:1096500099540F4B1B780133114A0021D154FB79E7
:10966000002B27D100F0CAFB094B1B781946104884
:1096700000F0EEFB064B1B78184600F0D5FB1FE010
:1096800090460020D0450020E40800201809002062
:109690001646002000F6000808F6000814F6000838
:1096A0003446002020F6000828F6000830F60008AE
:1096B00040F60008FB791A460321012000F008FB60
:1096C0009D4B00221A70A9E100F098FB9B4BDA68D1
:1096D0009B4B1B689A4240F2A880994B1B68994AA1
:1096E0001360964B9A68964B1B689A4205D0954B2F
:1096F0001B681946914804F07FF9934B1B881A4662
:10970000924B93498D4803F062FE0346FB718E4BEA
:109710001B881A468D4B1B689A4204D98B4B1B68D9
:109720009AB2894B1A80FB79002B73D1894B0022A6
:109730001A801CE0874B1B881C46814B1A68854B9E
:109740001B889B00C3F11C0322FA03F3DBB203F076
:109750000F03DBB21846FBF796FB03461A467E4B17
:109760001A557C4B1B8801339AB27A4B1A80794B7D
:109770001B88072BDED9784B00221A72774B1B7897
:109780001946754800F064FB082273490020FDF774
:1097900033F902466A4B1A60694B18686A4B1B889A
:1097A0001A466B49FDF728F90246654B1A60664B6D
:1097B0001B881A46664B00219954684B1B78194642
:1097C000634800F045FB634B00221A8014E0614BB4
:1097D0001B8819465A4B1A685E4B1B88DB00C3F185
:1097E000180322FA03F3DAB25B4B5A54594B1B8825
:1097F00001339AB2574B1A80564B1B88032BE6D97C
:10980000554B00221A71554B1B781946524800F0EF
:109810001FFB05E0FB791A460121012000F058FAF0
:10982000464B9B68474A136005E04C4B1B78194632
:109830004B4800F00DFB494B1B78184600F0F4FA3A
:10984000ECE000F0DBFA3D4B9B7903F00203002BC8
:1098500053D03B4B1B683B4A1360384B9A68384BDC
:109860001B689A4205D0374B1B681946334804F0F1
:10987000C3F83C4B1B7843F00203DAB2394B1A7041
:10988000384B1B7803F00103002B10D0364B1B68BC
:10989000002B0CD0334B1B7823F00203DAB2314B90
:1098A0001A702E4B1B781946304800F0D1FA2D4B18
:1098B0001B7803F00203002B1AD0234B1B88043BB8
:1098C0001A46224B22491D4803F0A9FE0346FB71AC
:1098D000FB79002B06D0FB791A460621012000F007
:1098E000F7F905E01D4B1B781946214800F0B0FA46
:1098F000124B9B68134A136005E0184B1B781946FE
:109900001C4800F0A5FA154B1B78184600F08CFA9D
:1099100084E0144B1B7823F00103DAB2114B1A7068
:10992000074B1B68002B78D00E4B1B7843F00103CC
:10993000DAB20C4B1A7070E090460020E408002068
:1099400044060020180900203E060020C8450020DB
:10995000680C00208C46002024460020164600207B
:1099600054F600081C460020C445002064F6000898
:1099700074F6000880F600086D4B1B7823F00C038A
:10998000DAB26B4B1A706B4B1B68DBB29B00DBB21D
:1099900003F00C03DAB2664B1B781343DAB2644B64
:1099A0001A703BE0644B20221A70644B1B78032B27
:1099B00003D1634B21221A7030E0604B1B78022BDD
:1099C00003D1604B21221A7028E05B4B2E221A70C3
:1099D00024E000BF22E000BF20E000BF1EE000BF87
:1099E0001CE000BF1AE000BF18E000BF16E000BF97
:1099F00014E000BF12E000BF10E000BF0EE000BFA7
:109A00000CE000BF0AE000BF08E000BF06E000BFB6
:109A100004E000BF02E000BF00E000BF464B1B783F
:109A2000202B7BD1484B1B8803F43273002B03D0CF
:109A3000424B10221A7071E001F0A6FA0A46014664
:109A4000424B18CBA24208BF994209D23E4B1B8819
:109A500003F00203002B03D0384B10221A705DE094
:109A600001F092FA0A460146384B18CBA24208BFD1
:109A7000994216D3344B1B8803F00203002B10D0FD
:109A800000F06CF8304B1B8823F007039AB22E4B82
:109A90001A80274B1B7803F01003DAB2274B1A7099
:109AA0003CE001F071FA0A460146294B18CBA2426C
:109AB00008BF994209D2244B1B8803F00103002BF5
:109AC00003D01E4B10221A7028E01F4B1B8823F076
:109AD00001039AB21C4B1A80154B1B7803F010033C
:109AE000DAB2164B1A70124B1B7803F01003002BDE
:109AF00014D0184B1B8801339AB2164B1A80154BA1
:109B00001B88B3F5007F09D9124B00221A80124B33
:109B10001B7843F00103DAB20F4B1A70FCF7B8FC64
:109B20000D4B1B78002B3EF40BA8FDF7BCBE00BF0D
:109B30001C4600204406002038060020950E002018
:109B4000A10B0020A00B0020BE0F002078060020F3
:109B5000680600200E0900208C06002080B500AFAA
:109B60004C4B1B7803F07F03012B02D101F016F858
:109B70008EE0484B1B7803F00203002B35D0454B99
:109B80001B7803F00103002B06D0434B1B7843F0F6
:109B90001003DAB2404B1A703F4B1B7803F00203FC
:109BA000002B19D03B4B1B7803F01003002B13D173
:109BB000394B1B7843F00403DAB2374B1A70354B3C
:109BC0001B7803F00803002B06D0324B1B7843F0C0
:109BD0001003DAB22F4B1A702F4B1B7803F00303DC
:109BE000022B55D100F07AFD52E02A4B1B7803F08E
:109BF0007F03042B4CD1284B1B7803F02003002B50
:109C00003ED000F0FFFD234B1B7823F07F03DAB238
:109C1000204B1A701F4B1B7843F00403DAB21D4B24
:109C20001A701E4B1B681E4A13601E4B1A881E4B6F
:109C30001A801E4B1A881E4B1A801E4B1B681E4A28
:109C400013601E4B1A881E4B1A80174B1A881D4B27
:109C50001A801D4B1B88002B06D01C4B1B8843F021
:109C600040039AB2194B1A800D4B1B681846FBF73C
:109C700025FE094B1B7823F02003DAB2064B1A703D
:109C8000054B1B7803F00103002B01D100F026FDEA
:109C900000BF80BD2A00002058060020500600208A
:109CA000540600202C0000202E0000203800002048
:109CB0003A00002030000020340000203E00002048
:109CC000400000204A0600203C000020BE0F00207B
:109CD00080B582B000AF0346FB710B46BB711346E3
:109CE0007B713B4B1B78DBB2002B6DD0FB79022BD9
:109CF00008D0032B0BD0012B0ED10F21354800F0DB
:109D0000A7F80DE00F21344800F0A2F808E00F2179
:109D1000324800F09DF803E00F21314800F098F838
:109D2000BB79013B042B21D801A252F823F000BFDC
:109D3000459D00084F9D0008599D0008779D00082B
:109D4000639D00080F21274800F082F814E00F21DE
:109D5000254800F07DF80FE00F21244800F078F846
:109D60000AE00F21224800F073F805E00F21214896
:109D700000F06EF800E000BF7B79002B1ED00F21B1
:109D80001D4800F065F87B791B09DBB21846FBF72C
:109D90007AF803460F211846F6F744FC7B7903F066
:109DA0000F03DBB21846FBF76EF803460F21184687
:109DB000F6F738FC0F212920F6F734FC0F210D208F
:109DC000F6F730FC01F01AFB00BF0837BD4680BD36
:109DD000940E002020F6000894F600089CF6000877
:109DE000A4F60008ACF60008B4F60008BCF60008BB
:109DF000C4F60008D0F60008D8F6000880B400AF1A
:109E0000074B1B789B08DBB203F00303DBB2013B7B
:109E1000DAB2044B1A7000BFBD4680BC704700BF69
:109E20001C4600201646002080B582B000AF0346D5
:109E3000FB71FB7919460D20F6F7F4FBFB79012B3A
:109E400001D901F0DBFA00BF0837BD4680BD000034
:109E500080B582B000AF78600B46FB70104B0022DB
:109E60001A8010E00E4B1B881A467B6813441B783F
:109E7000FA7811461846F6F7D5FB094B1B880133D3
:109E80009AB2074B1A80064B1B881A467B6813440C
:109E90001B78002BE6D100BF0837BD4680BD00BF50
:109EA0008C46002080B485B000AFF860B9607A605D
:109EB000134B1B78022B0BD1BB681A68FB689A42C4
:109EC00004D2BB681B68FA68D31A14E0002312E0BE
:109ED0000B4B1B78012B08D1BB681A68FB681A442E
:109EE0007B68934228BF134605E0BB681A687B680D
:109EF000934228BF134618461437BD4680BC7047AE
:109F00004E46002080B500AF1A4B4FF00042C3F818
:109F10008020184B0122C3F88420174A164B1B8857
:109F20009BB223F001039BB21380144A134BDB69ED
:109F300023F40013D361114A104B1B6943F400133F
:109F400013610E4A0D4B1B6923F4001313610C4B74
:109F50001B7823F04003DAB2094B1A7004F0DAFAE6
:109F6000084B1B8823F400739AB2064B1A8000BF7B
:109F700080BD00BF00E100E000540040001002403E
:109F8000A4060020BE0F002080B584B000AF0346B9
:109F9000FB714F4B002283F881204E4B1B7843F01E
:109FA0004003DAB24B4B1A704B4A4B4BDB6923F43C
:109FB0000013D361494B00221A80484B00229A803B
:109FC000454A454B9B6943F008039361424A424B23
:109FD0009B6943F0010393613F4A3F4BDB6943F4C4
:109FE0000013D3613E4BC02283F81F233C4B4FF03C
:109FF00000421A603A4BC02283F82023384B0122DA
:10A000005A604FF4E173FB81344A344B9B889BB216
:10A0100043F024039BB29380304AFB89072B03D97A
:10A02000FB895B089BB200E0042393832B4B252222
:10A030001A842A4A294B1B889BB243F480639BB243
:10A040001380284A274B1B6823F07F431360254A5F
:10A05000244B1B6843F07F431360234AFB79137042
:10A06000FB795B00FB711D4AFB799BB243F4804393
:10A070009BB21381194B40229A81184A174B9B8837
:10A080009BB243F4E0639BB29380144A134B1B884A
:10A090009BB243F001039BB213800F211348FFF7DB
:10A0A000D7FE01F0ABF9124B1B8823F400739AB270
:10A0B0000F4B1A800F4B00221A700F4B00221A70A0
:10A0C0000E4B7F221A7000BF1037BD4680BD00BF07
:10A0D000D4460020A4060020001002400054004096
:10A0E00000E100E0000C014026090020E4F6000831
:10A0F000BE0F002025090020280900202409002087
:10A1000080B500AF9C4B1B780C2B00F2598101A24B
:10A1100052F823F049A10008B1A10008FBA10008F2
:10A120003BA20008C1A30008C1A30008C1A3000806
:10A13000C1A3000849A10008D3A1000867A2000834
:10A1400075A20008CFA200088C4A8C4B1B889BB2DA
:10A1500023F498539BB21380884A884B1B889BB288
:10A1600023F480539BB21380844A844B9B889BB218
:10A1700043F4E0639BB29380804A804B1B889BB280
:10A1800043F4806343F001039BB213807C4B7D4A10
:10A190001A60794B1B780133DAB2774B1A70774A21
:10A1A000764B1B889BB243F480739BB2138019E1FA
:10A1B000734B754A1A60704B02221A70734B00225F
:10A1C0001A806E4A724B1B789BB25B009BB2138263
:10A1D00008E16B4B6F4A1A60674B0A221A706E4B8C
:10A1E00000221A70654A6A4B1B785B001BB243F071
:10A1F00001031BB29BB21382F4E0614B674A1A6001
:10A20000674B1B789AB2614B1B889A4215D95F4BFA
:10A210001B88812B11D8584B02221A705B4B1B886C
:10A2200001339AB2594B1A80544A584B1B88013B50
:10A230005C49CB5C9BB21382D4E0594B00221A706C
:10A240004D4B7F221A70584B1B8823F400739AB22F
:10A25000554B1A80494A494B1B889BB243F4007303
:10A260009BB21380BEE0444B0B221A70444B4F4A02
:10A270001A60B7E0424B4D4A1A60474B1B780133D6
:10A28000DAB2454B1A70444B1B78013B3B4A128AA9
:10A2900092B2D1B2464AD1543F4B1A78454B1B7803
:10A2A0009A42C0F09E80344B0C221A70334A334BD2
:10A2B0001B889BB243F400739BB213802F4A2F4B31
:10A2C0001B889BB223F480639BB2138089E0324BDE
:10A2D0001B781A46294B1B8A9BB2D9B2344B99542E
:10A2E000254B7F221A70304B1B8823F400739AB2DF
:10A2F0002D4B1A800F213048FFF7AAFD2F4B00226B
:10A300001A7028E02D4B1B781A46294B9B5C1B09C1
:10A31000DBB21846FAF7B7FD03460F211846F6F7E9
:10A3200081F9264B1B781A46214B9B5C03F00F03E7
:10A33000DBB21846FAF7A7FD03460F211846F6F7D9
:10A3400071F90F212020F6F76DF91C4B1B780133B2
:10A35000DAB21A4B1A70194B1A780F4B1B789A42C3
:10A36000D0D90F210D20F6F75DF901F047F8114B18
:10A3700000221A7036E000BF24090020005400407B
:10A38000C446002001000300820007007000002086
:10A390005647002002000300270900208400070020
:10A3A00025090020D4460020BE0F002040000300F5
:10A3B000B846002028090020F0F60008D04600200A
:10A3C000094B00221A70094B00221A70084B1B8897
:10A3D00023F400739AB2064B1A80064B7F221A7040
:10A3E00000E000BF00BF80BD250900202809002033
:10A3F000BE0F00202409002080B500AF0F210348C4
:10A40000FFF726FD00F0FAFF00BF80BDF8F6000858
:10A4100080B500AF424B1B7803F04003002B03D103
:10A42000FFF7EAFF002378E00F213E48FFF710FD19
:10A4300000F0E4FF3C4B00221A703C4B01221A70E2
:10A4400058E03A4B1A783A4B1A703A4B4FF4FA529A
:10A450001A80394B00221A70002000F075F805E0D0
:10A46000344B1B88013B9AB2324B1A80334B1B781A
:10A470006F2B03D82F4B1B88002BF1D12D4B1B8842
:10A48000002B03D12D4B1B78022B2DD9274B1B788A
:10A490001B09DBB21846FAF7F6FC03460F211846F3
:10A4A000F6F7C0F8214B1B7803F00F03DBB2184618
:10A4B000FAF7E9FC03460F211846F6F7B3F80F2127
:10A4C0000D20F6F7AFF800F099FF1A4B00221A8022
:10A4D00005E0184B1B8801339AB2164B1A80154BB6
:10A4E0001B88B3F57A7FF4D3104B1B780133DAB2B3
:10A4F0000E4B1A700D4B1B785BB2002BA1DA0F21AB
:10A500000F48FFF7A5FC00F079FF0E4B1B8823F4E2
:10A5100000739AB20B4B1A80FF23184680BD00BF10
:10A52000A406002024F70008D4460020CC460020D2
:10A530005647002058470020250900202409002004
:10A5400034F70008BE0F002080B582B000AF03468C
:10A55000FB71134B1B7803F04003002B1AD0FB79DF
:10A56000DB00DBB203F00803DAB20E4B1A700E4BBD
:10A5700000221A800D4B00221A600D4B1B8843F4F9
:10A5800000739AB20A4B1A80074B00221A80FFF719
:10A59000B7FD01E0FFF730FF00BF0837BD4680BDC3
:10A5A000A40600202409002070000020C8460020D6
:10A5B000BE0F002080B500AF114B9B8A9BB21A469C
:10A5C000104B1A600E4B1B8B9BB21A460E4B1A6037
:10A5D0000D4B1B681A040B4B1B68134323F07F437E
:10A5E000084A1360074B1A68084B1B681A40074B50
:10A5F0001B689A4201D1FFF783FD00BF80BD00BFF9
:10A60000005400402C09002030090020C4460020DE
:10A6100080B400AF124B9B8A9BB21A46114B1A6052
:10A620000F4B1B8B9BB21A460F4B1A600F4B1B88AC
:10A6300023F400739AB20D4B1A80094B9B8A9BB28C
:10A6400003F48063002B07D0054A054B9B8A9BB21D
:10A6500023F480639BB2938200BFBD4680BC7047E9
:10A66000005400402C09002030090020BE0F0020BB
:10A6700080B483B000AF78600B46FB70FB78002B92
:10A6800006D00949084B5A697B6813434B6106E0C1
:10A690000549054B5A697B68DB4313404B6100BF9A
:10A6A0000C37BD4680BC70470010024080B400AF3C
:10A6B000024B1846BD4680BC704700BF0060244373
:10A6C00098B500AF00F060FC03460C46024AC2E9B0
:10A6D000003400BF98BD00BF6806002080B400AF02
:10A6E000294B1B7843F00103DAB2274B1A704FF065
:10A6F000804300229A844FF080424FF080431B88B1
:10A700009BB243F001039BB21380204B1B7803F0F4
:10A710007F03042B0FD14FF080431D4A12889A8586
:10A720004FF080424FF080439B8A9BB243F001037D
:10A730009BB2938219E0154B1B7803F00203002BA8
:10A7400013D0144B144A12881A61124B134A128800
:10A750001A61104B124A12885A61124B00221A7069
:10A760004FF08043104A12889A854FF080424FF094
:10A7700080439B899BB243F001039BB2938100BF4E
:10A78000BD4680BC704700BF580600202A0000204C
:10A7900040000020000C0140780E00205E060020E2
:10A7A00060060020C20E0020980E002080B500AF89
:10A7B00000F0F6FB114B1B7803F00203002B02D0D4
:10A7C00000F00AFB0CE00D4B1B7803F07F03042B19
:10A7D00006D14FF080430A4A12889A8500F0A2FB06
:10A7E0004FF080424FF080431B8A9BB223F001035D
:10A7F0009BB2138200F0E2FB00BF80BD2A00002064
:10A800004000002080B500AF4FF080424FF0804301
:10A810001B889BB223F001039BB213801B4B4FF4A8
:10A820007F425A611A4B1B7803F07F03042B24D11B
:10A83000184B1B8823F040039AB2164B1A80144B16
:10A840001B7823F07F03DAB2114B1A70104B1B7880
:10A8500043F00103DAB20E4B1A700020FBF72EF81A
:10A860000D4B1B884FF6FF72934206D00B4B1B78A3
:10A8700043F00803DAB2094B1A70094B1B7823F036
:10A880000103DAB2064B1A7000BF80BD000C014014
:10A890002A000020BE0F00206E0000208C06002041
:10A8A0005806002080B400AF934B1A88934B1A804F
:10A8B000934B1A88934B1A80934B00221A7044E0F2
:10A8C000914B1B781946904B1B781A468F4B33F8E7
:10A8D000123018468E4B1A688E4B1B68D31A03FB36
:10A8E00000F38D4A1288B3FBF2F39AB2894B1B68CE
:10A8F0009BB213449AB2894B23F81120824B1B78E8
:10A900001A46864B33F812301A46814B1B689A421E
:10A9100008D97D4B1B781A467D4B1B6899B27F4B3B
:10A9200023F81210784B1B780133774A12780832DB
:10A93000012101FA02F291B2794A22F81310724B06
:10A940001B780133DAB2704B1A706F4B1B78072BF0
:10A95000B6D9744B07221A805EE06B4B00221A7046
:10A960004DE0694B1B781A466C4B33F81220664B4E
:10A970001B780133694931F813309A4239D9624B57
:10A980001B781A46654B33F812301A46664B1A602C
:10A990005D4B1B7819465C4B1B7801335F4A32F8DC
:10A9A00013205E4B23F81120574B1B7801335E4A6E
:10A9B000126891B2594A22F81310534B1B78013395
:10A9C000574A32F81320564B5A824F4B1B780133AB
:10A9D0004D4A12780232524931F81210504A22F888
:10A9E0001310494B1B7802334D4A518A4C4A22F8C6
:10A9F0001310454B1B780133DAB2434B1A70424BAC
:10AA00001B789AB2474B1B889A42AAD3454B1B88A6
:10AA1000013B9AB2434B1A80424B1B88002B9CD1BE
:10AA2000424B1B689AB23D4B1A823D4B4FF47F421A
:10AA30005A82354B07221A704FE0334B1B78013B8B
:10AA4000364A32F81320304B1B781946334B33F813
:10AA500011309A423BD12C4B1B7818462A4B1B785D
:10AA60001A462F4B33F81220274B1B7801332C4901
:10AA700031F8133013449AB2294B23F81020224B9B
:10AA80001B789AB2274B1A801DE0264B1B8819466B
:10AA9000244B1B880133214A32F813201F4B23F823
:10AAA0001120204B1B8801331E4A128802321C4998
:10AAB00031F812101A4A22F813101A4B1B8801336E
:10AAC0009AB2184B1A80174B1B88072BDDD90E4BF7
:10AAD0001B78013BDAB20C4B1A700B4B1B78002B26
:10AAE000ABD1134B1B789BB21B029AB20C4B1A8052
:10AAF000054B01221A7033E05C060020600600203E
:10AB00005A0600205E06002016460020AC0E0020EB
:10AB1000500000204C00002054000020980E00201F
:10AB2000780E00208C460020C04500204400002004
:10AB300066000020144B1B781946134B1B781A46ED
:10AB4000124B33F81220114B1B8813409AB20F4B53
:10AB500023F811200C4B1B780133DAB20A4B1A7020
:10AB6000094B1B78082BE5D9094B1B68094A136070
:10AB7000094B1B7823F00603DAB2074B1A7000BFAB
:10AB8000BD4680BC704700BF16460020780E0020EE
:10AB900044000020480000205806002080B500AF87
:10ABA0000B4B1B88002B10D0094B1A88094B1A80BD
:10ABB000084B1B881A4613465B001344DB001846FB
:10ABC000FAF720FE024B00221A8000BF80BD00BFB2
:10ABD0004A0600207200002080B500AFFAF75CFC46
:10ABE0003948FAF73DFD112208211D20FAF76CFCC7
:10ABF000FF224FF458513448FBF726FB4FF45850CE
:10AC0000FAF700FE314B01221A80314A304BDB69E2
:10AC100043F00103D3614FF080434FF47A729A8579
:10AC20004FF0804347221A854FF080424FF0804317
:10AC30001B889BB223F45C739BB213804FF080435C
:10AC40004FF08042128892B21A804FF08043012266
:10AC50009A824FF080424FF080431B889BB243F0B2
:10AC600080039BB213804FF080424FF080439B895A
:10AC70009BB243F001039BB293814FF080424FF0AF
:10AC800080439B8A9BB243F001039BB29382114B9A
:10AC9000802283F81C230F4B4FF080521A600E4B1A
:10ACA00044F620621A600D4B4FF4FA721A600C4B96
:10ACB00040F6C4121A600B4B4FF400721A80FFF773
:10ACC000F1FD00BF80BD00BFC00F0020720000205A
:10ACD0000010024000E100E0440000204C00002091
:10ACE000500000205400002080B582B000AF314BEE
:10ACF0001A68314B1B68B2FBF3F301332D4A136022
:10AD00002E4B1B881A462B4B1B689A4202D8294BA4
:10AD100000221A60274B1B68274A126802FB03F3C4
:10AD2000244A1360234B1B681846FAF7C7FD244BCF
:10AD30001B88012B09D0234B1B884FF6FF729342CF
:10AD400027D01C4B1B68002B23D11F4B1B8843F0C3
:10AD500040039AB21C4B1A80FFF754FD1B4B93F82B
:10AD60004030013B7E2B1FDC164B1B884FF6FF72D9
:10AD7000934219D1164BB3F88030FB80134B93F8F4
:10AD80004000144B93F84030BA1D1946FCF73CF8CC
:10AD90000AE00B4B1B88012B07D9094B1B88013B91
:10ADA0009AB2074B1A8000E000BF00BF0837BD46CB
:10ADB00080BD00BF54060020340000203A0000206F
:10ADC0003C0000206E000020BE0F0020F80E002086
:10ADD0003C0F00201C0C002080B500AF484B1B78B6
:10ADE0001A46484B33F812301A46474B1B689A42B2
:10ADF0005CD2434B1B78072B58D8444A404B1B78F6
:10AE00000133434931F8133053614FF080413C4BDB
:10AE10001B7801333B4A32F81320394B1B78184614
:10AE2000384B33F81030D31A9BB28B85344B1B78D8
:10AE30000133DAB2324B1A70314B1B781A46314B60
:10AE400033F812301A46304B1B689A4203D22C4B0F
:10AE50001B78072B46D92F4B1B7843F00803DAB237
:10AE60002C4B1A702B4B1B7803F01003002B08D0CF
:10AE7000FFF794FE274B1B7823F01003DAB2254B23
:10AE80001A70254B1B7803F01003002B05D0214BC3
:10AE90001B7803F00203002B05D11E4B1B7803F037
:10AEA0000403002B1ED0FFF7FDFC1BE0144B002217
:10AEB0001A70164B164A12881A61144B174A1288D8
:10AEC0001A61124B164A12885A614FF080430D4A9C
:10AED00012889A850F4B1B7823F00803DAB20D4BCA
:10AEE0001A7000E000BF4FF080424FF080439B8A11
:10AEF0009BB243F001039BB2938200BF80BD00BFB1
:10AF0000C20E0020980E002048000020000C0140D6
:10AF1000780E0020580600202A0000205E0600203F
:10AF20006006002080B500AF034B1A88034B1A80DF
:10AF3000FFF734FE00BF80BD2E0000204A0600202F
:10AF400080B400AF0B4B0C4A1A600C4B07221A60FE
:10AF50000B4A0B4B1B6843F07F431360094A094BB4
:10AF60001B686FEA03436FEA1343136000BFBD46DB
:10AF700080BC704714E000E03F19010010E000E0E1
:10AF80001CED00E020ED00E090B400AF034B18CBC7
:10AF900018462146BD4690BC704700BF38090020C6
:10AFA00080B400AF044B1B780133DAB2024B1A7045
:10AFB00000BFBD4680BC70474009002080B500AF8F
:10AFC000084B1B78002B05D0064B1B78013BDAB2EF
:10AFD000044B1A70034B1B78002B01D100F004F8CE
:10AFE00000BF80BD4009002098B500AF0A4B18CBC8
:10AFF0000A4AD2E90012A24208BF994209D3074B7C
:10B0000018CB0A3344F10004034AC2E9003404F0C7
:10B01000E3F800BF98BD00BF5009002038090020A8
:10B0200090B482B000AF78607B6819464FF00002A0
:10B030000B4B18CB5B1844EB02040A4AC2E90034FC
:10B0400000BF084BD3E90012054B18CBA24208BF42
:10B050009942F6D300BF0837BD4690BC704700BF89
:10B06000380900204809002098B500AF074B18CBDD
:10B07000013344F10004054AC2E90034044B1B7853
:10B08000002B01D1FFF7B0FF00BF98BD38090020A9
:10B090004009002080B500AF134A134B9B6943F071
:10B0A00080039361114A114B5B6823F47043536032
:10B0B0000E4A0E4B5B6843F4E04353600C4B002296
:10B0C0001A60094A084BDB6943F40003D361094B5A
:10B0D000A02283F81423074B4FF480121A6000F06B
:10B0E0000BF800BF80BD00BF00100240001C0140F3
:10B0F000D800424200E100E080B400AF3E4B0022A5
:10B100001A603E4B40221A603D4B00221A603D4BB4
:10B1100080221A603C4B4FF404421A603B493B4B7F
:10B120001B6883F4405383F0200343F230021A403B
:10B1300042F400730B60364BC0221A60354B00227C
:10B140001A60354B00221A60344B00221A603449D1
:10B15000334B1B6883F0200243F2300313400B6033
:10B16000304B4FF480721A602F4B00221A602F4B25
:10B1700000221A602E4B00221A602E492D4B1B68AC
:10B1800083F0200243F23003134043F4C0630B60AA
:10B19000294B00221A60294B00221A60284B4FF4D9
:10B1A00088721A60274B4FF404421A602649264BD6
:10B1B0001B6883F4405243F2300313400B60234B6F
:10B1C000C0221A70224B00221A70224B00221A70E1
:10B1D000214B00221A60214B4FF404421A60204B8D
:10B1E00080221A601C4A1C4B1B6823F48063136086
:10B1F00000BFBD4680BC7047505C0040006000400E
:10B2000004600040086000400C600040005C0040AA
:10B210001060004014600040186000401C60004056
:10B22000045C004020600040246000402860004032
:10B230002C600040085C00403060004034600040FA
:10B24000386000403C6000400C5C00405C470020DF
:10B25000F2470020E8470020445C0040405C00408A
:10B260004C5C004080B485B000AFF860B960114616
:10B270001A460B46FB801346BB80FA88BB88934274
:10B2800028BF1346FB80134B00221A7016E0114BA7
:10B290001B781A46BB68134403F1005303F540536F
:10B2A0005B001A46FB681B881380FB680233FB6057
:10B2B000084B1B780233DAB2064B1A70054B1B7829
:10B2C0009BB2FA889A42E2D800BF1437BD4680BCD0
:10B2D000704700BF980A002080B485B000AFF860C6
:10B2E000B9601346FB80134B00221A7016E0114B15
:10B2F0001B781A46FB68134403F1005303F54053CF
:10B300005B001B889AB2BB681A80BB680233BB60C3
:10B31000084B1B780233DAB2064B1A70054B1B78C8
:10B320009BB2FA889A42E2D800BF1437BD4680BC6F
:10B33000704700BF980A002080B485B000AF7860E5
:10B340000B46FB70FB7803F1806303F5C0631B01C0
:10B350001B68FB81274B00221A7017E0FB89023320
:10B36000FB81FB8903F1005303F540535B001A4650
:10B37000204B1B7819467B680B441B789BB21380CB
:10B380001C4B1B780133DAB21A4B1A70194B1B781D
:10B390001A467B6813441B78002BDFD1154B1B78B2
:10B3A0000133DBB25B00DAB2124B1A70FB7803F1A7
:10B3B000806303F5C0631B011B68FB81FB8903F1FC
:10B3C000005303F540535B001A460A4B1B789BB2AF
:10B3D00043F440739BB21380FB781A01064B13446D
:10B3E0001A46044B1B78136000BF1437BD4680BC5F
:10B3F000704700BF980A00200460004080B500AF8D
:10B400001B4B1B88002B30D01A4B1B7823F00103F9
:10B41000DAB2184B1A7040234022C0211648FFF7B9
:10B4200021FF164B124A12881A601549144B1B68EB
:10B4300083F0300248F6BF7313400B600C4B0022C0
:10B440001A80104B41F288321A6004E00D4B1B68E1
:10B45000013B0C4A13600A4B1B6803F08003002B6E
:10B4600003D1084B1B68002BF0D100BF80BD00BF8B
:10B470006009002064090020644700201460004037
:10B48000045C00406047002080B582B000AFACE3B0
:10B490009F4B1B88DBB203F00F03DAB29D4B1A708F
:10B4A0009C4B1B78012B14D19B4B1B6803F0800332
:10B4B000002B0ED09849984B1A6848F60F7313402A
:10B4C0000B60964B1B7843F00103DAB2934B1A7072
:10B4D0008BE3904B1B78032B31D1914B1B6803F40A
:10B4E0000043002B2BD08D4B1B7823F01003DAB2D6
:10B4F0008A4B1A708B4B00221A808B4B00221A60E9
:10B500008749874B1B6883F4005243F68F731340BF
:10B510000B60864B1B689BB2C3F309039AB2844B42
:10B520001A80402283494FF48870FFF7D5FE7B4B89
:10B530001B7843F00203DAB2784B1A7055E3754B6F
:10B540001B78002B40F051837B4B1B689AB243F26F
:10B55000300313409AB2794B1A807749764B1B68B7
:10B5600083F4005383F020034BF6BF721A400A6045
:10B57000674B1B8803F01003002B00F0C4826E4958
:10B580006D4B1A6840F68F7313400B606A4B1B6853
:10B5900003F40063002B00F0A082694B1B889AB271
:10B5A000684B1A80684B1B889AB2684B1A80684BAC
:10B5B0001B889AB2674B1A80674B1B889AB2674BFD
:10B5C0001A80664B1B88002B40F06081644B06227A
:10B5D0001A70644B00221A605A4B1B88B3F5106F27
:10B5E00005D15A4B1B88DAB25F4B1A7046E1554BB6
:10B5F0001B88B3F5A06F08D1544B1B88DBB263F0F6
:10B600007F03DAB2594B1A7038E14E4B1B881A4649
:10B610004FF6FF531340B3F5807F00F02F81494B65
:10B620001B8840F6013293420ED14F4B1B78002B02
:10B630000AD0484B1B88DBB2012B05DC454B1B882D
:10B64000DAB24B4B1A7019E13E4B1B88B3F5817F80
:10B6500040F0A9803F4B1B88DBB203F07F03DAB2D6
:10B66000444B1A70394B1B88002B40F00781394B33
:10B670001B88B3F5807F40F201813B4B1B78002B88
:10B6800000F0FC803B4B1B7803F1805303F5B8536B
:10B690009B001B689AB2384B1A802E4B1B8803F014
:10B6A0008003002B19D0344B1B8803F03003102B80
:10B6B00040F0E4802F4B1B7803F1805303F5B8531F
:10B6C0009B001A462C4B1B8883F030039BB2194613
:10B6D00048F6FF730B401360D0E0274B1B8803F440
:10B6E0004053B3F5805F40F0C980224B1B78002B9C
:10B6F00046D1224B4FF404421A600F490E4B1B688F
:10B7000083F440524BF68F7313400B60B6E000BFDA
:10B7100058090020E40B0020045C0040640900206C
:10B720000C5C00405C090020EC4700203C600040BD
:10B730005E090020A8470020005C0040D00B0020DC
:10B74000006100405A09002004610040F4470020D5
:10B7500008610040F64700200C610040F0470020DF
:10B760006209002004600040F247002063090020C5
:10B77000E84700205D4700205E4700200C60004045
:10B78000A74B1B7803F1805303F5B8539B001A466F
:10B79000A44B1B8883F440539BB219464FF68F731A
:10B7A0000B4013606AE0A04B1B8840F202329342C8
:10B7B00052D19E4B1B88DBB203F07F03DAB2984B69
:10B7C0001A709B4B1B88002B58D19A4B1B78002B6F
:10B7D00054D0934B1B7803F1805303F5B8539B006F
:10B7E0001B689AB28F4B1A80904B1B8803F0800322
:10B7F000002B18D08B4B1B8803F03003002B3DD05F
:10B80000874B1B7803F1805303F5B8539B001A460E
:10B81000844B1B8883F010039BB2194648F6BF7314
:10B820000B4013602AE07F4B1B8803F44053002B2E
:10B8300024D07B4B1B7803F1805303F5B8539B0056
:10B840001A46784B1B8883F480539BB219464BF6FB
:10B850008F730B40136011E0734B1B881A464DF633
:10B86000FF531340212B06D10F217348FEF7F0FA46
:10B87000FFF7C4FD02E0714B08221A70704B1B8861
:10B8800043F030039AB26E4B1A8097E16B4B04225F
:10B890001A706C4B6C4A12881A60634B1B88B3F5A4
:10B8A000D06F7FD1624B1B88B3F5807F09D14023D5
:10B8B000122240216548FFF7D5FC624B12221A6024
:10B8C00006E15B4B1B88B3F5007F11D1402340227A
:10B8D00040215F48FFF7C6FC5B4B1B88092B40F2F9
:10B8E000F780584B40221A60544B02221A70EFE046
:10B8F0004F4B1B88B3F5407F0BD1564B4FF4417231
:10B900001A80554B40F209421A804E4B04221A60AD
:10B91000DEE0474B1B8840F20132934204D1002104
:10B920004E48FFF709FDD3E0414B1B8840F202323D
:10B93000934204D100214A48FFF7FEFCC8E03C4B8B
:10B940001B8840F20332934240F0C280454B1B6893
:10B950007B60454B02221A7018E0434B1B7803F1C1
:10B96000005303F541535B001A467B689BB203F01A
:10B9700007039BB230339BB213807B68DB087B608C
:10B98000394B1B780233DAB2374B1A70364B1B78BF
:10B99000172BE2D92F4B4FF446721A80294B1822ED
:10B9A0001A6095E0204B1B881A464FF6FE73134031
:10B9B000802B19D12C4B00221A701B4B1B88802B1B
:10B9C0000CD12A4B1B7803F04003002B06D0264BEA
:10B9D0001B7843F00103DAB2234B1A701D4B224A45
:10B9E000127892B21A8073E00F4B1B88822B3FD1E2
:10B9F0000E4B1B88DBB203F07F03DAB2084B1A70E0
:10BA0000144B00221A80064B1B7803F1805303F578
:10BA1000B8539B001B689AB2024B1A8058E000BFD3
:10BA20005D4700205E4700205A090020F6470020AD
:10BA3000F4470020F247002098F700086209002030
:10BA4000D00B002004600040F047002044F70008BD
:10BA500058F700088060004084600040ACF70008A0
:10BA6000B4F70008F0F7FF1FA44700205C47002050
:10BA7000654B1B88B3F5086F05D1644B644A127897
:10BA800092B21A8024E0604B1B881A464FF6FF637F
:10BA9000134042F2A10293420DD15C4B4FF442425B
:10BAA0001A805C4B01221A805B4B00221A805B4B90
:10BAB00008221A800CE0544B1B8842F22102934268
:10BAC00003D1574B03221A7002E0554B08221A701B
:10BAD000544B43F230021A8070E0514B1B78032B19
:10BAE0000DD1504B1B8843F030039AB24D4B1A8056
:10BAF0004D4B00221A604A4B05221A705EE0484BFB
:10BB000008221A705AE04949484B1A6848F60F73E0
:10BB100013400B60424B1B78022B10D13B4B402251
:10BB20001A803C4B00221A803D4B04221A703E4B77
:10BB300003221A603B4B43F230021A803EE0384B3E
:10BB40001B78042B07D1364B07221A70354B43F272
:10BB500010021A8032E0364B1B78002B2BD0354B6D
:10BB600000221A701CE0334B1B7803F1805303F55D
:10BB7000B8539B0019462F4B1B7803F1805303F5F4
:10BB8000B8539B001A6848F680731340294A12780C
:10BB900013430B60274B1B780133DAB2254B1A7025
:10BBA000244B1B78032BDED9234B214A12781A60D1
:10BBB0001F4B00221A701A4B08221A701F4B4FF4A9
:10BBC00004421A60164B1B78082B03D1154B41F227
:10BBD00010021A801549154B1B68124A12885A40E8
:10BBE0004BF6BF7313400B600AE0154B1B689AB20B
:10BBF000144B1A80134B1B881BB2002BFFF648AC6A
:10BC00000837BD4680BD00BF5A0900208060004053
:10BC1000F247002084600040886000408C60004053
:10BC200062090020D00B002004600040005C00404E
:10BC300063090020A44700204C5C00400C600040D9
:10BC4000445C00405809002080B500AF0A4B1B68D7
:10BC50009AB20A4B1A80094B1B881BB2002B01DADF
:10BC6000FFF712FC054B1B8803F48063002B01D007
:10BC7000FFF742FA00BF80BD445C00405809002035
:10BC80000B4B19680B4A126891420AD0EFF30980F6
:10BC900020E9F00F08601A601068B0E8F00F80F338
:10BCA0000988054B002018704EF0040E704700BF45
:10BCB000200600201C0600200505002080B487B067
:10BCC00000AFF860B9607A60FB687B61BB683B617C
:10BCD0000CE03B691A687B691A607B6904337B61FD
:10BCE0003B6904333B617B68043B7B607B68032BCF
:10BCF000EFD807E07B695A1C7A613A69511C3961B7
:10BD000012781A707B685A1E7A60002BF2D100BF3D
:10BD10001C37BD4680BC704780B487B000AFF86068
:10BD2000B9607A60FB687B6105E07B695A1C7A61C7
:10BD3000BA68D2B21A707B685A1E7A60002BF4D1AE
:10BD400000BF1C37BD4680BC704780B489B000AFCF
:10BD5000F860B9607A60FB68FB61BB68BB61002377
:10BD60007B6100BF7B685A1E7A60002B0DD0FB6997
:10BD70005A1CFA611B781946BB695A1CBA611B78B8
:10BD8000CB1A7B617B69002BECD07B69184624378A
:10BD9000BD4680BC704780B483B000AF7860396026
:10BDA00002E07B6801337B607B681B78002B05D049
:10BDB0007B681B781A463B689A42F2D17B681B78F5
:10BDC00018460C37BD4680BC704780B584B000AFC4
:10BDD00078607B681B79002B38D07B681B6BFB601D
:10BDE0007B6858787B6803F134010123FA6802F01C
:10BDF000B3FF0346002B01D0012328E07B6800221B
:10BE00001A717B685A6AFB689A421FD87B685A6A23
:10BE10007B68DB691A44FB689A4217D97B68DB7838
:10BE2000BB6010E07B68DB69FA681344FB607B68E9
:10BE300058787B6803F134010123FA6802F08CFF23
:10BE4000BB68013BBB60BB68012BEBD800231846E5
:10BE50001037BD4680BD80B582B000AF78603960D4
:10BE60007B681A6B3B689A4218D07868FFF7ADFF81
:10BE70000346002B01D0012311E07B6858787B68D2
:10BE800003F1340101233A6802F0FAFE0346002B65
:10BE900001D0012303E07B683A681A630023184647
:10BEA0000837BD4680BD000080B584B000AF786023
:10BEB0007868FFF78AFF0346FB73FB7B002B4AD1B0
:10BEC0007B681B78032B3AD17B685B79002B36D0DB
:10BED0007B6800221A637B6834334FF400720021C0
:10BEE0001846FFF719FF7B68343303F5FF734AF6F2
:10BEF00055221A807B683433194A1A607B683433C0
:10BF000003F5F273174A1A607B68343303F5F47350
:10BF10007A6812691A607B68343303F5F6737A68BD
:10BF2000D2681A607B6858787B6803F134017B68BB
:10BF30005A69012302F010FF7B6800225A717B6866
:10BF40005B7800220021184602F082FF0346002B96
:10BF500001D00123FB73FB7B18461037BD4680BD23
:10BF6000525261417272416180B483B000AF786017
:10BF700039603B68023B3B607B689B699A1E3B686B
:10BF80009A4201D8002308E07B689B781A463B68F8
:10BF900003FB02F27B68DB6A134418460C37BD468C
:10BFA00080BC704780B586B000AF786039603B6870
:10BFB000012B04D97B689A693B689A4201D8012316
:10BFC00084E07B681B78022B45D0032B5BD0012BD0
:10BFD0007AD13B687B617B695B087A6913447B613A
:10BFE0007B685A6A7B695B0A134419467868FFF7D5
:10BFF00032FF0346002B60D17B69C3F308037A68E4
:10C00000134493F834303B617B6901337B617B6877
:10C010005A6A7B695B0A134419467868FFF71BFF6D
:10C020000346002B4BD17B69C3F308037A681344A2
:10C0300093F834301B021A463B6913433B613B685B
:10C0400003F00103002B02D03B691B093EE03B6972
:10C05000C3F30B033AE07B685A6A3B681B0A13443C
:10C0600019467868FFF7F7FE0346002B29D13B6895
:10C070005B0003F4FF7330337A6813440433FB60CE
:10C08000FB681B8822E07B685A6A3B68DB09134423
:10C0900019467868FFF7DFFE0346002B13D13B6893
:10C0A0009B0003F4FE7330337A6813440433FB605F
:10C0B000FB681B6823F0704308E000BF04E000BF8A
:10C0C00002E000BF00E000BF4FF0FF331846183712
:10C0D000BD4680BD80B588B000AFF860B9607A60B9
:10C0E000BB68012B04D9FB689A69BB689A4202D8E5
:10C0F0000223FB77C0E0FB681B78022B71D0032B77
:10C1000000F08B80012B40F0AA80BB68BB61BB694B
:10C110005B08BA691344BB61FB685A6ABB695B0A76
:10C1200013441946F868FFF796FE0346FB77FB7F3A
:10C13000002B40F09780BB69C3F308033033FA68E3
:10C14000134404337B61BB6803F00103002B0DD063
:10C150007B691B785BB203F00F035AB27B68DBB2DA
:10C160001B015BB213435BB2DBB201E07B68DBB265
:10C170007A691370BB690133BB61FB6801221A71D4
:10C18000FB685A6ABB695B0A13441946F868FFF7F3
:10C1900062FE0346FB77FB7F002B65D1BB69C3F3CF
:10C1A00008033033FA68134404337B61BB6803F03F
:10C1B0000103002B03D07B681B09DBB20EE07B6917
:10C1C0001B785BB223F00F035AB27B681B0A5BB289
:10C1D00003F00F035BB213435BB2DBB27A691370F7
:10C1E00047E0FB685A6ABB681B0A13441946F868A3
:10C1F000FFF731FE0346FB77FB7F002B36D1BB6890
:10C200005B0003F4FF733033FA68134404337B613B
:10C210007B689AB27B691A802BE0FB685A6ABB681C
:10C22000DB0913441946F868FFF715FE0346FB7750
:10C23000FB7F002B1CD1BB689B0003F4FE733033E3
:10C24000FA68134404337B617B691B6803F0704315
:10C250007A6813437B607B697A681A6009E002237D
:10C26000FB7706E000BF04E000BF02E000BF00E093
:10C2700000BFFB6801221A71FB7F18462037BD46BC
:10C2800080BD80B584B000AF786039603B68012B19
:10C2900004D97B689A693B689A4202D80223FB73EF
:10C2A00039E00023FB732DE039687868FFF77AFEE8
:10C2B000B860BB68002B2BD0BB68012B02D10223D6
:10C2C000FB7328E0BB68B3F1FF3F02D10123FB738E
:10C2D00021E0002239687868FFF7FCFE0346FB7313
:10C2E000FB7B002B16D17B681B69B3F1FF3F07D0A6
:10C2F0007B681B695A1C7B681A617B6801225A7132
:10C30000BB683B607B689A693B689A42CCD802E084
:10C3100000BF00E000BFFB7B18461037BD4680BD64
:10C3200080B586B000AF786039603B68002B0DD1D6
:10C330007B68DB683B613B69002B04D07B689A69B2
:10C340003B699A4215D801233B6112E0396878684D
:10C35000FFF728FEB860BB68012B01D8012364E019
:10C360007B689A69BB689A4201D9BB685DE03B680B
:10C370003B613B697B617B6901337B617B689A69C7
:10C380007B699A4207D802237B617A693B699A42AA
:10C3900001D9002349E079697868FFF703FEB860A6
:10C3A000BB68002B0ED0BB68B3F1FF3F02D0BB6867
:10C3B000012B01D1BB6838E07A693B699A42DAD136
:10C3C000002332E000BF6FF0704279697868FFF7B0
:10C3D00081FE0346FB73FB7B002B09D13B68002BDE
:10C3E00006D07A6939687868FFF774FE0346FB73F4
:10C3F000FB7B002B10D17B687A69DA607B681B6954
:10C40000B3F1FF3F10D07B681B695A1E7B681A612D
:10C410007B6801225A7107E0FB7B012B02D14FF0B0
:10C42000FF3300E001237B617B6918461837BD4666
:10C4300080BD80B584B000AF78600B467B807B68A0
:10C440007A88DA807B689B68FB60FB68012B05D0EB
:10C450007B681B689A69FB689A4201D8022366E0F0
:10C46000FB68002B08D17B681B681B78032B03D16A
:10C470007B681B689B6AFB60FB68002B14D17B68A0
:10C48000FA68DA607B681B681B897A889A4201D354
:10C4900002234CE07B681B689B6A7A88120992B27F
:10C4A0001A447B681A6136E07B681B689B789BB2F4
:10C4B0001B017B811BE07B681B68F9681846FFF74E
:10C4C00071FDF860FB68B3F1FF3F01D101232EE05D
:10C4D000FB68012B05D97B681B689A69FB689A4247
:10C4E00001D8022323E07A887B89D31A7B807A885B
:10C4F0007B899A42DFD27B68FA68DA607B681B68C6
:10C50000F9681846FFF730FD02467B881B099BB28D
:10C510001A447B681A617B681B6803F134027B88CC
:10C5200003F00F035B011A447B685A61002318462D
:10C530001037BD4680BD90B585B000AF78603960DA
:10C540007B68DB8801333B813B89002B03D07B6810
:10C550001B69002B01D10423BBE03B8903F00F03CF
:10C560009BB2002B40F0A6807B681B695A1C7B683D
:10C570001A617B68DB68002B08D17B681B681B890C
:10C580003A899A42C0F096800423A2E03B891B09B5
:10C590009BB21A467B681B689B78013B1340002BBB
:10C5A00040F088807B681A687B68DB681946104613
:10C5B000FFF7F8FCF860FB68012B01D8022388E044
:10C5C000FB68B3F1FF3F01D1012382E07B681B6868
:10C5D0009A69FB689A4261D83B68002B01D1042319
:10C5E00077E07B681A687B68DB6819461046FFF7BE
:10C5F00097FEF860FB68002B01D1072369E0FB6818
:10C60000012B01D1022364E0FB68B3F1FF3F01D1AC
:10C6100001235EE07B681B681846FFF7D6FB0346E4
:10C62000002B01D0012354E07B681B6834334FF4A6
:10C63000007200211846FFF76FFB7B681C687B685F
:10C640001B68F9681846FFF78FFC03462363002335
:10C65000FB7215E07B681B6801221A717B681B68FE
:10C660001846FFF7B2FB0346002B01D0012330E050
:10C670007B681B681A6B01321A63FB7A0133FB7209
:10C680007B681B689B78FA7A9A42E3D37B681B68C5
:10C690007A681268116BFA7A8A1A1A637B68FA68E8
:10C6A000DA607B681B68F9681846FFF75DFC024694
:10C6B0007B681A617B683A89DA807B681B6803F1C2
:10C6C00034023B8903F00F035B011A447B685A6113
:10C6D000002318461437BD4690BD80B584B000AF26
:10C6E0007860396000217868FFF7A3FE0346FB738A
:10C6F000FB7B002B2DD10023BB607B681A687B6815
:10C700001B6919461046FFF7A6FB0346FB73FB7B2C
:10C71000002B1DD17B685B691B78E52B04D07B68FF
:10C720005B691B78002B07D1BB680133BB60BA681B
:10C730003B689A4202D10CE00023BB60012178687B
:10C74000FFF7F9FE0346FB73FB7B002BD5D000E01F
:10C7500000BFFB7B18461037BD4680BD80B485B056
:10C7600000AF786039603B681A331B88FB607B68D8
:10C770001B78032B06D13B6814331B881B04FA6813
:10C780001343FB60FB6818461437BD4680BC7047F6
:10C7900080B483B000AF786039607B681A333A6840
:10C7A00092B21A807B6814333A68120C92B21A80E3
:10C7B00000BF0C37BD4680BC704780B586B000AF67
:10C7C000786000217868FFF734FE0346FB75FB7D37
:10C7D000002B01D0FB7D37E07B681A687B681B6902
:10C7E00019461046FFF737FB0346FB75FB7D002B10
:10C7F00026D17B685B693B613B691B78FB73FB7BE4
:10C80000002B02D10423FB751DE03B690B331B7821
:10C8100003F00803002B09D17B689B690B221946A2
:10C820003869FFF792FA0346002B0BD00021786895
:10C83000FFF781FE0346FB75FB7D002BCCD002E0A9
:10C8400000BF00E000BFFB7D18461837BD4680BD25
:10C8500080B586B000AF786039600423FB753AE09C
:10C860007B681A687B681B6919461046FFF7F3FA64
:10C870000346FB75FB7D002B32D17B685B693B6116
:10C880003B691B78FB73FB7B002B02D10423FB75F8
:10C890002BE03B690B331B7803F03F03BB73FB7B3F
:10C8A000E52B0FD0FB7B2E2B0CD0BB7B0F2B09D0A5
:10C8B000BB7B082B0CBF01230023DBB21A463B686D
:10C8C0009A420FD000217868FFF735FE0346FB75CA
:10C8D000FB7D002B08D17B681B69002BC0D104E0D5
:10C8E00000BF02E000BF00E000BFFB7D002B02D0D4
:10C8F0007B6800221A61FB7D18461837BD4680BD53
:10C9000080B584B000AF786001217868FFF7E5FE5C
:10C910000346FB73FB7B002B1FD17B681A687B6887
:10C920001B6919461046FFF796FA0346FB73FB7B1B
:10C93000002B12D17B685B69202200211846FFF78B
:10C94000EBF97B6858697B689B690B221946FFF7F6
:10C95000B5F97B681B6801221A71FB7B18461037FA
:10C96000BD4680BD80B584B000AF78607B68DB8851
:10C9700019467868FFF75DFD0346FB73FB7B002BD0
:10C9800014D17B681A687B681B6919461046FFF74B
:10C9900062FA0346FB73FB7B002B07D17B685B6964
:10C9A000E5221A707B681B6801221A71FB7B18460E
:10C9B0001037BD4680BD000080B588B000AF7860FC
:10C9C00039603B681B68FB6002E0FB680133FB6079
:10C9D000FB681B782F2BF8D0FB681B785C2BF4D0FE
:10C9E0007B689B69BB600B222021B868FFF794F934
:10C9F0000023FB7700233B613B697B610823BB611C
:10CA00007B695A1C7A61FA6813441B78BB77BB7F39
:10CA1000202B53D9BB7F2F2B50D0BB7F5C2B4DD00D
:10CA2000BB7F2E2B03D03A69BB699A420FD3BB69F7
:10CA3000082B02D1BB7F2E2B01D0062373E00823E5
:10CA40003B610B23BB61FB7F9B00FB7735E097F9D4
:10CA50001E30002B08DAFB7F43F00303FB77BB7F1C
:10CA6000803B334AD35CBB77BB7F19463148FFF725
:10CA700092F90346002B01D0062354E0BB7F402BE4
:10CA800007D9BB7F5A2B04D8FB7F43F00203FB7707
:10CA90000CE0BB7F602B09D9BB7F7A2B06D8FB7FCC
:10CAA00043F00103FB77BB7F203BBB773B695A1CFC
:10CAB0003A61BA681344BA7F1A70A1E7FA687B69D1
:10CAC0001A443B681A60BB7F202B01D8042300E086
:10CAD0000023BB773B69002B01D1062323E0BB6811
:10CAE0001B78E52B02D1BB6805221A70BB69082BA5
:10CAF00002D1FB7F9B00FB77FB7F03F00303012B3D
:10CB000003D1BB7F43F01003BB77FB7F03F00C0323
:10CB1000042B03D1BB7F43F00803BB77BB680B3307
:10CB2000BA7F1A70002318462037BD4680BD00BF6B
:10CB3000C0F7000840F8000880B489B000AF786002
:10CB400039603B680933BB617B681B69002B57D098
:10CB50007B685B693B613B691B7BFB730023FB616B
:10CB600014E03A69FB6913441B78FB75FB7D202BAD
:10CB700010D0FB7D052B01D1E523FB75BB695A1C49
:10CB8000BA61FA7D1A70FB690133FB61FB69072BFF
:10CB9000E7D900E000BF3B6908331B78202B1CD08D
:10CBA000BB695A1CBA612E221A700823FB610FE080
:10CBB0003A69FB6913441B78FB75FB7D202B0BD076
:10CBC000BB695A1CBA61FA7D1A70FB690133FB61BB
:10CBD000FB690A2BECD900E000BF3B69DA7A3B68BD
:10CBE0001A723B691C331A683B681A603B69183338
:10CBF0001A883B689A803B6916331A883B68DA804A
:10CC0000BB6900221A7000BF2437BD4680BC704744
:10CC100080B584B000AF786039603B681B782F2BFB
:10CC200003D03B681B785C2B02D13B6801333B602F
:10CC30007B6800229A603B681B781F2B09D8002173
:10CC40007868FFF7F6FB0346FB737B6800225A61A6
:10CC500043E03B4619467868FFF7AEFE0346FB7398
:10CC6000FB7B002B32D17868FFF7A7FD0346FB73EF
:10CC70007B689B69DB7ABB73FB7B002B0AD0FB7B59
:10CC8000042B25D1BB7B03F00403002B22D1052309
:10CC9000FB731FE0BB7B03F00403002B1CD17B68FC
:10CCA0005B69BB60BB680B331B7803F01003002B80
:10CCB00002D10523FB7310E07B681B68B968184636
:10CCC000FFF74CFD02467B689A60C2E700BF04E0B4
:10CCD00000BF02E000BF00E000BFFB7B184610373A
:10CCE000BD4680BD80B582B000AF786039607B689A
:10CCF00058787B6803F1340101233A6801F0C0FFE2
:10CD00000346002B01D003231EE07B6803F232238D
:10CD10001B884AF65522934201D0022314E07B6817
:10CD20006A331B6823F07F43094A934201D10023F1
:10CD30000AE07B6886331B6823F07F43044A9342F2
:10CD400001D1002300E0012318460837BD4680BD0D
:10CD50004641540080B592B000AFF860B960134608
:10CD6000FB71FB681B683B630023FB623B6B023378
:10CD70003B63FB683A6B1A60BB6800221A60A24AE8
:10CD8000FB6A52F82330BB62BB6A002B01D10C2333
:10CD9000B0E1BB68BA6A1A60BB6A1B78002B0FD07F
:10CDA000BB6A5B78184601F057FF034687F82730C7
:10CDB00097F8273003F00103002B01D1002399E1FC
:10CDC000BB6A00221A70FB6ADAB2BB6A5A70BB6A8D
:10CDD0005B78184601F068FE034687F8273097F81D
:10CDE000273003F00103002B01D0032382E100234D
:10CDF0003B64396CB86AFFF775FF034687F8473024
:10CE000097F84730012B25D1002387F8463097F853
:10CE10004630002B04D097F84630013B87F8463067
:10CE200097F846301B0103F5DF733033BA6A1344B9
:10CE300004333B623B6A04331B78002B0AD03B6A05
:10CE400008331B683B64396CB86AFFF74BFF034635
:10CE500087F8473097F84730032B01D1012349E188
:10CE600097F84730002B01D00D2343E1BB6A3433E0
:10CE70000B331B88B3F5007F01D00D233AE1BB6A69
:10CE8000343316331B88FB63FB6B002B04D1BB6A66
:10CE9000343324331B68FB63BB6AFA6BDA61BB6A09
:10CEA00093F84430FB77BB6AFA7FDA70FB7F012B83
:10CEB00004D0FB7F022B01D00D231BE1FA7FFB6B1B
:10CEC00002FB03F3FB63BB6A93F84130FB77BB6A59
:10CED000FA7F9A70FB7F002B05D0FA7FFB7F013B26
:10CEE0001340002B01D00D2304E1BB6A343311330E
:10CEF0001A88BB6A1A81BB6A1B8903F00F039BB2B5
:10CF0000002B01D00D23F5E0BB6A343313331B88AB
:10CF1000BB63BB6B002B04D1BB6A343320331B686B
:10CF2000BB63BB6A34330E331B88BB83BB8B002BC4
:10CF300001D10D23DEE0BA8BFB6B1344BA6A128970
:10CF4000120992B21344BB61BA6BBB699A4201D217
:10CF50000D23CFE0BA6BBB69D31ABA6A9278B3FBE0
:10CF6000F2F37B617B69002B01D10D23C2E0012329
:10CF700087F847307B6940F6F572934202D9022365
:10CF800087F847307B694FF6F572934202D9032345
:10CF900087F847307B699A1CBB6A9A61BB6A3A6C16
:10CFA0001A62BA8B3B6C1A44BB6A5A623A6CBB6910
:10CFB0001A44BB6ADA6297F84730032B10D1BB6A78
:10CFC0001B89002B01D00D2394E0BB6A34332C3332
:10CFD0001A68BB6A9A62BB6A9B699B007B6321E00B
:10CFE000BB6A1B89002B01D10D2383E0BB6A5A6AFF
:10CFF000FB6B1A44BB6A9A6297F84730022B05D143
:10D00000BB6A9B695B000CE068090020BB6A9A69F7
:10D0100013465B0013445A08BB6A9B6903F0010383
:10D0200013447B63BB6ADA697B6B03F2FF135B0A11
:10D030009A4201D20D235DE0BB6A4FF0FF321A61C4
:10D04000BB6A0022DA6097F84730032B3DD1BB6AF8
:10D0500000225A71BB6A343330331B881A463B6C4A
:10D060001A44BB6A5A61BB6A5878BB6A03F134013F
:10D07000BB6A5A69012301F003FE0346002B24D149
:10D08000BB6A343303F5FF731B884AF6552293427B
:10D090001BD1BB6A34331B68184A934215D1BB6A53
:10D0A000343303F5F2731B68154A93420DD1BB6A02
:10D0B000343303F5F6731A68BB6ADA60BB6A34333B
:10D0C00003F5F4731A68BB6A1A61BB6A97F84720C4
:10D0D0001A700C4B1B8801339AB20A4B1A80094B09
:10D0E0001A88BB6ADA80BB6A00221A63BB6A002214
:10D0F0001A71002318464837BD4680BD525261411F
:10D10000727241616C09002080B584B000AF786014
:10D110007B68FB60FB68002B0FD0FB681B68002B53
:10D120000BD0FB681B681B78002B06D0FB681B68C4
:10D13000DA88FB689B889A4201D009230DE0FB68DE
:10D140001B685B78184601F087FD034603F0010376
:10D15000002B01D0032300E0002318461037BD4602
:10D1600080BD000080B485B000AF03463960FB711C
:10D17000FB79002B01D00B2316E0FB790D4A52F806
:10D180002330FB60FB68002B02D0FB6800221A7082
:10D190003B68002B02D03B6800221A70FB790549DE
:10D1A0003A6841F82320002318461437BD4680BC56
:10D1B000704700BF6809002080B592B000AFF860EA
:10D1C000B9601346FB71FB68002B01D10923FAE01B
:10D1D000FB6800221A60FB7903F01F03FB71FB79E7
:10D1E00023F00103DAB207F11C0107F10803184626
:10D1F000FFF7B0FD034687F8473097F84730002B1C
:10D2000040F0DF8007F110037B63BA6807F11C036D
:10D2100011461846FFF7FCFC034687F847303B6B86
:10D220003B6497F84730002B05D13B6C002B02D1B3
:10D23000062387F84730FB7903F01C03002B6DD0E1
:10D2400097F84730002B12D097F84730042B07D1BE
:10D2500007F11C031846FFF753FB034687F84730D6
:10D26000FB7943F00803FB713B6B3B6412E03B6CC2
:10D270000B331B7803F01103002B03D0072387F82F
:10D28000473007E0FB7903F00403002B02D00823AA
:10D2900087F8473097F84730002B5DD1FB7903F0D2
:10D2A0000803002B58D0FDF701FAF8633B6C0E33EE
:10D2B000FA6B1A603B6C0B3300221A703B6C1C3308
:10D2C00000221A60FB69396C1846FFF747FAB86309
:10D2D0000021386CFFF75CFAFB6901221A71BB6B05
:10D2E000002B39D0FB691B6BFB63FB69B96B1846DC
:10D2F000FEF7C7FF034687F8473097F84730002B03
:10D300002AD1FB69BA6B013ADA60FB69F96B1846FE
:10D31000FEF7A1FD034687F847301DE097F8473038
:10D32000002B19D13B6C0B331B7803F01003002B3F
:10D3300003D0042387F847300EE0FB7903F00203A3
:10D34000002B09D03B6C0B331B7803F00103002B3F
:10D3500002D0072387F8473097F84730002B0FD1CA
:10D36000FB7903F00803002B03D0FB7943F0200383
:10D37000FB71FB691A6BFB68DA61FB683A6C1A6235
:10D3800097F84730002B1CD1FB68FA799A71FB693A
:10D39000396C1846FFF7E2F90246FB681A613B6CEC
:10D3A0001C331A68FB68DA60FB6800229A60FB682D
:10D3B00000229A61FA69FB681A60FB69DA88FB68E7
:10D3C0009A8097F8473018464837BD4680BD80B5EB
:10D3D0008CB000AFF860B9607A603B60BB683B62BC
:10D3E0003B6800221A60F868FFF78EFE0346FB7761
:10D3F000FB7F002B01D0FB7F0DE1FB689B795BB2CB
:10D40000002B01DA022306E1FB689B7903F001039C
:10D41000002B01D10723FEE0FB68DA68FB689B68FC
:10D42000D31ABB617A68BB699A4240F2EF80BB694C
:10D430007B60EBE0FB689B68C3F30803002B40F0C4
:10D44000A280FB689B685B0ADAB2FB681B689B786A
:10D45000013BDBB21340FB75FB7D002B2CD1FB683D
:10D460009B68002B03D1FB681B69FB6208E0FB682B
:10D470001A68FB685B6919461046FEF793FDF8626F
:10D48000FB6A012B08D8FB689B7963F07F03DAB253
:10D49000FB689A710223BEE0FB6AB3F1FF3F08D13B
:10D4A000FB689B7963F07F03DAB2FB689A71012312
:10D4B000B1E0FB68FA6A5A61FB681A68FB685B694D
:10D4C00019461046FEF750FD38613B69002B08D124
:10D4D000FB689B7963F07F03DAB2FB689A710223E1
:10D4E00099E0FB7D3A6913443B617B685B0A7B6290
:10D4F0007B6A002B44D0FA7D7B6A1344FA68126879
:10D500009278934206D9FB681B689B781A46FB7D8C
:10D51000D31A7B62FB681B6858787B6ADBB23A6976
:10D52000396A01F0ADFB0346002B08D0FB689B79FC
:10D5300063F07F03DAB2FB689A7101236BE0FB684A
:10D540001B681B79002B17D0FB681B681A6B3B69A3
:10D55000D21A7B6A9A420FD2FB681B681A6B3B692E
:10D56000D31A5B023A6AD018FB681B6834334FF455
:10D5700000721946FEF7A2FB7B6A5B02BB6231E0D8
:10D58000FB683A699A61FB689B68C3F30803C3F5BB
:10D590000073BB62BA6A7B689A4201D97B68BB623E
:10D5A000FB681A68FB689B6919461046FEF753FC36
:10D5B0000346002B08D0FB689B7963F07F03DAB247
:10D5C000FB689A71012326E0FB681A68FB689B6878
:10D5D000C3F30803303313440433BA6A1946386A74
:10D5E000FEF76CFB3A6ABB6A13443B62FB689A68BD
:10D5F000BB6A1A44FB689A603B681A68BB6A1A44A3
:10D600003B681A607A68BB6AD31A7B607B68002B20
:10D610007FF410AF002318463037BD4680BD80B57B
:10D620008AB000AFF860B9607A603B60BB68BB61EC
:10D630003B6800221A60F868FFF766FD0346FB7539
:10D64000FB7D002B01D0FB7D66E1FB689B795BB223
:10D65000002B01DA02235FE1FB689B7903F00203F0
:10D66000002B01D1072357E1FB68DA687B681A4475
:10D67000FB68DB689A4280F0378100237B6033E1EE
:10D68000FB689B68C3F30803002B40F0E680FB684F
:10D690009B685B0ADAB2FB681B689B78013BDBB2D4
:10D6A0001340BB75BB7D002B3DD1FB689B68002BF5
:10D6B00010D1FB681B697B627B6A002B13D1FB686E
:10D6C0001B6800211846FEF72BFE7862FB687A6A19
:10D6D0001A6108E0FB681A68FB685B691946104626
:10D6E000FEF71EFE78627B6A002B00F002817B6AE7
:10D6F000012B08D1FB689B7963F07F03DAB2FB68EA
:10D700009A71022308E17B6AB3F1FF3F08D1FB68FD
:10D710009B7963F07F03DAB2FB689A710123FBE027
:10D72000FB687A6A5A61FB681B681A6BFB689B6925
:10D730009A4210D1FB681B681846FEF746FB034669
:10D74000002B08D0FB689B7963F07F03DAB2FB689B
:10D750009A710123E0E0FB681A68FB685B6919466F
:10D760001046FEF701FC38613B69002B08D1FB68CD
:10D770009B7963F07F03DAB2FB689A710223CBE0F6
:10D78000BB7D3A6913443B617B685B0AFB61FB69C3
:10D79000002B44D0BA7DFB691344FA681268927872
:10D7A000934206D9FB681B689B781A46BB7DD31A47
:10D7B000FB61FB681B685878FB69DBB23A69B969A1
:10D7C00001F0CAFA0346002B08D0FB689B7963F08E
:10D7D0007F03DAB2FB689A7101239DE0FB681B6846
:10D7E0001A6B3B69D21AFB699A4214D2FB681B6818
:10D7F00003F13400FB681B681A6B3B69D31A5B02A8
:10D80000BA6913444FF400721946FEF757FAFB68E1
:10D810001B6800221A71FB695B023B6250E0FB68E7
:10D820009A68FB68DB689A4214D3FB681B68184649
:10D83000FEF7CBFA0346002B08D0FB689B7963F018
:10D840007F03DAB2FB689A71012365E0FB681B680D
:10D850003A691A63FB683A699A61FB689B68C3F38B
:10D860000803C3F500733B623A6A7B689A4201D9A8
:10D870007B683B62FB681A68FB689B691946104627
:10D88000FEF7E9FA0346002B08D0FB689B7963F0AA
:10D890007F03DAB2FB689A7101233DE0FB681A68E6
:10D8A000FB689B68C3F308033033134404333A6ABC
:10D8B000B9691846FEF702FAFB681B6801221A7163
:10D8C000BA693B6A1344BB61FB689A683B6A1A44B5
:10D8D000FB689A603B681A683B6A1A443B681A60A6
:10D8E0007A683B6AD31A7B607B68002B7FF4C8AEF2
:10D8F00000E000BFFB689A68FB68DB689A4203D9C6
:10D90000FB689A68FB68DA60FB689B7943F0200348
:10D91000DAB2FB689A71002318462837BD4680BDED
:10D9200080B586B000AF78607868FFF7EDFB0346FE
:10D93000FB75FB7D002B46D17B689B7903F02003B0
:10D94000002B40D07B681A687B68DB69194610465B
:10D95000FEF781FA0346FB75FB7D002B33D17B6814
:10D960001B6A3B613B690B333A690B32127842F018
:10D970002002D2B21A703B691C337A68D2681A60EE
:10D980007B681B6919463869FEF702FFFCF78EFEBB
:10D99000F8603B691633FA681A603B69123300225B
:10D9A0001A807B689B7923F02003DAB27B689A7136
:10D9B0007B681B6801221A717B681B681846FEF79A
:10D9C00073FA0346FB75FB7D18461837BD4680BDCC
:10D9D00080B584B000AF78607868FFF7A1FF034698
:10D9E000FB73FB7B002B02D17B6800221A60FB7B60
:10D9F00018461037BD4680BD80B588B000AF78604E
:10DA000039607868FFF780FB0346FB75FB7D002BD0
:10DA100001D0FB7D01E17B689B795BB2002B01DAD1
:10DA20000223FAE07B68DA683B689A4208D27B6896
:10DA30009B7903F00203002B02D17B68DB683B601B
:10DA40007B689B683B610023BB617B68BA699A6015
:10DA50003B68002B00F0C1807B681B689B785B02F1
:10DA6000FB603B69002B1BD03B685A1EFB68B2FB76
:10DA7000F3F23B69591EFB68B1FBF3F39A420FD3F3
:10DA80003B695A1EFB685B421A407B689A607B6860
:10DA90009B683A68D31A3B607B685B69FB612BE04B
:10DAA0007B681B69FB61FB69002B22D17B681B68CB
:10DAB00000211846FEF734FCF861FB69012B08D100
:10DAC0007B689B7963F07F03DAB27B689A710223EB
:10DAD000A3E0FB69B3F1FF3F08D17B689B7963F05A
:10DAE0007F03DAB27B689A71012396E07B68FA695A
:10DAF0001A617B68FA695A61FB69002B6DD045E0B9
:10DB00007B689B7903F00203002B0CD07B681B68B9
:10DB1000F9691846FEF704FCF861FB69002B09D18E
:10DB2000FB683B6036E07B681B68F9691846FEF7C6
:10DB300039FAF861FB69B3F1FF3F08D17B689B7943
:10DB400063F07F03DAB27B689A71012365E0FB69B9
:10DB5000012B05D97B681B689A69FB699A4208D832
:10DB60007B689B7963F07F03DAB27B689A7102234A
:10DB700053E07B68FA695A617B689A68FB681A44CB
:10DB80007B689A603A68FB68D31A3B603A68FB6826
:10DB90009A42B5D87B689A683B681A447B689A6059
:10DBA0003B68C3F30803002B17D07B681B68F96937
:10DBB0001846FEF7D9F9B861BB69002B08D17B681C
:10DBC0009B7963F07F03DAB27B689A71022324E0C9
:10DBD0003B685B0ABA691344BB617B689B68C3F30B
:10DBE0000803002B07D07B689A69BB699A4202D070
:10DBF0007B68BA699A617B689A687B68DB689A423D
:10DC00000AD97B689A687B68DA607B689B7943F005
:10DC10002003DAB27B689A71FB7D18462037BD4637
:10DC200080BD80B588B000AF7860396079683B46C8
:10DC300000221846FFF78EF80346FB777B681B68C7
:10DC4000BB61FB7F002B3ED17B6807F10C029A6120
:10DC50003B6819467868FEF7DBFF0346FB77FB7FDE
:10DC6000002B24D17B685B69002B13D07B685B6938
:10DC70000B331B7803F01003002B09D07B685B6922
:10DC80001946B869FEF76AFD02467B689A6001E0B2
:10DC90000523FB77FB7F002B09D1BB69DA887B6802
:10DCA0009A8000217868FEF7C4FB0346FB77FB7F70
:10DCB000042B01D10523FB77FB7F002B06D07B686B
:10DCC00000221A6002E07B6800221A60FB7F18467F
:10DCD0002037BD4680BD80B586B000AF7860396022
:10DCE0007868FFF711FA0346FB75FB7D002B30D1F6
:10DCF0003B68002B06D100217868FEF79AFB0346AB
:10DD0000FB7526E07B6807F108029A6100217868BC
:10DD1000FEF79EFD0346FB75FB7D042B04D17B685B
:10DD200000221A610023FB75FB7D002B11D139689D
:10DD30007868FEF701FF00217868FEF7FCFB0346D8
:10DD4000FB75FB7D042B04D17B6800221A61002344
:10DD5000FB75FB7D18461837BD4680BD80B596B073
:10DD600000AF786007F130013B1D01221846FEF735
:10DD7000F1FF034687F8573097F85730002B40F0F3
:10DD8000908007F10803BB647A6807F130031146FD
:10DD90001846FEF73DFF034687F8573097F857308F
:10DDA000002B7ED17B6C3B653B6D002B03D10623A2
:10DDB00087F8573009E03B6D0B331B7803F0010304
:10DDC000002B02D0072387F857303B6B396D18467C
:10DDD000FEF7C4FCF86497F85730002B3BD13B6D3D
:10DDE0000B331B7803F01003002B34D0FB6C012B9A
:10DDF00003D8022387F857302DE007F1300107F1EF
:10DE000014031C221846FDF759FFFB6CFB6107F158
:10DE1000140302211846FEF70CFB034687F857301F
:10DE200097F85730002B16D107F11403002118463C
:10DE3000FEF70EFD034687F8573097F85730002B52
:10DE400002D1072387F8573097F85730042B02D1B7
:10DE5000002387F8573097F85730002B21D107F16E
:10DE600030031846FEF77EFD034687F8573097F8D3
:10DE70005730002B15D1FB6C002B07D03B6BF96C96
:10DE80001846FEF7FEF9034687F8573097F85730E3
:10DE9000002B06D13B6B1846FEF706F8034687F8C1
:10DEA000573097F8573018465837BD4680BD80B573
:10DEB00092B000AF7860FCF7F9FBB86307F114018A
:10DEC0003B1D01221846FEF745FF034687F8473001
:10DED00097F84730002B40F0DC8007F10803FB6225
:10DEE0007A6807F1140311461846FEF791FE0346BF
:10DEF00087F8473097F84730002B02D1082387F87E
:10DF0000473097F84730042B40F0C3807B690021ED
:10DF10001846FEF705FA7863002387F847307B6BD5
:10DF2000002B02D1072387F847307B6B012B02D1EE
:10DF3000022387F847307B6BB3F1FF3F02D1012307
:10DF400087F8473097F84730002B06D17B69184691
:10DF5000FDF73BFF034687F8473097F84730002B23
:10DF600069D17B69796B1846FDF7FEFF38647B69E0
:10DF700034333B634FF400720021386BFDF7CCFE65
:10DF80000B222021386BFDF7C7FE3B6B2E221A7047
:10DF90003B6B0B3310221A703B6B1633BA6B1A6053
:10DFA000796B386BFEF7F4FB3B6B20332022396B27
:10DFB0001846FDF783FE3B6B21332E221A70FB6956
:10DFC000FB637B691B78032B06D17B699A6AFB6B29
:10DFD0009A4201D10023FB633B6B2033F96B184657
:10DFE000FEF7D6FB7B699B7887F846301DE07A699F
:10DFF0003B6C591C396413637B6901221A717B697C
:10E000001846FDF7E2FE034687F8473097F8473099
:10E01000002B0FD14FF400720021386BFDF77CFE0E
:10E0200097F84630013B87F8463097F84630002B8A
:10E03000DDD100E000BF97F84730002B07D107F192
:10E0400014031846FEF75CFC034687F8473097F840
:10E050004730002B05D07B69796B1846FEF711F924
:10E0600017E0BB6A3B633B6B0B3310221A703B6BB0
:10E070001633BA6B1A60796B386BFEF789FB7B69D4
:10E0800001221A717B691846FDF70EFF034687F8D7
:10E09000473097F8473018464837BD4680BD90B5A1
:10E0A0009DB000AF7860396007F148013B1D012247
:10E0B0001846FEF74FFE034687F86F3097F86F302B
:10E0C000002B40F0C280BB6CFB6207F108033B668B
:10E0D0007A6807F1480311461846FEF799FD034692
:10E0E00087F86F3097F86F30002B40F0AE80FB6DF3
:10E0F000002B03D1042387F86F30A6E0FB6D03F1FA
:10E100000B0107F1140315221846FDF7D7FD07F19F
:10E11000480107F12C031C221846FDF7CFFD3B6890
:10E120009A1C07F12C0311461846FEF771FD0346B1
:10E1300087F86F3097F86F30002B02D1082387F8EB
:10E140006F3097F86F30042B7FD107F12C031846FE
:10E15000FEF7D6FB034687F86F3097F86F30002B39
:10E1600073D13B6CBB66BB6E03F10D0007F114036A
:10E17000023313221946FDF7A1FDBB6E0B333A7D26
:10E1800042F02002D2B21A70BB6C01221A713A6DB1
:10E190007B6B9A4242D0BB6E0B331B7803F01003AB
:10E1A000002B3BD0BC6CBB6CB96E1846FEF7D6FAA0
:10E1B000034619462046FDF7D7FE78667B6E002B96
:10E1C00003D1022387F86F3028E0BB6C796E1846C4
:10E1D000FDF741FE034687F86F30BB6C34332033C4
:10E1E000BB6697F86F30002B18D1BB6E01331B78DC
:10E1F0002E2B13D1BB6C1B78032B04D17A6BBB6C19
:10E200009B6A9A4201D07B6B00E000237B66796EAB
:10E21000B86EFEF7BDFABB6C01221A7197F86F3029
:10E22000002B12D107F148031846FEF79BFB03466B
:10E2300087F86F3097F86F30002B06D1BB6C18460B
:10E24000FDF732FE034687F86F3097F86F301846B7
:10E250007437BD4690BD90B587B000AFF860B96027
:10E260001346FB71FB79FB7514E0BB68DBB203F06E
:10E270000F03BB75FB7D013BFA68D418BB7D1846C4
:10E28000F6F701FE03462370BB681B09BB60FB7DEC
:10E29000013BFB75FB7D002BE7D100BF1C37BD4662
:10E2A00090BD000080B586B000AFBA607B600346C9
:10E2B000FB810B467B730023FB7507E0FB7D7A68CF
:10E2C000134400221A70FB7D0133FB75FB7D0C2B80
:10E2D000F4D9FB897A7B19467868FFF7BCFF396A65
:10E2E000786AFFF79EFC0346BB75BB7D002B50D1BF
:10E2F000B96A786AFFF7EFFC0346BB750023FB752C
:10E3000002E0FB7D0133FB75FB7DBA6A13445A7A48
:10E31000FB7D79680B441B789A4202D1FB7D0B2B65
:10E32000EFD9BB6A1B7A03F02003002B03D0FA7DE0
:10E330007B7B9A4203D2BB6A5B7A002BD8D1FA7DF1
:10E340007B7B9A4225D10023FB7507E0FB7DBA68F1
:10E35000134400221A70FB7D0133FB75FB7D212BDA
:10E36000F4D9396AB86800F0FBFFB86801F076F8B4
:10E3700003461A46BB68134408491A460B461B88D5
:10E380001380BB6A09331946B86800F0E9FF01231E
:10E3900000E0002318461837BD4680BD60F800082D
:10E3A00080B586B000AFF860B9607A603B603249F2
:10E3B0007868FFF736FC03467B757B7D002B57D1D1
:10E3C00039687868FFF787FC03467B750123FB7586
:10E3D0000023BB750EE0BB7D3A6813445A7ABB7DBF
:10E3E000F9680B441B789A4201D00023FB75BB7D72
:10E3F0000133BB75BB7D0C2B05D8BB7D3A6813443C
:10E400005B7A002BE7D13B681B7A03F01003002BEB
:10E4100002D0FB7D002B03D13B685B7A002BCFD170
:10E420000023BB7507E0BB7DBA68134400221A7055
:10E43000BB7D0133BB75BB7D172BF4D906220E497A
:10E44000B86800F0EDFEFB7D012B11D1B86801F03A
:10E4500005F803461A46BB68134408491A460B469A
:10E460001B8813803B6809331946B86800F078FFB1
:10E4700000BF1837BD4680BD64F8000860F800088A
:10E4800080B483B000AF78600B467B8013467B700E
:10E490007B78002B08D07B689B889AB27B881343DB
:10E4A0009AB27B689A8009E07B689B889AB27B88E5
:10E4B000DB439BB213409AB27B689A8000BF0C3753
:10E4C000BD4680BC704780B483B000AF78607B6885
:10E4D0009B899BB218460C37BD4680BC704780B400
:10E4E00085B000AF78600B467B800023FB737B68B0
:10E4F0001B899AB27B8813409BB2002B02D0012368
:10E50000FB7301E00023FB73FB7B18461437BD4609
:10E5100080BC704780B400AF0C4A0C4B9B6943F041
:10E52000080393610A490A4B1A684FF6F0731340C7
:10E530000B600749064B1A68064B13430B60044BEC
:10E54000F1225A6100BFBD4680BC704700100240F6
:10E55000000C01400400444480B483B000AF034683
:10E56000FB710A4BFA7992B29A8100BF074B1B8963
:10E570009BB203F00103002BF8D0044B9B899BB2A4
:10E58000DBB218460C37BD4680BC704700300140F6
:10E5900080B500AFFF20FFF7DFFF0346184680BDC0
:10E5A00080B582B000AF0A4B32221A60FFF7F0FF4D
:10E5B000FFF7EEFF0346FB71FB79FF2B03D0044B03
:10E5C0001B68002BF4D1FB7918460837BD4680BD87
:10E5D0007409002080B500AFFFF7DAFF00BF80BDEF
:10E5E00080B586B000AF0346B9607A60FB734FF622
:10E5F000FF73BB826349634B1A684FF6FE73134087
:10E600000B60604B00221A605E4B00225A605D4B2B
:10E6100000229A605B4B0022DA605B4A5A4B5B68CF
:10E6200043F0F00353605949584B1A684FF6FE7394
:10E6300013400B60554B00221A60544B00225A6065
:10E64000524B00229A60514B0022DA604E4A4E4BE8
:10E650005B6843F470635360FB7B002B31D0494A05
:10E66000484B1B6823F4FF4323F070031360454AB3
:10E67000444B1B6843F442531360424A7B68536027
:10E68000404B434A9A603F4ABB68D3603F4A3F4B86
:10E690001B6823F4FF4323F0700313603B4A3B4B9A
:10E6A0001B6843F4405343F010031360374A7B6800
:10E6B0005360364B364A9A60344A07F11403D360EC
:10E6C00030E0304A2F4B1B6823F4FF4323F07003E4
:10E6D00013602C4A2B4B1B6843F440531360294AA8
:10E6E0007B685360274B2A4A9A60264A07F1140335
:10E6F000D360264A254B1B6823F4FF4323F07003A5
:10E700001360224A214B1B6843F4425343F0100329
:10E7100013601E4A7B6853601C4B1D4A9A601B4A5B
:10E72000BB68D360174A174B1B6843F001031360A3
:10E73000164A164B1B6843F00103136001220321A4
:10E740001448FFF79DFE00BF0F4B1B6803F020032A
:10E75000002BF9D00B490B4B1A684FF6FE73134090
:10E760000B600A49094B1A684FF6FE7313400B60A1
:10E77000002203210748FFF783FE00BF1837BD467C
:10E7800080BD00BF1C00024000000240300002407B
:10E790000C3001400030014080B582B000AF394AF2
:10E7A000384B9B6943F008039361364A354B9B69AC
:10E7B00043F480539361344B19221A6000BF324BEB
:10E7C0001B68002BFBD1314A304B1B6823F470636C
:10E7D00013602E4A2D4B1B6843F4407313602C4A80
:10E7E0002B4B1B68C3F313031360294A284B1B6888
:10E7F00043F0384343F430031360254B40221A6141
:10E80000244B1B88FB80FB8823F4B05323F00C03BC
:10E81000FB80FB8843F44F73FB801E4AFB88138008
:10E820001C4A1C4B9B8B9BB223F400639BB29383CB
:10E83000184B07221A82174A164B1B889BB223F4E7
:10E8400000539BB21380134A124B1B889BB243F0B8
:10E8500040039BB2138000BF02210E48FFF73FFE2A
:10E860000346002BF8D00B48FFF72DFE0346DBB222
:10E870007B7101210120FBF7FBFE00BF0837BD467D
:10E8800080BD00BF0010024070090020000C014054
:10E89000000801400030014080B500AF1F4B1B78DD
:10E8A000DBB203F00103002B03D1FFF779FEFFF782
:10E8B00091FE1B4A1A4BDB6843F48053D360184A1D
:10E8C000174BDB6823F48053D360164A154B1B8823
:10E8D0009BB223F040039BB21380114A104B9B69FB
:10E8E00023F480539361104A0F4B1B68C3F3130347
:10E8F00013600D4A0C4B1B6843F0084343F40003BC
:10E900001360094BE0225A61044B1B78DBB243F0E1
:10E910000103DAB2014B1A7000BF80BD7400002001
:10E9200000100240003001400008014080B584B072
:10E9300000AF78603960104B0A221A60FFF728FE9A
:10E940000346FB73FB7BFF2B03D10B4B1B68002B98
:10E95000F4D1FB7BFE2B01D0002309E03A687968F3
:10E960000120FFF73DFEFFF713FEFFF711FE012325
:10E9700018461037BD4680BD7009002080B584B0B0
:10E9800000AF78600B46FB70FFF70AFE0346FF2BD3
:10E9900001D000231EE0FB781846FFF7DDFDFB7871
:10E9A000FD2B16D04FF4007279680020FFF718FE97
:10E9B000FF20FFF7D1FDFF20FFF7CEFDFFF7E8FDB9
:10E9C0000346FB73FB7B03F01F03052B01D00023E1
:10E9D00000E0012318461037BD4680BD80B584B0E5
:10E9E00000AF03463960FB7197F90730002B0EDA50
:10E9F000FB7903F07F03FB7100217720FFF7EEFF27
:10EA00000346BB73BB7B012B01D9BB7B47E0FFF700
:10EA1000C7FD0346FF2B01D0FF2340E0FB791846DA
:10EA2000FFF79AFD3B681B0EDBB21846FFF794FD1B
:10EA30003B681B0CDBB21846FFF78EFD3B681B0AD8
:10EA4000DBB21846FFF788FD3B68DBB21846FFF7DC
:10EA500083FD0123FB73FB79402B01D19523FB73CD
:10EA6000FB79482B01D18723FB73FB7B1846FFF70B
:10EA700073FDFB794C2B01D1FFF78AFD0A23FB7351
:10EA8000FFF786FD0346BB7397F90E30002B05DABE
:10EA9000FB7B013BFB73FB7B002BF1D1BB7B18465F
:10EAA0001037BD4680BD000090B585B000AF03466D
:10EAB000FB71FFF771FE644A634B1B889BB243F006
:10EAC00038039BB213800A23FB7304E0FFF760FD59
:10EAD000FB7B013BFB73FB7B002BF7D100237B739C
:10EAE00000214020FFF77AFF0346012B40F084808D
:10EAF000564B64221A604FF4D5714820FFF76EFF21
:10EB00000346012B4DD10023FB730CE0FC7BFFF788
:10EB10003FFD03461A4607F11003234403F8082C6F
:10EB2000FB7B0133FB73FB7B032BEFD9BB7A012B00
:10EB300062D1FB7AAA2B5FD100BF444B1B68002B2C
:10EB400007D04FF08041E920FFF748FF0346002B34
:10EB5000F3D13E4B1B68002B4ED000217A20FFF7EB
:10EB60003DFF0346002B47D10023FB730CE0FC7BE9
:10EB7000FFF70EFD03461A4607F11003234403F87E
:10EB8000082CFB7B0133FB73FB7B032BEFD93B7A18
:10EB900003F04003002B01D00C2300E004237B731F
:10EBA0002AE00021E920FFF719FF0346012B04D8D2
:10EBB00002237B73E923BB7303E001237B734123AF
:10EBC000BB7300BF214B1B68002B07D0BB7B002110
:10EBD0001846FFF703FF0346002BF3D11B4B1B68BE
:10EBE000002B07D04FF400715020FFF7F7FE0346CB
:10EBF000002B01D000237B73154A7B7B1370FFF73A
:10EC0000E9FC7B7B002B15D0124B1B78DBB223F089
:10EC10000103DAB20F4B1A700B4A0B4B1B889BB2E5
:10EC20001BB223F038031BB243F008031BB29BB2A4
:10EC3000138001E0FFF730FE064B1B78DBB218466D
:10EC40001437BD4690BD00BF003001407009002060
:10EC5000780900207400002080B483B000AF034620
:10EC6000FB71FB79002B01D0012302E0034B1B78E1
:10EC7000DBB218460C37BD4680BC704774000020DC
:10EC800080B584B000AFB9607A601A460346FB7362
:10EC90001346BB73FB7B002B02D1BB7B002B01D146
:10ECA000042350E02A4B1B78DBB203F00103002B56
:10ECB00001D0032347E0274B1B7803F00803002B08
:10ECC00002D17B685B027B60BB7B012B11D1796831
:10ECD0005120FFF783FE0346002B2CD14FF4007127
:10ECE000B868FFF723FE0346002B24D00023BB7334
:10ECF00021E079685220FFF771FE0346002B1AD1FC
:10ED00004FF40071B868FFF711FE034683F001036A
:10ED1000DBB2002B0AD1BB6803F50073BB60BB7B81
:10ED2000013BBB73BB7B002BEAD100E000BF00219D
:10ED30004C20FFF753FEFFF74DFCBB7B002B14BFAD
:10ED400001230023DBB218461037BD4680BD00BF4B
:10ED5000740000207809002080B584B000AFB9604D
:10ED60007A601A460346FB731346BB73FB7B002B8A
:10ED700002D1BB7B002B01D1042361E0324B1B7815
:10ED8000DBB203F00103002B01D0032358E02F4B2B
:10ED90001B7803F00803002B02D17B685B027B60C9
:10EDA000BB7B012B10D179685820FFF717FE034673
:10EDB000002B3DD1FE21B868FFF7E0FD0346002B94
:10EDC00036D00023BB7333E0204B1B7803F00603DF
:10EDD000002B04D0BB7B1946D720FFF7FFFD7968D5
:10EDE0005920FFF7FBFD0346002B21D1FC21B86819
:10EDF000FFF7C4FD034683F00103DBB2002B0AD109
:10EE0000BB6803F50073BB60BB7B013BBB73BB7B83
:10EE1000002BEBD100E000BFFD210020FFF7AEFD8D
:10EE2000034683F00103DBB2002B01D00123BB7347
:10EE3000FFF7D0FBBB7B002B14BF01230023DBB209
:10EE400018461037BD4680BD7400002078090020A8
:10EE500090B58BB000AF03463A60FB710B46BB71B7
:10EE60003B683B62FB79002B01D00423ACE101231A
:10EE700087F82730BB79052B1FD13B6A1B78012B04
:10EE800009D0022B0DD0002B13D1FFF705FD002375
:10EE900087F8273096E1FFF77FFC002387F82730BB
:10EEA00090E13B6A013301221A70002387F8273072
:10EEB00088E1042387F8273084E1C54B1B78DBB257
:10EEC00003F00103002B01D003237DE1BB790E2B5E
:10EED00000F2658101A252F823F000BF19EF00088B
:10EEE0002DEF0008DFEF0008EFEF00089FF10008AA
:10EEF0009FF100089FF100089FF100089FF10008B2
:10EF00009FF10008E1F00008F1F0000815F1000899
:10EF100039F1000877F10008FFF742FB0346FF2BA9
:10EF200040F04181002387F827303CE1002149204F
:10EF3000FFF754FD0346002B40F0378107F10C0327
:10EF400010211846FFF7F2FC0346002B00F02D813C
:10EF50003B7B9B09DBB2012B0ED17B7D9AB23B7DC3
:10EF60009BB21B029BB213449BB20133FB83FB8B0E
:10EF70009A023B681A602EE07B7C03F00F03DAB242
:10EF8000BB7DDB09DBB21344DAB27B7D5B00DBB215
:10EF900003F00603DBB21344DBB2023387F82630FA
:10EFA0003B7D9B09DBB29AB2FB7C9BB29B009BB280
:10EFB00013449AB2BB7C9B029BB203F440639BB2A6
:10EFC00013449BB20133FB83FA8B97F82630093B3D
:10EFD0009A403B681A60002387F82730E5E03B68D9
:10EFE0004FF400721A80002387F82730E8E0794B4D
:10EFF0001B7803F00403002B2FD00021CD20FFF756
:10F00000EDFC0346002B40F0D280FFF7C1FA07F178
:10F010000C0310211846FFF789FC0346002B00F073
:10F02000C680302387F8263006E0FFF7B1FA97F85C
:10F030002630013B87F8263097F82630002BF4D194
:10F04000BB7D1B09DBB21A46102303FA02F23B68B0
:10F050001A60002387F82730A9E000214920FFF734
:10F06000BDFC0346002B40F0A28007F10C031021E9
:10F070001846FFF75BFC0346002B00F09880554BC9
:10F080001B7803F00203002B12D0BB7D5B0003F062
:10F090007E03FA7DD209D2B213445A1C7B7E9B09AF
:10F0A000DBB2013B02FA03F31A463B681A6013E035
:10F0B000BB7D9B109BB203F01F030133FA7DD2008E
:10F0C00002F01802F97D4909C9B20A44013202FB73
:10F0D00003F31A463B681A60002387F8273066E07E
:10F0E0003C4B1A783B6A1A70002387F8273067E098
:10F0F00000214920FFF772FC0346002B59D1102153
:10F10000386AFFF713FC0346002B52D0002387F820
:10F1100027304EE000214A20FFF760FC0346002B19
:10F1200049D11021386AFFF701FC0346002B42D079
:10F13000002387F827303EE000217A20FFF74EFCBD
:10F140000346002B39D1042387F826300BE03C6AB4
:10F15000631C3B62FFF71CFA0346237097F82630C6
:10F16000013B87F8263097F82630002BEFD100239B
:10F1700087F8273021E00021CD20FFF72FFC034640
:10F18000002B1CD1FFF704FA4021386AFFF7CEFBB1
:10F190000346002B13D0002387F827300FE0042309
:10F1A00087F827300CE000BF0AE000BF08E000BF8E
:10F1B00006E000BF04E000BF02E000BF00E000BFC7
:10F1C000FFF708FA97F8273018462C37BD4690BD50
:10F1D000740000207809002080B483B000AF0E4B8B
:10F1E0001B68FB71FB79002B05D0FB79013BFB71A0
:10F1F000FB79094A1360094B1B68FB71FB79002BF3
:10F2000005D0FB79013BFB71FB79044A136000BF19
:10F210000C37BD4680BC704770090020740900207F
:10F22000844641EA000313F0030349D1403A23D353
:10F230000B6803604B6843608B688360CB68C36076
:10F240000B6903614B6943618B698361CB69C3615E
:10F250000B6A03624B6A43628B6A8362CB6AC36246
:10F260000B6B03634B6B43638B6B8363CB6BC3632E
:10F2700040304031403ADBD230320BD30B68036070
:10F280004B6843608B688360CB68C360103010317B
:10F29000103AF3D20C3205D351F8043B40F8043B4A
:10F2A000043AF9D2043208D0D2071CBF11F8013B4E
:10F2B00000F8013B01D30B8803806046704700BF14
:10F2C000082A13D38B07B1D010F00303AED0C3F1DB
:10F2D0000403D21ADB071CBF11F8013B00F8013B05
:10F2E000A4D331F8023B20F8023B9FE7043AD9D37C
:10F2F000013A11F8013B00F8013BF9D20B78037099
:10F300004B7843708B788370604670470022034BC4
:10F310001B68C3F8A800C3F8AC2070477800002031
:10F3200030B40C4B0C4C19680C4DD1F8A820D1F816
:10F33000AC0004FB02F4A2FB052305FB00400132F4
:10F34000034443F10003C1E92A2323F0004030BC09
:10F35000704700BF780000202DF451582D7F954C48
:10F36000830710B5044610D10268A2F1013323EAE5
:10F37000020313F0803F08D150F8042FA2F10133AB
:10F3800023EA020313F0803FF6D003781BB110F894
:10F39000013F002BFBD100F003F8204610BD00BF59
:10F3A00080EA0102844612F0030F4FD111F0030FDF
:10F3B00032D14DF8044D11F0040F51F8043B0BD03D
:10F3C000A3F101329A4312F0803F04BF4CF8043B92
:10F3D00051F8043B16D100BF51F8044BA3F10132A0
:10F3E0009A4312F0803FA4F101320BD14CF8043B58
:10F3F000A24312F0803F04BF51F8043B4CF8044B89
:10F40000EAD023460CF8013B13F0FF0F4FEA3323F9
:10F41000F8D15DF8044B704711F0010F06D011F8D8
:10F42000012B0CF8012B002A08BF704711F0020FC6
:10F43000BFD031F8022B12F0FF0F16BF2CF8022BB1
:10F440008CF8002012F47F4FB3D1704711F8012BD4
:10F450000CF8012B002AF9D1704700BF20F00301FE
:10F4600010F00300C0F1000051F8043B00F1040C5F
:10F470004FEACC0C6FF000021CBF22FA0CF21343CF
:10F480004FF0010C4CEA0C2C4CEA0C4CA3EB0C0298
:10F4900022EA030212EACC1204BF51F8043B043002
:10F4A000F4D0C2F1000102EA0102B2FA82F2C2F122
:10F4B0001F0200EBD2007047554320512E2E3A20F8
:10F4C000746F6F206D75636820746F2073656E6450
:10F4D00000000000444B4C65642076302E3800005C
:10F4E00049354F38553200004C45440000000000BB
:10F4F0005352560000000000484252000000000035
:10F500004653540000000000284F2E6F290D0000C4
:10F51000454F440000000000463A0000443A000015
:10F520004E657720636F6D6D616E640000000000B2
:10F5300051200000515220000000000020556E654F
:10F54000787065637465642073796D626F6C000018
:10F5500020436F6465206F7574206F662072616E42
:10F560006765000020546F6F206D616E79205379BC
:10F570006D626F6C7300000020556E66696E697372
:10F580006865640000000000204E6F7420726561A1
:10F59000647900003A2023000000000020280000C9
:10F5A000292C2066696C6520000000002C207374F3
:10F5B00072696E672030780000000000292C205509
:10F5C0004152542031000000292C20554152542032
:10F5D00032000000292C2055534200002C20706F6F
:10F5E0007320307800000000303A2F686364000018
:10F5F0002F0000004F70656E20444952200000002B
:10F600004F70656E2000000020746F207265616489
:10F61000000000002064656C6574656400000000F3
:10F6200046696C6520000000207361766564000007
:10F630002072656E616D656420746F2000000000AB
:10F6400054656D702066696C6520637265617465D0
:10F6500064000000454E44204F462046494C45007A
:10F6600000000000436F72727570746564206461FD
:10F670007461000044617461207361766564000008
:10F6800046494C452057524954452044454E49452A
:10F6900044000000446972200000000046415420EC
:10F6A000000000004C696E65200000007265616416
:10F6B000200000006F70656E200000006D6F756E99
:10F6C0007420000064656C65746520000000000013
:10F6D00077726974652000006661696C6564202832
:10F6E00000000000493243206F6E0D000000000052
:10F6F0004932433A20000000493243206469736173
:10F70000626C65642C20757365205543413C6164CF
:10F7100064726573733E20746F20656E61626C6500
:10F720000D000000493243207363616E2E2E0D00E0
:10F73000000000002E2E66696E69736865640D0016
:10F740000000000012010002020000408304405744
:10F75000000201020301000009024300020100C08F
:10F760003209040000010202010005240010010515
:10F770002401000104240202052406000107058279
:10F78000030800FF09040100020A00000007050346
:10F790000240000007058102444B4C656420636F02
:10F7A0006E6E65637465640D00000000444B414754
:10F7B00000000000444B4C65642056302E3700009A
:10F7C000808182828485868788898A8B8C8D8E8FC2
:10F7D000809192939495969798998A9B8C8D8E8F11
:10F7E000A0A2A2A3A4A5A6A7A8A9AAABACADAEAFA0
:10F7F000B0B1B2B2A5B5B6B7A8B9AABBA3BDBDAFEB
:10F80000C0C1C2C3C4C5C6C7C8C9CACBCCCDCECF80
:10F81000D0D1D2D3D4D5D6D7D8D9DADBDCDDDEDF70
:10F82000C0C1C2C3C4C5C6C7C8C9CACBCCCDCECF60
:10F83000D0D1D2D3D4D5D6D7D8D9DADBDCDDDEDF50
:10F84000222A2B2C3A3B3C3D3E3F5B5D7C7F0000F7
:10F85000303A2F6863642F002E6863640000000054
:0BF860002F000000303A2F68636400A6
:10F86B00C8040020A80400200C3801400C440040C0
:10F87B0000A24A0400000000000000000102030483
:10F88B0006070809400220FF1D00010001000100CE
:10F89B0018000000180000000100010001007102B7
:10F8AB0071020000204E0000204E0000F401000009
:10F8BB00C409000000010000204E0000F40100000C
:10F8CB00C40900000001FF00F4010000FFFFFFFF6F
:10F8DB00010001000100000080000020000000007A
:10F8EB00000000006C030020D40300203C04002027
:10F8FB0000000000000000000000000000000000FD
:10F90B0000000000000000000000000000000000EC
:10F91B0000000000000000000000000000000000DC
:10F92B0000000000000000000000000000000000CC
:10F93B0000000000000000000000000000000000BC
:10F94B0000000000000000000000000000000000AC
:10F95B00000000000000000000000000000000009C
:10F96B00000000000000000000000000000000008C
:10F97B00000000000000000000000000000000007C
:10F98B00000000000000000001000000000000006B
:10F99B000E33CDAB34126DE6ECDE05000B00000030
:10F9AB00000000000000000000000000000000004C
:10F9BB00000000000000000000000000000000003C
:10F9CB00000000000000000000000000000000002C
:10F9DB00000000000000000000000000000000001C
:10F9EB00000000000000000000000000000000000C
:10F9FB0000000000000000000000000000000000FC
:10FA0B0000000000000000000000000000000000EB
:10FA1B0000000000000000000000000000000000DB
:10FA2B0000000000000000000000000000000000CB
:10FA3B0000000000000000000000000000000000BB
:10FA4B0000000000000000000000000000000000AB
:10FA5B00000000000000000000000000000000009B
:10FA6B00000000000000000000000000000000008B
:10FA7B00000000000000000000000000000000007B
:10FA8B00000000000000000000000000000000006B
:10FA9B00000000000000000000000000000000005B
:10FAAB00000000000000000000000000000000004B
:10FABB00000000000000000000000000000000003B
:10FACB00000000000000000000000000000000002B
:10FADB00000000000000000000000000000000001B
:10FAEB00000000000000000000000000000000000B
:10FAFB0000000000000000000000000000000000FB
:10FB0B0000000000000000000000000000000000EA
:10FB1B0000000000000000000000000000000000DA
:10FB2B0000000000000000000000000000000000CA
:10FB3B0000000000000000000000000000000000BA
:10FB4B0000000000000000000000000000000000AA
:10FB5B00000000000000000000000000000000009A
:10FB6B00000000000000000000000000000000008A
:10FB7B00000000000000000000000000000000007A
:10FB8B00000000000000000000000000000000006A
:10FB9B00000000000000000000000000000000005A
:10FBAB00000000000000000000000000000000004A
:10FBBB00000000000000000000000000000000003A
:10FBCB00000000000000000000000000000000002A
:10FBDB00000000000000000000000000000000001A
:10FBEB00000000000000000000000000000000000A
:10FBFB0000000000000000000000000000000000FA
:10FC0B0000000000000000000000000000000000E9
:10FC1B0000000000000000000000000000000000D9
:10FC2B0000000000000000000000000000000000C9
:10FC3B0000000000000000000000000000000000B9
:10FC4B0000000000000000000000000000000000A9
:10FC5B000000000000000000000000000000000099
:10FC6B000000000000000000000000000000000089
:10FC7B000000000000000000000000000000000079
:10FC8B000000000000000000000000000000000069
:10FC9B000000000000000000000000000000000059
:10FCAB000000000000000000000000000000000049
:10FCBB000000000000000000000000000000000039
:10FCCB000000000000000000000000000000000029
:10FCDB000000000000000000000000000000000019
:10FCEB000000000000000000000000000000000009
:10FCFB0000000000000000000000000000000000F9
:08FD0B000000000000000000F0
:0400000508000000EF
:00000001FF
