  0
SECTION
  2
HEADER
  9
$ACADVER
  1
AC1021
  9
$ACADMAINTVER
 70
    50
  9
$DWGCODEPAGE
  3
ANSI_936
  9
$LASTSAVEDBY
  1
win10
  9
$INSBASE
 10
0.0
 20
0.0
 30
0.0
  9
$EXTMIN
 10
-3.083330976318947
 20
-68.55251785135624
 30
0.0
  9
$EXTMAX
 10
243.0101934157901
 20
119.8244141966261
 30
0.0
  9
$LIMMIN
 10
0.0
 20
0.0
  9
$LIMMAX
 10
420.0
 20
297.0
  9
$ORTHOMODE
 70
     0
  9
$REGENMODE
 70
     1
  9
$FILLMODE
 70
     1
  9
$QTEXTMODE
 70
     0
  9
$MIRRTEXT
 70
     0
  9
$LTSCALE
 40
1.0
  9
$ATTMODE
 70
     1
  9
$TEXTSIZE
 40
2.5
  9
$TRACEWID
 40
1.0
  9
$TEXTSTYLE
  7
Standard
  9
$CLAYER
  8
0
  9
$CELTYPE
  6
ByLayer
  9
$CECOLOR
 62
   256
  9
$CELTSCALE
 40
1.0
  9
$DISPSILH
 70
     0
  9
$DIMSCALE
 40
1.0
  9
$DIMASZ
 40
2.5
  9
$DIMEXO
 40
0.625
  9
$DIMDLI
 40
3.75
  9
$DIMRND
 40
0.0
  9
$DIMDLE
 40
0.0
  9
$DIMEXE
 40
1.25
  9
$DIMTP
 40
0.0
  9
$DIMTM
 40
0.0
  9
$DIMTXT
 40
2.5
  9
$DIMCEN
 40
2.5
  9
$DIMTSZ
 40
0.0
  9
$DIMTOL
 70
     0
  9
$DIMLIM
 70
     0
  9
$DIMTIH
 70
     0
  9
$DIMTOH
 70
     0
  9
$DIMSE1
 70
     0
  9
$DIMSE2
 70
     0
  9
$DIMTAD
 70
     1
  9
$DIMZIN
 70
     8
  9
$DIMBLK
  1

  9
$DIMASO
 70
     1
  9
$DIMSHO
 70
     1
  9
$DIMPOST
  1

  9
$DIMAPOST
  1

  9
$DIMALT
 70
     0
  9
$DIMALTD
 70
     3
  9
$DIMALTF
 40
0.03937007874016
  9
$DIMLFAC
 40
1.0
  9
$DIMTOFL
 70
     1
  9
$DIMTVP
 40
0.0
  9
$DIMTIX
 70
     0
  9
$DIMSOXD
 70
     0
  9
$DIMSAH
 70
     0
  9
$DIMBLK1
  1

  9
$DIMBLK2
  1

  9
$DIMSTYLE
  2
ISO-25
  9
$DIMCLRD
 70
     0
  9
$DIMCLRE
 70
     0
  9
$DIMCLRT
 70
     0
  9
$DIMTFAC
 40
1.0
  9
$DIMGAP
 40
0.625
  9
$DIMJUST
 70
     0
  9
$DIMSD1
 70
     0
  9
$DIMSD2
 70
     0
  9
$DIMTOLJ
 70
     0
  9
$DIMTZIN
 70
     8
  9
$DIMALTZ
 70
     0
  9
$DIMALTTZ
 70
     0
  9
$DIMUPT
 70
     0
  9
$DIMDEC
 70
     2
  9
$DIMTDEC
 70
     2
  9
$DIMALTU
 70
     2
  9
$DIMALTTD
 70
     3
  9
$DIMTXSTY
  7
Standard
  9
$DIMAUNIT
 70
     0
  9
$DIMADEC
 70
     0
  9
$DIMALTRND
 40
0.0
  9
$DIMAZIN
 70
     0
  9
$DIMDSEP
 70
    44
  9
$DIMATFIT
 70
     3
  9
$DIMFRAC
 70
     0
  9
$DIMLDRBLK
  1

  9
$DIMLUNIT
 70
     2
  9
$DIMLWD
 70
    -2
  9
$DIMLWE
 70
    -2
  9
$DIMTMOVE
 70
     0
  9
$DIMFXL
 40
1.0
  9
$DIMFXLON
 70
     0
  9
$DIMJOGANG
 40
0.7853981633974483
  9
$DIMTFILL
 70
     0
  9
$DIMTFILLCLR
 70
     0
  9
$DIMARCSYM
 70
     0
  9
$DIMLTYPE
  6

  9
$DIMLTEX1
  6

  9
$DIMLTEX2
  6

  9
$LUNITS
 70
     2
  9
$LUPREC
 70
     4
  9
$SKETCHINC
 40
1.0
  9
$FILLETRAD
 40
0.0
  9
$AUNITS
 70
     0
  9
$AUPREC
 70
     0
  9
$MENU
  1
.
  9
$ELEVATION
 40
0.0
  9
$PELEVATION
 40
0.0
  9
$THICKNESS
 40
0.0
  9
$LIMCHECK
 70
     0
  9
$CHAMFERA
 40
0.0
  9
$CHAMFERB
 40
0.0
  9
$CHAMFERC
 40
0.0
  9
$CHAMFERD
 40
0.0
  9
$SKPOLY
 70
     0
  9
$TDCREATE
 40
2458590.383113426
  9
$TDUCREATE
 40
2458590.049780092
  9
$TDUPDATE
 40
2458590.384224537
  9
$TDUUPDATE
 40
2458590.050891204
  9
$TDINDWG
 40
0.0011111111
  9
$TDUSRTIMER
 40
0.0011111111
  9
$USRTIMER
 70
     1
  9
$ANGBASE
 50
0.0
  9
$ANGDIR
 70
     0
  9
$PDMODE
 70
     0
  9
$PDSIZE
 40
0.0
  9
$PLINEWID
 40
0.0
  9
$SPLFRAME
 70
     0
  9
$SPLINETYPE
 70
     6
  9
$SPLINESEGS
 70
     8
  9
$HANDSEED
  5
2B8
  9
$SURFTAB1
 70
     6
  9
$SURFTAB2
 70
     6
  9
$SURFTYPE
 70
     6
  9
$SURFU
 70
     6
  9
$SURFV
 70
     6
  9
$UCSBASE
  2

  9
$UCSNAME
  2

  9
$UCSORG
 10
0.0
 20
0.0
 30
0.0
  9
$UCSXDIR
 10
1.0
 20
0.0
 30
0.0
  9
$UCSYDIR
 10
0.0
 20
1.0
 30
0.0
  9
$UCSORTHOREF
  2

  9
$UCSORTHOVIEW
 70
     0
  9
$UCSORGTOP
 10
0.0
 20
0.0
 30
0.0
  9
$UCSORGBOTTOM
 10
0.0
 20
0.0
 30
0.0
  9
$UCSORGLEFT
 10
0.0
 20
0.0
 30
0.0
  9
$UCSORGRIGHT
 10
0.0
 20
0.0
 30
0.0
  9
$UCSORGFRONT
 10
0.0
 20
0.0
 30
0.0
  9
$UCSORGBACK
 10
0.0
 20
0.0
 30
0.0
  9
$PUCSBASE
  2

  9
$PUCSNAME
  2

  9
$PUCSORG
 10
0.0
 20
0.0
 30
0.0
  9
$PUCSXDIR
 10
1.0
 20
0.0
 30
0.0
  9
$PUCSYDIR
 10
0.0
 20
1.0
 30
0.0
  9
$PUCSORTHOREF
  2

  9
$PUCSORTHOVIEW
 70
     0
  9
$PUCSORGTOP
 10
0.0
 20
0.0
 30
0.0
  9
$PUCSORGBOTTOM
 10
0.0
 20
0.0
 30
0.0
  9
$PUCSORGLEFT
 10
0.0
 20
0.0
 30
0.0
  9
$PUCSORGRIGHT
 10
0.0
 20
0.0
 30
0.0
  9
$PUCSORGFRONT
 10
0.0
 20
0.0
 30
0.0
  9
$PUCSORGBACK
 10
0.0
 20
0.0
 30
0.0
  9
$USERI1
 70
     0
  9
$USERI2
 70
     0
  9
$USERI3
 70
     0
  9
$USERI4
 70
     0
  9
$USERI5
 70
     0
  9
$USERR1
 40
0.0
  9
$USERR2
 40
0.0
  9
$USERR3
 40
0.0
  9
$USERR4
 40
0.0
  9
$USERR5
 40
0.0
  9
$WORLDVIEW
 70
     1
  9
$SHADEDGE
 70
     3
  9
$SHADEDIF
 70
    70
  9
$TILEMODE
 70
     1
  9
$MAXACTVP
 70
    64
  9
$PINSBASE
 10
0.0
 20
0.0
 30
0.0
  9
$PLIMCHECK
 70
     0
  9
$PEXTMIN
 10
0.0
 20
0.0
 30
0.0
  9
$PEXTMAX
 10
0.0
 20
0.0
 30
0.0
  9
$PLIMMIN
 10
0.0
 20
0.0
  9
$PLIMMAX
 10
12.0
 20
9.0
  9
$UNITMODE
 70
     0
  9
$VISRETAIN
 70
     1
  9
$PLINEGEN
 70
     0
  9
$PSLTSCALE
 70
     1
  9
$TREEDEPTH
 70
  3020
  9
$CMLSTYLE
  2
Standard
  9
$CMLJUST
 70
     0
  9
$CMLSCALE
 40
20.0
  9
$PROXYGRAPHICS
 70
     1
  9
$MEASUREMENT
 70
     1
  9
$CELWEIGHT
370
    -1
  9
$ENDCAPS
280
     0
  9
$JOINSTYLE
280
     0
  9
$LWDISPLAY
290
     0
  9
$INSUNITS
 70
     4
  9
$HYPERLINKBASE
  1

  9
$STYLESHEET
  1

  9
$XEDIT
290
     1
  9
$CEPSNTYPE
380
     0
  9
$PSTYLEMODE
290
     1
  9
$FINGERPRINTGUID
  2
{96A53CC7-ACDD-234C-B0F9-88300B14E85D}
  9
$VERSIONGUID
  2
{FDA5A254-6150-FA48-A4B8-168CBCE559AD}
  9
$EXTNAMES
290
     1
  9
$PSVPSCALE
 40
0.0
  9
$OLESTARTUP
290
     0
  9
$SORTENTS
280
   127
  9
$INDEXCTL
280
     0
  9
$HIDETEXT
280
     1
  9
$XCLIPFRAME
290
     0
  9
$HALOGAP
280
     0
  9
$OBSCOLOR
 70
   257
  9
$OBSLTYPE
280
     0
  9
$INTERSECTIONDISPLAY
280
     0
  9
$INTERSECTIONCOLOR
 70
   257
  9
$DIMASSOC
280
     2
  9
$PROJECTNAME
  1

  9
$CAMERADISPLAY
290
     0
  9
$LENSLENGTH
 40
50.0
  9
$CAMERAHEIGHT
 40
0.0
  9
$STEPSPERSEC
 40
2.0
  9
$STEPSIZE
 40
6.0
  9
$3DDWFPREC
 40
2.0
  9
$PSOLWIDTH
 40
5.0
  9
$PSOLHEIGHT
 40
80.0
  9
$LOFTANG1
 40
1.570796326794896
  9
$LOFTANG2
 40
1.570796326794896
  9
$LOFTMAG1
 40
0.0
  9
$LOFTMAG2
 40
0.0
  9
$LOFTPARAM
 70
     7
  9
$LOFTNORMALS
280
     1
  9
$LATITUDE
 40
37.795
  9
$LONGITUDE
 40
-122.394
  9
$NORTHDIRECTION
 40
0.0
  9
$TIMEZONE
 70
 -8000
  9
$LIGHTGLYPHDISPLAY
280
     1
  9
$TILEMODELIGHTSYNCH
280
     1
  9
$CMATERIAL
347
EC
  9
$SOLIDHIST
280
     0
  9
$SHOWHIST
280
     1
  9
$DWFFRAME
280
     2
  9
$DGNFRAME
280
     0
  9
$REALWORLDSCALE
290
     1
  9
$INTERFERECOLOR
 62
     1
  9
$INTERFEREOBJVS
345
F9
  9
$INTERFEREVPVS
346
F6
  9
$CSHADOW
280
     0
  9
$SHADOWPLANELOCATION
 40
0.0
  0
ENDSEC
  0
SECTION
  2
CLASSES
  0
CLASS
  1
ACDBDICTIONARYWDFLT
  2
AcDbDictionaryWithDefault
  3
ObjectDBX Classes
 90
        0
 91
        1
280
     0
281
     0
  0
CLASS
  1
DICTIONARYVAR
  2
AcDbDictionaryVar
  3
ObjectDBX Classes
 90
        0
 91
       12
280
     0
281
     0
  0
CLASS
  1
TABLESTYLE
  2
AcDbTableStyle
  3
ObjectDBX Classes
 90
     4095
 91
        1
280
     0
281
     0
  0
CLASS
  1
MATERIAL
  2
AcDbMaterial
  3
ObjectDBX Classes
 90
     1153
 91
        3
280
     0
281
     0
  0
CLASS
  1
VISUALSTYLE
  2
AcDbVisualStyle
  3
ObjectDBX Classes
 90
     4095
 91
       24
280
     0
281
     0
  0
CLASS
  1
SCALE
  2
AcDbScale
  3
ObjectDBX Classes
 90
     1153
 91
       17
280
     0
281
     0
  0
CLASS
  1
MLEADERSTYLE
  2
AcDbMLeaderStyle
  3
ACDB_MLEADERSTYLE_CLASS
 90
     4095
 91
        2
280
     0
281
     0
  0
CLASS
  1
CELLSTYLEMAP
  2
AcDbCellStyleMap
  3
ObjectDBX Classes
 90
     1152
 91
        1
280
     0
281
     0
  0
CLASS
  1
EXACXREFPANELOBJECT
  2
ExAcXREFPanelObject
  3
EXAC_ESW
 90
     1025
 91
        0
280
     0
281
     0
  0
CLASS
  1
NPOCOLLECTION
  2
AcDbImpNonPersistentObjectsCollection
  3
ObjectDBX Classes
 90
     1153
 91
        0
280
     0
281
     0
  0
CLASS
  1
LAYER_INDEX
  2
AcDbLayerIndex
  3
ObjectDBX Classes
 90
        0
 91
        0
280
     0
281
     0
  0
CLASS
  1
SPATIAL_INDEX
  2
AcDbSpatialIndex
  3
ObjectDBX Classes
 90
        0
 91
        0
280
     0
281
     0
  0
CLASS
  1
IDBUFFER
  2
AcDbIdBuffer
  3
ObjectDBX Classes
 90
        0
 91
        0
280
     0
281
     0
  0
CLASS
  1
ACDBSECTIONVIEWSTYLE
  2
AcDbSectionViewStyle
  3
ObjectDBX Classes
 90
     1025
 91
        1
280
     0
281
     0
  0
CLASS
  1
ACDBDETAILVIEWSTYLE
  2
AcDbDetailViewStyle
  3
ObjectDBX Classes
 90
     1025
 91
        1
280
     0
281
     0
  0
ENDSEC
  0
SECTION
  2
TABLES
  0
TABLE
  2
VPORT
  5
8
330
0
100
AcDbSymbolTable
 70
     1
  0
VPORT
  5
EA
330
8
100
AcDbSymbolTableRecord
100
AcDbViewportTableRecord
  2
*Active
 70
     0
 10
0.0
 20
0.0
 11
1.0
 21
1.0
 12
26.13531116233776
 22
8.376287332784158
 13
0.0
 23
0.0
 14
10.0
 24
10.0
 15
10.0
 25
10.0
 16
0.0
 26
0.0
 36
1.0
 17
0.0
 27
0.0
 37
0.0
 40
393.0272442228397
 41
2.104271356783919
 42
50.0
 43
0.0
 44
0.0
 50
0.0
 51
0.0
 71
     0
 72
  1000
 73
     1
 74
     3
 75
     0
 76
     1
 77
     0
 78
     0
281
     0
 65
     1
110
0.0
120
0.0
130
0.0
111
1.0
121
0.0
131
0.0
112
0.0
122
1.0
132
0.0
 79
     0
146
0.0
348
F5
 60
     3
 61
     5
292
     1
282
     1
141
0.0
142
0.0
 63
   250
421
  3355443
1001
ACAD_NAV_VCDISPLAY
1070
     3
  0
ENDTAB
  0
TABLE
  2
LTYPE
  5
5
330
0
100
AcDbSymbolTable
 70
     2
  0
LTYPE
  5
14
330
5
100
AcDbSymbolTableRecord
100
AcDbLinetypeTableRecord
  2
ByBlock
 70
     0
  3

 72
    65
 73
     0
 40
0.0
  0
LTYPE
  5
15
330
5
100
AcDbSymbolTableRecord
100
AcDbLinetypeTableRecord
  2
ByLayer
 70
     0
  3

 72
    65
 73
     0
 40
0.0
  0
LTYPE
  5
16
330
5
100
AcDbSymbolTableRecord
100
AcDbLinetypeTableRecord
  2
Continuous
 70
     0
  3
Solid line
 72
    65
 73
     0
 40
0.0
  0
ENDTAB
  0
TABLE
  2
LAYER
  5
2
102
{ACAD_XDICTIONARY
360
1FF
102
}
330
0
100
AcDbSymbolTable
 70
     1
0
LAYER
5
a5c
100
AcDbSymbolTableRecord
100
AcDbLayerTableRecord
2
TopLayer
70
0
420
16711680
6
Continuous
370
-3
390
F
347
21
0
LAYER
5
a5d
100
AcDbSymbolTableRecord
100
AcDbLayerTableRecord
2
BottomLayer
70
0
420
255
6
Continuous
370
-3
390
F
347
21
0
LAYER
5
a5e
100
AcDbSymbolTableRecord
100
AcDbLayerTableRecord
2
TopSilkLayer
70
0
420
16776960
6
Continuous
370
-3
390
F
347
21
0
LAYER
5
a5f
100
AcDbSymbolTableRecord
100
AcDbLayerTableRecord
2
BottomSilkLayer
70
0
420
8421376
6
Continuous
370
-3
390
F
347
21
0
LAYER
5
a60
100
AcDbSymbolTableRecord
100
AcDbLayerTableRecord
2
TopPasteMaskLayer
70
0
420
8421504
6
Continuous
370
-3
390
F
347
21
0
LAYER
5
a61
100
AcDbSymbolTableRecord
100
AcDbLayerTableRecord
2
BottomPasteMaskLayer
70
0
420
8388608
6
Continuous
370
-3
390
F
347
21
0
LAYER
5
a62
100
AcDbSymbolTableRecord
100
AcDbLayerTableRecord
2
TopSolderMaskLayer
70
0
420
8388736
6
Continuous
370
-3
390
F
347
21
0
LAYER
5
a63
100
AcDbSymbolTableRecord
100
AcDbLayerTableRecord
2
BottomSolderMaskLayer
70
0
420
11141375
6
Continuous
370
-3
390
F
347
21
0
LAYER
5
a64
100
AcDbSymbolTableRecord
100
AcDbLayerTableRecord
2
BoardOutline
70
0
420
16711935
6
Continuous
370
-3
390
F
347
21
0
LAYER
5
a65
100
AcDbSymbolTableRecord
100
AcDbLayerTableRecord
2
Multi-Layer
70
0
420
12632256
6
Continuous
370
-3
390
F
347
21
0
LAYER
5
a66
100
AcDbSymbolTableRecord
100
AcDbLayerTableRecord
2
Document
70
0
420
16777215
6
Continuous
370
-3
390
F
347
21
0
LAYER
5
a67
100
AcDbSymbolTableRecord
100
AcDbLayerTableRecord
2
Hole
70
0
420
2236962
6
Continuous
370
-3
390
F
347
21
  0
LAYER
  5
10
102
{ACAD_XDICTIONARY
360
13C
102
}
330
2
100
AcDbSymbolTableRecord
100
AcDbLayerTableRecord
  2
0
 70
     0
 62
     7
  6
Continuous
370
    -3
390
F
347
EE
  0
ENDTAB
  0
TABLE
  2
STYLE
  5
3
330
0
100
AcDbSymbolTable
 70
     2
  0
STYLE
  5
11
330
3
100
AcDbSymbolTableRecord
100
AcDbTextStyleTableRecord
  2
Standard
 70
     0
 40
0.0
 41
1.0
 50
0.0
 71
     0
 42
2.5
  3
arial.ttf
  4

1001
ACAD
1000
Arial
1071
       34
  0
STYLE
  5
132
330
3
100
AcDbSymbolTableRecord
100
AcDbTextStyleTableRecord
  2
Annotative
 70
     0
 40
0.0
 41
1.0
 50
0.0
 71
     0
 42
2.5
  3
arial.ttf
  4

1001
AcadAnnotative
1000
AnnotativeData
1002
{
1070
     1
1070
     1
1002
}
1001
ACAD
1000
Arial
1071
       34
  0
ENDTAB
  0
TABLE
  2
VIEW
  5
6
330
0
100
AcDbSymbolTable
 70
     0
  0
ENDTAB
  0
TABLE
  2
UCS
  5
7
330
0
100
AcDbSymbolTable
 70
     0
  0
ENDTAB
  0
TABLE
  2
APPID
  5
9
330
0
100
AcDbSymbolTable
 70
     9
  0
APPID
  5
12
330
9
100
AcDbSymbolTableRecord
100
AcDbRegAppTableRecord
  2
ACAD
 70
     0
  0
APPID
  5
9E
330
9
100
AcDbSymbolTableRecord
100
AcDbRegAppTableRecord
  2
ACAD_PSEXT
 70
     0
  0
APPID
  5
133
330
9
100
AcDbSymbolTableRecord
100
AcDbRegAppTableRecord
  2
AcadAnnoPO
 70
     0
  0
APPID
  5
134
330
9
100
AcDbSymbolTableRecord
100
AcDbRegAppTableRecord
  2
AcadAnnotative
 70
     0
  0
APPID
  5
135
330
9
100
AcDbSymbolTableRecord
100
AcDbRegAppTableRecord
  2
ACAD_DSTYLE_DIMJAG
 70
     0
  0
APPID
  5
136
330
9
100
AcDbSymbolTableRecord
100
AcDbRegAppTableRecord
  2
ACAD_DSTYLE_DIMTALN
 70
     0
  0
APPID
  5
165
330
9
100
AcDbSymbolTableRecord
100
AcDbRegAppTableRecord
  2
ACAD_MLEADERVER
 70
     0
  0
APPID
  5
217
330
9
100
AcDbSymbolTableRecord
100
AcDbRegAppTableRecord
  2
ACAD_NAV_VCDISPLAY
 70
     0
  0
APPID
  5
26E
330
9
100
AcDbSymbolTableRecord
100
AcDbRegAppTableRecord
  2
ACAD_EXEMPT_FROM_CAD_STANDARDS
 70
     0
  0
ENDTAB
  0
TABLE
  2
DIMSTYLE
  5
A
330
0
100
AcDbSymbolTable
 70
     4
100
AcDbDimStyleTable
 71
     2
340
27
340
137
  0
DIMSTYLE
105
1B0
330
A
100
AcDbSymbolTableRecord
100
AcDbDimStyleTableRecord
  2
Standard
 70
     0
340
11
  0
DIMSTYLE
105
137
330
A
100
AcDbSymbolTableRecord
100
AcDbDimStyleTableRecord
  2
Annotative
 70
     0
 40
0.0
 41
2.5
 42
0.625
 43
3.75
 44
1.25
 73
     0
 74
     0
 77
     1
 78
     8
140
2.5
141
2.5
143
0.03937007874016
147
0.625
171
     3
172
     1
271
     2
272
     2
274
     3
278
    44
283
     0
284
     8
340
11
1001
AcadAnnotative
1000
AnnotativeData
1002
{
1070
     1
1070
     1
1002
}
1001
ACAD_DSTYLE_DIMJAG
1070
   388
1040
1.5
1001
ACAD_DSTYLE_DIMTALN
1070
   392
1070
     0
  0
DIMSTYLE
105
27
330
A
100
AcDbSymbolTableRecord
100
AcDbDimStyleTableRecord
  2
ISO-25
 70
     0
 41
2.5
 42
0.625
 43
3.75
 44
1.25
 73
     0
 74
     0
 77
     1
 78
     8
140
2.5
141
2.5
143
0.03937007874016
147
0.625
171
     3
172
     1
271
     2
272
     2
274
     3
278
    44
283
     0
284
     8
340
11
  0
ENDTAB
  0
TABLE
  2
BLOCK_RECORD
  5
1
330
0
100
AcDbSymbolTable
 70
     2
  0
BLOCK_RECORD
  5
1F
102
{ACAD_XDICTIONARY
360
1CE
102
}
330
1
100
AcDbSymbolTableRecord
100
AcDbBlockTableRecord
  2
*Model_Space
340
22
 70
     0
280
     1
281
     0
  0
BLOCK_RECORD
  5
D2
330
1
100
AcDbSymbolTableRecord
100
AcDbBlockTableRecord
  2
*Paper_Space
340
D3
 70
     0
280
     1
281
     0
  0
BLOCK_RECORD
  5
D6
330
1
100
AcDbSymbolTableRecord
100
AcDbBlockTableRecord
  2
*Paper_Space0
340
D7
 70
     0
280
     1
281
     0
  0
ENDTAB
  0
ENDSEC
  0
SECTION
  2
BLOCKS
  0
BLOCK
  5
20
330
1F
100
AcDbEntity
  8
0
100
AcDbBlockBegin
  2
*Model_Space
 70
     0
 10
0.0
 20
0.0
 30
0.0
  3
*Model_Space
  1

  0
ENDBLK
  5
21
330
1F
100
AcDbEntity
  8
0
100
AcDbBlockEnd
  0
BLOCK
  5
D4
330
D2
100
AcDbEntity
 67
     1
  8
0
100
AcDbBlockBegin
  2
*Paper_Space
 70
     0
 10
0.0
 20
0.0
 30
0.0
  3
*Paper_Space
  1

  0
ENDBLK
  5
D5
330
D2
100
AcDbEntity
 67
     1
  8
0
100
AcDbBlockEnd
  0
BLOCK
  5
D8
330
D6
100
AcDbEntity
 67
     1
  8
0
100
AcDbBlockBegin
  2
*Paper_Space0
 70
     0
 10
0.0
 20
0.0
 30
0.0
  3
*Paper_Space0
  1

  0
ENDBLK
  5
D9
330
D6
100
AcDbEntity
 67
     1
  8
0
100
AcDbBlockEnd
  0
ENDSEC
  0
SECTION
  2
ENTITIES
  0
LWPOLYLINE
  5
3e8
330
1F
100
AcDbEntity
  8
BottomLayer
100
AcDbPolyline
 90
1
 70
 0
 43
0.25400050800101603 
 10
23.500127000254
 20
10.100076200152403
 10
23.500127000254
 20
7.899923799847601
  0
LWPOLYLINE
  5
3e9
330
1F
100
AcDbEntity
  8
BottomLayer
100
AcDbPolyline
 90
16
 70
 0
 43
0.25400050800101603 
 10
17.810007620015245
 20
9.000025400050802
 10
19.750063500127002
 20
9.000025400050802
 10
20.249936499873
 20
8.400076200152402
 10
20.200050800101604
 20
6.600025400050801
 10
20.700050800101604
 20
5.900025400050801
 10
22.200050800101604
 20
5.900025400050801
 10
22.714097028194058
 20
7.0653035306070615
 10
22.317246634493273
 20
8.07721615443231
 10
22.700050800101604
 20
15.800050800101602
 10
24.774955549911102
 20
15.800050800101602
 10
26.100076200152404
 20
14.900025400050803
 10
28.140970281940564
 20
12.900101600203202
 10
28.750063500127006
 20
12.900101600203202
 10
31.450088900177803
 20
10.200101600203203
 10
33.549911099822204
 20
10.200101600203203
 10
34.3500127000254
 20
11.0000254000508
 10
34.3500127000254
 20
11.500101600203202
  0
LWPOLYLINE
  5
3ea
330
1F
100
AcDbEntity
  8
BottomLayer
100
AcDbPolyline
 90
1
 70
 0
 43
0.8128016256032513 
 10
21.7000508001016
 20
13.100025400050802
 10
21.400050800101603
 20
7.100076200152401
  0
LWPOLYLINE
  5
3eb
330
1F
100
AcDbEntity
  8
BottomLayer
100
AcDbPolyline
 90
3
 70
 0
 43
0.25001270002540005 
 10
17.810007620015245
 20
10.100076200152403
 10
18.900050800101603
 20
10.100025400050802
 10
19.700050800101604
 20
9.500025400050802
 10
21.595377190754384
 20
9.4748793497587
  0
LWPOLYLINE
  5
3ec
330
1F
100
AcDbEntity
  8
BottomLayer
100
AcDbPolyline
 90
3
 70
 0
 43
0.25400050800101603 
 10
17.810007620015245
 20
11.1999237998476
 10
18.949961899923803
 20
11.1999237998476
 10
19.700050800101604
 20
10.800025400050801
 10
20.1000762001524
 20
10.8999237998476
  0
LWPOLYLINE
  5
3ed
330
1F
100
AcDbEntity
  8
BottomLayer
100
AcDbPolyline
 90
7
 70
 0
 43
0.8128016256032513 
 10
30.800101600203206
 20
17.0000508001016
 10
29.800101600203206
 20
15.200050800101602
 10
27.400050800101607
 20
15.200152400304804
 10
26.849885699771402
 20
15.500152400304803
 10
25.549911099822204
 20
16.800101600203202
 10
21.749809499619
 20
16.800101600203202
 10
21.7000508001016
 20
13.000025400050802
 10
20.1000762001524
 20
12.599949199898402
  0
LWPOLYLINE
  5
3ee
330
1F
100
AcDbEntity
  8
BottomLayer
100
AcDbPolyline
 90
1
 70
 0
 43
0.8128016256032513 
 10
49.40005080010161
 20
15.400050800101603
 10
48.600127000254005
 20
17.0000508001016
  0
LWPOLYLINE
  5
3ef
330
1F
100
AcDbEntity
  8
BottomLayer
100
AcDbPolyline
 90
1
 70
 0
 43
0.8128016256032513 
 10
48.600127000254005
 20
17.0000508001016
 10
30.800076200152404
 20
17.0000508001016
  0
LWPOLYLINE
  5
3f0
330
1F
100
AcDbEntity
  8
BottomLayer
100
AcDbPolyline
 90
8
 70
 0
 43
0.25400050800101603 
 10
47.3002286004572
 20
13.200025400050801
 10
48.60020320040641
 20
13.200025400050801
 10
49.80012700025401
 20
13.900025400050803
 10
50.89281178562358
 20
15.2747523495047
 10
51.33248666497333
 20
16.813487426974856
 10
51.90017780035561
 20
17.3000508001016
 10
56.800101600203206
 20
17.3000508001016
 10
58.30022860045721
 20
14.800025400050801
 10
60.30022860045721
 20
12.8499110998222
  0
LWPOLYLINE
  5
3f1
330
1F
100
AcDbEntity
  8
BottomLayer
100
AcDbPolyline
 90
7
 70
 0
 43
1.0160020320040641 
 10
33.05003810007621
 20
1.0000254000508002
 10
52.05003810007621
 20
1.0000254000508002
 10
52.92989585979173
 20
2.0000254000508004
 10
51.20012700025401
 20
4.500000000000001
 10
51.12014224028449
 20
7.830073660147321
 10
51.12014224028449
 20
10.370078740157481
 10
52.90012700025401
 20
13.000025400050802
 10
52.92989585979173
 20
16.000025400050802
  0
LWPOLYLINE
  5
3f2
330
1F
100
AcDbEntity
  8
BottomLayer
100
AcDbPolyline
 90
6
 70
 0
 43
1.0160020320040641 
 10
55.4746507493015
 20
2.0088646177292357
 10
53.600127000254005
 20
4
 10
53.100127000254005
 20
6.100025400050801
 10
53.66007112014225
 20
7.830073660147321
 10
53.650165100330206
 20
10.360045720091442
 10
55.10015240030481
 20
12.600025400050802
 10
55.44975869951741
 20
16.000025400050802
  0
LWPOLYLINE
  5
3f3
330
1F
100
AcDbEntity
  8
BottomLayer
100
AcDbPolyline
 90
1
 70
 0
 43
0.6096012192024385 
 10
43.849885699771406
 20
8.8999491998984
 10
43.90010160020321
 20
10.300025400050801
  0
LWPOLYLINE
  5
3f4
330
1F
100
AcDbEntity
  8
BottomLayer
100
AcDbPolyline
 90
5
 70
 0
 43
0.25400050800101603 
 10
60.30048260096521
 20
7.770129540259082
 10
60.30022860045721
 20
7.800025400050801
 10
57.80010160020321
 20
7.800025400050801
 10
56.90017780035561
 20
6.900025400050802
 10
56.800101600203206
 20
6.0000254000508
 10
55.90017780035561
 20
4.599949199898401
  0
LWPOLYLINE
  5
3f5
330
1F
100
AcDbEntity
  8
BottomLayer
100
AcDbPolyline
 90
3
 70
 0
 43
0.25400050800101603 
 10
60.30048260096521
 20
10.310134620269242
 10
58.70015240030481
 20
10.300025400050801
 10
55.989839979679964
 20
8.178359156718315
 10
54.800101600203206
 20
5.899923799847601
  0
LWPOLYLINE
  5
3f6
330
1F
100
AcDbEntity
  8
BottomLayer
100
AcDbPolyline
 90
3
 70
 0
 43
0.25400050800101603 
 10
57.90017780035561
 20
1.5999491998984001
 10
58.700279400558806
 20
3.093167386334773
 10
58.700279400558806
 20
4.8997967995936005
 10
60.30048260096521
 20
5.230124460248922
  0
LWPOLYLINE
  5
3f7
330
1F
100
AcDbEntity
  8
BottomLayer
100
AcDbPolyline
 90
1
 70
 0
 43
0.6096012192024385 
 10
49.20015240030481
 20
12.000025400050802
 10
51.30022860045721
 20
13.800101600203202
  0
LWPOLYLINE
  5
3f8
330
1F
100
AcDbEntity
  8
BottomLayer
100
AcDbPolyline
 90
1
 70
 0
 43
0.6096012192024385 
 10
43.90010160020321
 20
10.300025400050801
 10
45.20010160020321
 20
12.000025400050802
  0
LWPOLYLINE
  5
3f9
330
1F
100
AcDbEntity
  8
BottomLayer
100
AcDbPolyline
 90
1
 70
 0
 43
0.6096012192024385 
 10
45.20012700025401
 20
12.000025400050802
 10
49.20030480060961
 20
12.000127000254002
  0
LWPOLYLINE
  5
3fa
330
1F
100
AcDbEntity
  8
BottomLayer
100
AcDbPolyline
 90
4
 70
 0
 43
0.25400050800101603 
 10
31.700025400050805
 20
15.500127000254002
 10
33.10007620015241
 20
14.400025400050803
 10
37.549911099822204
 20
14.400076200152402
 10
38.3500127000254
 20
13.599974599949203
 10
40.4500889001778
 20
13.600101600203201
  0
LWPOLYLINE
  5
3fb
330
1F
100
AcDbEntity
  8
BottomLayer
100
AcDbPolyline
 90
2
 70
 0
 43
0.25400050800101603 
 10
33.500127000254004
 20
15.500127000254002
 10
38.09982219964441
 20
15.500152400304803
 10
38.499872999746
 20
15.100101600203203
  0
LWPOLYLINE
  5
3fc
330
1F
100
AcDbEntity
  8
BottomLayer
100
AcDbPolyline
 90
10
 70
 0
 43
0.25400050800101603 
 10
37.15011430022861
 20
11.400025400050803
 10
37.15011430022861
 20
10.500101600203202
 10
35.4500889001778
 20
8.8000762001524
 10
32.899923799847606
 20
8.8000762001524
 10
32.500127000254004
 20
9.200076200152402
 10
30.949961899923807
 20
9.200076200152402
 10
28.450088900177803
 20
11.900101600203202
 10
27.050038100076204
 20
11.900101600203202
 10
26.249936499873005
 20
11.43995427990856
 10
24.749809499619
 20
11.43995427990856
 10
23.5999491998984
 20
11.800101600203202
  0
LWPOLYLINE
  5
3fd
330
1F
100
AcDbEntity
  8
BottomLayer
100
AcDbPolyline
 90
6
 70
 0
 43
0.25400050800101603 
 10
35.749987299974606
 20
10.600177800355603
 10
34.8498856997714
 20
9.7000762001524
 10
31.350038100076205
 20
9.7000762001524
 10
28.650012700025403
 20
12.400101600203202
 10
27.850012700025403
 20
12.400101600203202
 10
26.150012700025403
 20
14.100101600203201
 10
24.400050800101603
 20
14.700025400050803
  0
LWPOLYLINE
  5
3fe
330
1F
100
AcDbEntity
  8
BottomLayer
100
AcDbPolyline
 90
3
 70
 0
 43
0.25400050800101603 
 10
43.09982219964441
 20
13.100101600203201
 10
33.14986029972061
 20
13.100101600203201
 10
31.6000762001524
 20
13.100025400050802
 10
30.400050800101603
 20
13.000000000000002
  0
LWPOLYLINE
  5
3ff
330
1F
100
AcDbEntity
  8
BottomLayer
100
AcDbPolyline
 90
1
 70
 0
 43
0.30480060960121924 
 10
14.280060960121922
 20
13.000025400050802
 10
14.200050800101602
 20
13.08003556007112
  0
LWPOLYLINE
  5
400
330
1F
100
AcDbEntity
  8
BottomLayer
100
AcDbPolyline
 90
5
 70
 0
 43
0.25400050800101603 
 10
45.05003810007621
 20
6.300076200152401
 10
38.499872999746
 20
6.249961899923801
 10
37.94996189992381
 20
5.700076200152401
 10
35.29972059944121
 20
5.700076200152401
 10
33.749809499619005
 20
7.2499618999238
 10
33.9001778003556
 20
7.1998983997968
  0
LWPOLYLINE
  5
401
330
1F
100
AcDbEntity
  8
BottomLayer
100
AcDbPolyline
 90
2
 70
 0
 43
0.25400050800101603 
 10
46.040055880111765
 20
7.830048260096521
 10
46.040055880111765
 20
6.610083820167642
 10
45.05003810007621
 20
6.300076200152401
  0
LWPOLYLINE
  5
402
330
1F
100
AcDbEntity
  8
BottomLayer
100
AcDbPolyline
 90
1
 70
 0
 43
0.25400050800101603 
 10
39
 20
5.7500889001778015
 10
45.65003810007621
 20
5.700076200152401
  0
LWPOLYLINE
  5
403
330
1F
100
AcDbEntity
  8
BottomLayer
100
AcDbPolyline
 90
2
 70
 0
 43
0.25400050800101603 
 10
45.61943103886208
 20
5.71727203454407
 10
47.150063500127004
 20
6.400076200152401
 10
48.580060960121926
 20
7.830048260096521
  0
LWPOLYLINE
  5
404
330
1F
100
AcDbEntity
  8
BottomLayer
100
AcDbPolyline
 90
8
 70
 0
 43
0.25400050800101603 
 10
49.85006350012701
 20
2.9000762001524008
 10
49.350063500127
 20
2.9000762001524008
 10
47.05006350012701
 20
5.200076200152401
 10
39.6500381000762
 20
5.200076200152401
 10
39.1500381000762
 20
4.7000762001524015
 10
32.7500127000254
 20
4.7000762001524015
 10
30.850012700025406
 20
6.600076200152401
 10
30.850012700025406
 20
7.200076200152401
 10
28.650012700025403
 20
9.400076200152402
  0
LWPOLYLINE
  5
405
330
1F
100
AcDbEntity
  8
BottomLayer
100
AcDbPolyline
 90
2
 70
 0
 43
0.25400050800101603 
 10
28.649911099822205
 20
4.2999491998984
 10
27.550012700025402
 20
5.200076200152401
 10
26.9500127000254
 20
6.098272796545594
  0
LWPOLYLINE
  5
406
330
1F
100
AcDbEntity
  8
BottomLayer
100
AcDbPolyline
 90
1
 70
 0
 43
0.25400050800101603 
 10
26.9500127000254
 20
6.100076200152401
 10
26.9500127000254
 20
8.900076200152402
  0
LWPOLYLINE
  5
407
330
1F
100
AcDbEntity
  8
BottomLayer
100
AcDbPolyline
 90
1
 70
 0
 43
0.25400050800101603 
 10
26.9500127000254
 20
8.900076200152402
 10
25.609855219710443
 20
10.180111760223522
  0
LWPOLYLINE
  5
408
330
1F
100
AcDbEntity
  8
BottomLayer
100
AcDbPolyline
 90
12
 70
 0
 43
0.25400050800101603 
 10
47.310058420116846
 20
2.9002032004064016
 10
46.749987299974606
 20
2.9002032004064016
 10
44.95013970027941
 20
4.7000762001524015
 10
40.85006350012701
 20
4.7000762001524015
 10
40.349936499873
 20
4.200076200152401
 10
31.650012700025407
 20
4.200076200152401
 10
29.950012700025404
 20
5.900076200152401
 10
29.950012700025404
 20
6.800076200152401
 10
29.050012700025402
 20
7.7000762001524015
 10
28.250012700025405
 20
7.7000762001524015
 10
27.450012700025404
 20
8.500076200152401
 10
27.450012700025404
 20
10.400279400558803
 10
27.949885699771404
 20
10.900152400304801
  0
LWPOLYLINE
  5
409
330
1F
100
AcDbEntity
  8
BottomLayer
100
AcDbPolyline
 90
7
 70
 0
 43
1.0160020320040641 
 10
14.200152400304804
 20
2.9199898399796806
 10
16.8999237998476
 20
3.0000254000508004
 10
17.449834899669803
 20
3.800127000254001
 10
19.849885699771402
 20
3.800127000254001
 10
20.649987299974605
 20
2.8999491998984
 10
29.849885699771406
 20
2.8999491998984
 10
30.492760985521972
 20
1.1001016002032007
 10
33.050012700025405
 20
1.0000762001524004
  0
LWPOLYLINE
  5
40a
330
1F
100
AcDbEntity
  8
BottomLayer
100
AcDbPolyline
 90
1
 70
 0
 43
0.25400050800101603 
 10
41.25003810007621
 20
4.200076200152401
 10
43.410033020066045
 20
4.200203200406402
  0
LWPOLYLINE
  5
40b
330
1F
100
AcDbEntity
  8
BottomLayer
100
AcDbPolyline
 90
3
 70
 0
 43
0.25400050800101603 
 10
40.96799593599188
 20
2.8999491998984
 10
40.549911099822204
 20
1.8999491998984002
 10
36.96215392430785
 20
1.8999491998984002
 10
35.92557785115571
 20
2.9365252730505462
  0
LWPOLYLINE
  5
40c
330
1F
100
AcDbEntity
  8
BottomLayer
100
AcDbPolyline
 90
1
 70
 0
 43
0.25400050800101603 
 10
43.410033020066045
 20
4.200203200406402
 10
44.770053340106685
 20
2.9000762001524008
  0
LWPOLYLINE
  5
40d
330
1F
100
AcDbEntity
  8
BottomLayer
100
AcDbPolyline
 90
1
 70
 0
 43
0.25400050800101603 
 10
42.230048260096524
 20
2.9000762001524008
 10
41.109906019812044
 20
2.9000762001524008
  0
LWPOLYLINE
  5
40e
330
1F
100
AcDbEntity
  8
BottomLayer
100
AcDbPolyline
 90
3
 70
 0
 43
0.25400050800101603 
 10
37.649911099822205
 20
3.100101600203201
 10
40.371094742189484
 20
3.1010668021336047
 10
40.7497332994666
 20
3.7000508001016006
 10
41.24986029972061
 20
4.200076200152401
  0
LWPOLYLINE
  5
40f
330
1F
100
AcDbEntity
  8
BottomLayer
100
AcDbPolyline
 90
3
 70
 0
 43
0.25400050800101603 
 10
32.2999745999492
 20
7.100076200152401
 10
34.2997205994412
 20
5.200076200152401
 10
38.4500889001778
 20
5.200076200152401
 10
39
 20
5.7500889001778015
  0
LWPOLYLINE
  5
410
330
1F
100
AcDbEntity
  8
BottomLayer
100
AcDbPolyline
 90
1
 70
 0
 43
0.25400050800101603 
 10
32.3500127000254
 20
12.500101600203202
 10
32.1500127000254
 20
11.200101600203201
  0
LWPOLYLINE
  5
411
330
1F
100
AcDbEntity
  8
BottomLayer
100
AcDbPolyline
 90
3
 70
 0
 43
0.25400050800101603 
 10
47.05003810007621
 20
15.100101600203203
 10
45.75003810007621
 20
13.800101600203202
 10
43.65003810007621
 20
12.600101600203201
 10
32.3500127000254
 20
12.500101600203202
  0
LWPOLYLINE
  5
412
330
1F
100
AcDbEntity
  8
BottomLayer
100
AcDbPolyline
 90
1
 70
 0
 43
0.25400050800101603 
 10
40.4500381000762
 20
13.600101600203201
 10
41.970027940055886
 20
15.100101600203203
  0
LWPOLYLINE
  5
413
330
1F
100
AcDbEntity
  8
BottomLayer
100
AcDbPolyline
 90
1
 70
 0
 43
0.25400050800101603 
 10
38.49992379984761
 20
15.100050800101602
 10
39.429946659893325
 20
15.100050800101602
  0
LWPOLYLINE
  5
414
330
1F
100
AcDbEntity
  8
BottomLayer
100
AcDbPolyline
 90
2
 70
 0
 43
0.25400050800101603 
 10
44.50995681991365
 20
15.100050800101602
 10
44.50995681991365
 20
14.510236220472443
 10
43.09982219964441
 20
13.100101600203201
  0
LWPOLYLINE
  5
415
330
1F
100
AcDbEntity
  8
BottomLayer
100
AcDbPolyline
 90
2
 70
 0
 43
0.25400050800101603 
 10
17.810007620015245
 20
13.400076200152403
 10
19.08991617983236
 20
13.400076200152403
 10
20.299974599949202
 20
15.400050800101603
  0
LWPOLYLINE
  5
416
330
1F
100
AcDbEntity
  8
BottomLayer
100
AcDbPolyline
 90
2
 70
 0
 43
0.25400050800101603 
 10
40.600203200406405
 20
11.299974599949202
 10
37.750063500127006
 20
8.4000254000508
 10
36.65024130048261
 20
8.4000254000508
  0
LWPOLYLINE
  5
417
330
1F
100
AcDbEntity
  8
BottomLayer
100
AcDbPolyline
 90
1
 70
 0
 43
0.30480060960121924 
 10
17.810007620015245
 20
12.300000000000002
 10
16.400050800101603
 20
12.300000000000002
  0
LWPOLYLINE
  5
418
330
1F
100
AcDbEntity
  8
BottomLayer
100
AcDbPolyline
 90
6
 70
 0
 43
0.6096012192024385 
 10
19.499872999746003
 20
5.599974599949201
 10
19.499872999746003
 20
7.8999491998984
 10
17.810007620015245
 20
7.8999491998984
 10
16.400050800101603
 20
7.8999491998984
 10
16.400050800101603
 20
12.300000000000002
 10
15.949961899923803
 20
13.000025400050802
 10
14.200152400304804
 20
13.080010160020322
  0
LWPOLYLINE
  5
419
330
1F
100
AcDbEntity
  8
BottomLayer
100
AcDbPolyline
 90
2
 70
 0
 43
0.25400050800101603 
 10
43.849885699771406
 20
8.8999491998984
 10
42.749809499619005
 20
6.800127000254001
 10
36.700025400050805
 20
6.800101600203201
  0
LWPOLYLINE
  5
41a
330
1F
100
AcDbEntity
  8
BottomSilkLayer
100
AcDbPolyline
 90
1
 70
 0
 43
0.25400050800101603 
 10
15.500050800101604
 20
4.700000000000001
 10
15.500050800101604
 20
3.7000000000000006
  0
LWPOLYLINE
  5
41b
330
1F
100
AcDbEntity
  8
BottomSilkLayer
100
AcDbPolyline
 90
1
 70
 0
 43
0.25400050800101603 
 10
12.900025400050803
 20
4.700000000000001
 10
12.900025400050803
 20
3.7000000000000006
  0
LWPOLYLINE
  5
41c
330
1F
100
AcDbEntity
  8
BoardOutline
100
AcDbPolyline
 90
1
 70
 0
 43
0.25400050800101603 
 10
0
 20
15.000025400050802
 10
12.000025400050802
 20
14.900025400050803
  0
LWPOLYLINE
  5
41d
330
1F
100
AcDbEntity
  8
BoardOutline
100
AcDbPolyline
 90
1
 70
 0
 43
0.25400050800101603 
 10
12.000025400050802
 20
15.000025400050802
 10
12.000025400050802
 20
16.000025400050802
  0
LWPOLYLINE
  5
41e
330
1F
100
AcDbEntity
  8
BoardOutline
100
AcDbPolyline
 90
1
 70
 0
 43
0.25400050800101603 
 10
0.00002540005080020613
 20
3.0000254000508004
 10
0.00002540005080020613
 20
15.000025400050802
  0
LWPOLYLINE
  5
41f
330
1F
100
AcDbEntity
  8
BoardOutline
100
AcDbPolyline
 90
1
 70
 0
 43
0.25400050800101603 
 10
62.000127000254004
 20
16.000025400050802
 10
62.000127000254004
 20
2.0000254000508004
  0
LWPOLYLINE
  5
420
330
1F
100
AcDbEntity
  8
BoardOutline
100
AcDbPolyline
 90
1
 70
 0
 43
0.25400050800101603 
 10
14.000050800101603
 20
18.000050800101604
 10
60.00012700025401
 20
18.000025400050802
  0
LWPOLYLINE
  5
421
330
1F
100
AcDbEntity
  8
BoardOutline
100
AcDbPolyline
 90
1
 70
 0
 43
0.25400050800101603 
 10
60.00012700025401
 20
0
 10
14.000050800101603
 20
0
  0
LWPOLYLINE
  5
422
330
1F
100
AcDbEntity
  8
BoardOutline
100
AcDbPolyline
 90
1
 70
 0
 43
0.25400050800101603 
 10
12.000025400050802
 20
3.0000000000000004
 10
0
 20
3.0000000000000004
  0
LWPOLYLINE
  5
423
330
1F
100
AcDbEntity
  8
BoardOutline
100
AcDbPolyline
 90
1
 70
 0
 43
0.25400050800101603 
 10
12.000025400050802
 20
2
 10
12.000025400050802
 20
3.0000000000000004
  0
LWPOLYLINE
  5
424
330
1F
100
AcDbEntity
  8
TopLayer
100
AcDbPolyline
 90
2
 70
 0
 43
0.25400050800101603 
 10
23.500127000254
 20
7.899923799847601
 10
21.500050800101604
 20
8.5000254000508
 10
18.400050800101603
 20
8.0000254000508
  0
LWPOLYLINE
  5
425
330
1F
100
AcDbEntity
  8
TopLayer
100
AcDbPolyline
 90
1
 70
 0
 43
0.25400050800101603 
 10
18.350190500381004
 20
10
 10
20.000050800101604
 20
9.200025400050801
  0
LWPOLYLINE
  5
426
330
1F
100
AcDbEntity
  8
TopLayer
100
AcDbPolyline
 90
4
 70
 0
 43
0.25400050800101603 
 10
20.000050800101604
 20
9.200025400050801
 10
24.8000508001016
 20
8.9000254000508
 10
26.329946659893324
 20
8.8999491998984
 10
27.59461518923038
 20
7.855499110998223
 10
30.43357886715774
 20
7.855499110998223
  0
LWPOLYLINE
  5
427
330
1F
100
AcDbEntity
  8
TopLayer
100
AcDbPolyline
 90
6
 70
 0
 43
0.25400050800101603 
 10
23.500127000254
 20
10.100076200152403
 10
24.849885699771402
 20
11.43995427990856
 10
26.27000254000508
 20
11.43995427990856
 10
26.949961899923803
 20
10.75994411988824
 10
26.949961899923803
 20
9.37995935991872
 10
27.991871983743973
 20
8.338100076200154
 10
30.43357886715774
 20
8.338100076200154
  0
LWPOLYLINE
  5
428
330
1F
100
AcDbEntity
  8
TopLayer
100
AcDbPolyline
 90
1
 70
 0
 43
1.0160020320040641 
 10
5.299974599949201
 20
10
 10
13.600025400050802
 20
10.000025400050802
  0
LWPOLYLINE
  5
429
330
1F
100
AcDbEntity
  8
TopLayer
100
AcDbPolyline
 90
1
 70
 0
 43
1.0160020320040641 
 10
5.299974599949201
 20
8
 10
14.200050800101602
 20
8.0000254000508
  0
LWPOLYLINE
  5
42a
330
1F
100
AcDbEntity
  8
TopLayer
100
AcDbPolyline
 90
1
 70
 0
 43
0.30480060960121924 
 10
14.200152400304804
 20
8
 10
16.7000254000508
 20
8.0000254000508
  0
LWPOLYLINE
  5
42b
330
1F
100
AcDbEntity
  8
TopLayer
100
AcDbPolyline
 90
3
 70
 0
 43
0.25400050800101603 
 10
23.5999491998984
 20
11.800101600203202
 10
23.700050800101604
 20
11.800025400050801
 10
20.100050800101602
 20
10.900025400050803
 10
20.1000762001524
 20
10.8999237998476
  0
LWPOLYLINE
  5
42c
330
1F
100
AcDbEntity
  8
TopLayer
100
AcDbPolyline
 90
3
 70
 0
 43
0.25001270002540005 
 10
16.650241300482605
 20
12.700025400050801
 10
16.920878841757688
 20
11.400025400050803
 10
18.21005842011684
 20
11.400025400050803
 10
18.350190500381004
 20
10
  0
LWPOLYLINE
  5
42d
330
1F
100
AcDbEntity
  8
TopLayer
100
AcDbPolyline
 90
2
 70
 0
 43
0.30480060960121924 
 10
20.1000762001524
 20
12.599949199898402
 10
18.350190500381004
 20
12.700000000000001
 10
18.350266700533403
 20
12.700025400050801
  0
LWPOLYLINE
  5
42e
330
1F
100
AcDbEntity
  8
TopLayer
100
AcDbPolyline
 90
1
 70
 0
 43
0.25001270002540005 
 10
14.200152400304804
 20
10.540005080010163
 10
16.650241300482605
 20
10.400050800101601
  0
LWPOLYLINE
  5
42f
330
1F
100
AcDbEntity
  8
TopLayer
100
AcDbPolyline
 90
2
 70
 0
 43
0.6096012192024385 
 10
25.609855219710443
 20
5.100101600203201
 10
24.100050800101602
 20
6.400025400050801
 10
21.400050800101603
 20
7.100076200152401
  0
LWPOLYLINE
  5
430
330
1F
100
AcDbEntity
  8
TopLayer
100
AcDbPolyline
 90
5
 70
 0
 43
0.25400050800101603 
 10
60.30048260096521
 20
2.6901193802387606
 10
59.80015240030481
 20
0.9000000000000001
 10
58.60015240030481
 20
0.5
 10
39.6979933959868
 20
0.5000254000508001
 10
33.405384810769625
 20
0.4998983997967996
 10
33.405384810769625
 20
4.883693167386335
  0
LWPOLYLINE
  5
431
330
1F
100
AcDbEntity
  8
TopLayer
100
AcDbPolyline
 90
1
 70
 0
 43
0.6096012192024385 
 10
51.30012700025401
 20
13.800025400050801
 10
51.30022860045721
 20
13.800101600203202
  0
LWPOLYLINE
  5
432
330
1F
100
AcDbEntity
  8
TopLayer
100
AcDbPolyline
 90
5
 70
 0
 43
1.0160020320040641 
 10
51.00000000000001
 20
17.000025400050802
 10
51.30022860045721
 20
13.800101600203202
 10
52.24993649987301
 20
13.700050800101602
 10
53.70002540005081
 20
13.700025400050801
 10
54.700025400050805
 20
14.600025400050802
 10
55.46990093980189
 20
16.000025400050802
  0
LWPOLYLINE
  5
433
330
1F
100
AcDbEntity
  8
TopLayer
100
AcDbPolyline
 90
5
 70
 0
 43
0.25400050800101603 
 10
57.90017780035561
 20
1.5999491998984001
 10
56.900152400304805
 20
2.1
 10
56.900152400304805
 20
2.7
 10
56.05029210058421
 20
3.6000000000000005
 10
54.20015240030481
 20
3.6000000000000005
 10
51.600203200406405
 20
4.500000000000001
  0
LWPOLYLINE
  5
434
330
1F
100
AcDbEntity
  8
TopLayer
100
AcDbPolyline
 90
2
 70
 0
 43
0.8130048260096522 
 10
58.05036830073661
 20
13.000076200152401
 10
58.05029210058421
 20
13.000000000000002
 10
60.30022860045721
 20
12.8499110998222
  0
LWPOLYLINE
  5
435
330
1F
100
AcDbEntity
  8
TopLayer
100
AcDbPolyline
 90
2
 70
 0
 43
0.8130048260096522 
 10
56.35026670053341
 20
13.000000000000002
 10
56.40005080010161
 20
13.100025400050802
 10
55.45034290068581
 20
12.100025400050802
  0
LWPOLYLINE
  5
436
330
1F
100
AcDbEntity
  8
TopLayer
100
AcDbPolyline
 90
3
 70
 0
 43
0.8128016256032513 
 10
58.10033020066041
 20
4.949707899415799
 10
56.40005080010161
 20
6.2000254000508015
 10
56.35026670053341
 20
7.1998983997968
 10
56.35026670053341
 20
11.000000000000002
  0
LWPOLYLINE
  5
437
330
1F
100
AcDbEntity
  8
TopLayer
100
AcDbPolyline
 90
3
 70
 0
 43
0.8128016256032513 
 10
60.30048260096521
 20
10.310134620269242
 10
60.30048260096521
 20
10.310134620269242
 10
59.00025400050801
 20
11.100025400050802
 10
58.05029210058421
 20
11.000000000000002
  0
LWPOLYLINE
  5
438
330
1F
100
AcDbEntity
  8
TopLayer
100
AcDbPolyline
 90
2
 70
 0
 43
0.8128016256032513 
 10
56.35026670053341
 20
11.000000000000002
 10
55.45034290068581
 20
12.100025400050802
 10
55.000254000508015
 20
12.100025400050802
  0
LWPOLYLINE
  5
439
330
1F
100
AcDbEntity
  8
TopLayer
100
AcDbPolyline
 90
3
 70
 0
 43
0.8128016256032513 
 10
54.90017780035561
 20
12.100025400050802
 10
50.70027940055881
 20
12.100101600203203
 10
49.571247142494286
 20
13.228752857505716
 10
49.40005080010161
 20
15.400050800101603
  0
LWPOLYLINE
  5
43a
330
1F
100
AcDbEntity
  8
TopLayer
100
AcDbPolyline
 90
2
 70
 0
 43
0.8128016256032513 
 10
60.30048260096521
 20
7.770129540259082
 10
58.900152400304805
 20
8.800025400050801
 10
58.05029210058421
 20
9.100076200152401
  0
LWPOLYLINE
  5
43b
330
1F
100
AcDbEntity
  8
TopLayer
100
AcDbPolyline
 90
2
 70
 0
 43
0.8128016256032513 
 10
60.30048260096521
 20
5.230124460248922
 10
59.00025400050801
 20
6.5000254000508
 10
58.05029210058421
 20
7.1998983997968
  0
LWPOLYLINE
  5
43c
330
1F
100
AcDbEntity
  8
TopLayer
100
AcDbPolyline
 90
1
 70
 0
 43
0.25400050800101603 
 10
55.90017780035561
 20
4.599949199898401
 10
52.00025400050801
 20
5.100000000000001
  0
LWPOLYLINE
  5
43d
330
1F
100
AcDbEntity
  8
TopLayer
100
AcDbPolyline
 90
5
 70
 0
 43
0.25400050800101603 
 10
40.70010160020321
 20
5.100025400050801
 10
39.350038100076205
 20
3.9655067310134626
 10
39.350038100076205
 20
2.2402590805181615
 10
38.588519177038364
 20
1.478740157480315
 10
34.39598679197359
 20
1.478740157480315
 10
34.39598679197359
 20
4.883693167386335
  0
LWPOLYLINE
  5
43e
330
1F
100
AcDbEntity
  8
TopLayer
100
AcDbPolyline
 90
1
 70
 0
 43
0.25400050800101603 
 10
52.000127000254004
 20
5.100025400050801
 10
40.684912369824744
 20
5.100025400050801
  0
LWPOLYLINE
  5
43f
330
1F
100
AcDbEntity
  8
TopLayer
100
AcDbPolyline
 90
5
 70
 0
 43
0.25400050800101603 
 10
41.226238252476506
 20
4.500000000000001
 10
40.05003810007621
 20
3.723926847853696
 10
40.05003810007621
 20
1.970891541783084
 10
39.06375412750826
 20
0.9846075692151385
 10
33.88798577597156
 20
0.9846075692151385
 10
33.88798577597156
 20
4.883693167386335
  0
LWPOLYLINE
  5
440
330
1F
100
AcDbEntity
  8
TopLayer
100
AcDbPolyline
 90
1
 70
 0
 43
0.8128016256032513 
 10
60.30048260096521
 20
2.6901193802387606
 10
58.10033020066041
 20
3.249682499364999
  0
LWPOLYLINE
  5
441
330
1F
100
AcDbEntity
  8
TopLayer
100
AcDbPolyline
 90
3
 70
 0
 43
0.8128016256032513 
 10
55.46990093980189
 20
16.000025400050802
 10
57.000127000254004
 20
17.000025400050802
 10
59.00025400050801
 20
17.000025400050802
 10
60.30048260096521
 20
15.78994157988316
  0
LWPOLYLINE
  5
442
330
1F
100
AcDbEntity
  8
TopLayer
100
AcDbPolyline
 90
5
 70
 0
 43
0.25400050800101603 
 10
34.903987807975625
 20
13.316484632969267
 10
34.90017780035561
 20
14.400025400050803
 10
37.800101600203206
 20
14.400025400050803
 10
38.600203200406405
 20
13.600025400050802
 10
46.400127000254
 20
13.700025400050801
 10
47.3002286004572
 20
13.199898399796803
  0
LWPOLYLINE
  5
443
330
1F
100
AcDbEntity
  8
TopLayer
100
AcDbPolyline
 90
1
 70
 0
 43
0.25400050800101603 
 10
45.20012700025401
 20
13.100025400050802
 10
45.9001778003556
 20
12.600025400050802
  0
LWPOLYLINE
  5
444
330
1F
100
AcDbEntity
  8
TopLayer
100
AcDbPolyline
 90
2
 70
 0
 43
0.25400050800101603 
 10
45.9001778003556
 20
12.600025400050802
 10
46.80012700025401
 20
11.700025400050801
 10
48.580137160274326
 20
10.370053340106683
  0
LWPOLYLINE
  5
445
330
1F
100
AcDbEntity
  8
TopLayer
100
AcDbPolyline
 90
4
 70
 0
 43
0.25400050800101603 
 10
35.300101600203206
 20
15.5000508001016
 10
35.24993649987301
 20
15.5000508001016
 10
34.50007620015241
 20
14.900025400050803
 10
33.88798577597156
 20
14.24691389382779
 10
33.88798577597156
 20
13.316510033020068
  0
LWPOLYLINE
  5
446
330
1F
100
AcDbEntity
  8
TopLayer
100
AcDbPolyline
 90
2
 70
 0
 43
0.25400050800101603 
 10
37.393192786385576
 20
13.316510033020068
 10
38.0001016002032
 20
13.100025400050802
 10
45.20012700025401
 20
13.100025400050802
  0
LWPOLYLINE
  5
447
330
1F
100
AcDbEntity
  8
TopLayer
100
AcDbPolyline
 90
2
 70
 0
 43
0.25400050800101603 
 10
36.9499618999238
 20
15.5000508001016
 10
36.90152400304801
 20
17.000025400050802
 10
33.4498348996698
 20
17.000025400050802
  0
LWPOLYLINE
  5
448
330
1F
100
AcDbEntity
  8
TopLayer
100
AcDbPolyline
 90
2
 70
 0
 43
0.25400050800101603 
 10
32.8973837947676
 20
13.316510033020068
 10
32.900076200152405
 20
14.5000254000508
 10
31.700025400050805
 20
15.500127000254002
  0
LWPOLYLINE
  5
449
330
1F
100
AcDbEntity
  8
TopLayer
100
AcDbPolyline
 90
3
 70
 0
 43
0.25400050800101603 
 10
32.389382778765565
 20
13.316510033020068
 10
32.3500127000254
 20
14.300000000000002
 10
30.600076200152404
 20
14.5000254000508
 10
29.800076200152404
 20
16.900050800101603
  0
LWPOLYLINE
  5
44a
330
1F
100
AcDbEntity
  8
TopLayer
100
AcDbPolyline
 90
1
 70
 0
 43
0.25400050800101603 
 10
39.5000254000508
 20
12.500000000000002
 10
45.30012700025401
 20
12.500025400050802
  0
LWPOLYLINE
  5
44b
330
1F
100
AcDbEntity
  8
TopLayer
100
AcDbPolyline
 90
2
 70
 0
 43
0.25400050800101603 
 10
38.866395732791474
 20
11.843307086614175
 10
38.90010160020321
 20
12.300025400050801
 10
39.50010160020321
 20
12.500025400050802
  0
LWPOLYLINE
  5
44c
330
1F
100
AcDbEntity
  8
TopLayer
100
AcDbPolyline
 90
2
 70
 0
 43
0.25400050800101603 
 10
45.30012700025401
 20
12.500025400050802
 10
46.040055880111765
 20
10.840182880365761
 10
46.040055880111765
 20
10.370053340106683
  0
LWPOLYLINE
  5
44d
330
1F
100
AcDbEntity
  8
TopLayer
100
AcDbPolyline
 90
3
 70
 0
 43
0.25400050800101603 
 10
35.41198882397766
 20
13.316510033020068
 10
35.41198882397766
 20
12.16207772415545
 10
34.75001270002541
 20
11.500101600203202
 10
34.349936499873
 20
11.500101600203202
  0
LWPOLYLINE
  5
44e
330
1F
100
AcDbEntity
  8
TopLayer
100
AcDbPolyline
 90
3
 70
 0
 43
0.25400050800101603 
 10
35.894589789179584
 20
13.316510033020068
 10
35.894589789179584
 20
11.84457708915418
 10
35.749987299974606
 20
11.699974599949202
 10
35.749987299974606
 20
10.600177800355603
  0
LWPOLYLINE
  5
44f
330
1F
100
AcDbEntity
  8
TopLayer
100
AcDbPolyline
 90
4
 70
 0
 43
0.25400050800101603 
 10
34.900076200152405
 20
7.800025400050801
 10
35.4000508001016
 20
8.600025400050802
 10
36.20828041656084
 20
9.500025400050802
 10
37.750063500127006
 20
9.500025400050802
 10
37.750063500127006
 20
10.100101600203201
  0
LWPOLYLINE
  5
450
330
1F
100
AcDbEntity
  8
TopLayer
100
AcDbPolyline
 90
11
 70
 0
 43
0.25400050800101603 
 10
27.400050800101607
 20
15.200152400304804
 10
28.900177800355603
 20
15.200050800101602
 10
30.200152400304802
 20
14.100025400050802
 10
31.8001016002032
 20
13.800025400050801
 10
31.8501397002794
 20
12.200101600203201
 10
33.24993649987301
 20
12.200101600203201
 10
33.24993649987301
 20
9.450114300228602
 10
34.90017780035561
 20
7.800076200152401
 10
34.90017780035561
 20
6.0562103124206255
 10
31.849885699771406
 20
6.100101600203201
 10
31.493014986029976
 20
6.356896113792229
 10
30.43357886715774
 20
6.356896113792229
  0
LWPOLYLINE
  5
451
330
1F
100
AcDbEntity
  8
TopLayer
100
AcDbPolyline
 90
5
 70
 0
 43
0.25400050800101603 
 10
37.393192786385576
 20
4.883693167386335
 10
37.750063500127006
 20
5.400076200152402
 10
37.750063500127006
 20
10.100101600203201
 10
37.750063500127006
 20
10.143281686563375
 10
37.89458978917958
 20
10.34470408940818
 10
38.866395732791474
 20
10.34470408940818
  0
LWPOLYLINE
  5
452
330
1F
100
AcDbEntity
  8
TopLayer
100
AcDbPolyline
 90
2
 70
 0
 43
0.25400050800101603 
 10
32.1501143002286
 20
11.200101600203201
 10
31.700076200152402
 20
11.300025400050801
 10
30.43357886715774
 20
11.360706121412244
  0
LWPOLYLINE
  5
453
330
1F
100
AcDbEntity
  8
TopLayer
100
AcDbPolyline
 90
4
 70
 0
 43
0.6000000000000001 
 10
25.609855219710443
 20
12.72011684023368
 10
23.200050800101604
 20
13.300025400050803
 10
20.000050800101604
 20
14.000025400050802
 10
18.6499872999746
 20
15.000025400050802
 10
18.6499872999746
 20
17.000025400050802
  0
LWPOLYLINE
  5
454
330
1F
100
AcDbEntity
  8
TopLayer
100
AcDbPolyline
 90
1
 70
 0
 43
1.0160020320040641 
 10
13.5000254000508
 20
12.500025400050802
 10
14.200050800101602
 20
13.08003556007112
  0
LWPOLYLINE
  5
455
330
1F
100
AcDbEntity
  8
TopLayer
100
AcDbPolyline
 90
1
 70
 0
 43
1.0160020320040641 
 10
4.7998475996952
 20
5.499872999746
 10
14.200152400304804
 20
5.459994919989841
  0
LWPOLYLINE
  5
456
330
1F
100
AcDbEntity
  8
TopLayer
100
AcDbPolyline
 90
1
 70
 0
 43
1.0160020320040641 
 10
4.7998475996952
 20
12.499872999746001
 10
13.5000254000508
 20
12.500025400050802
  0
LWPOLYLINE
  5
457
330
1F
100
AcDbEntity
  8
TopLayer
100
AcDbPolyline
 90
1
 70
 0
 43
1.0160020320040641 
 10
14.159918719837442
 20
5.4998983997968
 10
14.200050800101602
 20
5.46002032004064
  0
LWPOLYLINE
  5
458
330
1F
100
AcDbEntity
  8
TopLayer
100
AcDbPolyline
 90
1
 70
 0
 43
1.0160020320040641 
 10
13.660045720091443
 20
10.000025400050802
 10
14.200050800101602
 20
10.540030480060961
  0
LWPOLYLINE
  5
459
330
1F
100
AcDbEntity
  8
TopLayer
100
AcDbPolyline
 90
4
 70
 0
 43
1.0160020320040641 
 10
14.200152400304804
 20
13.080010160020322
 10
16.489966979933964
 20
17.000025400050802
 10
18.6499872999746
 20
17.000025400050802
 10
31.549911099822204
 20
17.000025400050802
 10
33.4498348996698
 20
17.000025400050802
  0
LWPOLYLINE
  5
45a
330
1F
100
AcDbEntity
  8
TopLayer
100
AcDbPolyline
 90
2
 70
 0
 43
0.25400050800101603 
 10
54.800101600203206
 20
5.899923799847601
 10
52.900177800355614
 20
5.900025400050801
 10
52.599949199898404
 20
5.899949199898401
  0
LWPOLYLINE
  5
45b
330
1F
100
AcDbEntity
  8
TopLayer
100
AcDbPolyline
 90
5
 70
 0
 43
0.25400050800101603 
 10
40.4498348996698
 20
5.899949199898401
 10
38.7500381000762
 20
4.200152400304802
 10
38.7500381000762
 20
2.6001778003556013
 10
38.09347218694438
 20
1.9436118872237746
 10
34.903987807975625
 20
1.9436118872237746
 10
34.903987807975625
 20
4.883693167386335
  0
LWPOLYLINE
  5
45c
330
1F
100
AcDbEntity
  8
TopLayer
100
AcDbPolyline
 90
3
 70
 0
 43
0.25400050800101603 
 10
30.43357886715774
 20
10.34470408940818
 10
29.250012700025405
 20
10.34470408940818
 10
29.250012700025405
 20
10.000076200152401
 10
28.650012700025403
 20
9.400076200152402
  0
LWPOLYLINE
  5
45d
330
1F
100
AcDbEntity
  8
TopLayer
100
AcDbPolyline
 90
2
 70
 0
 43
0.25400050800101603 
 10
30.43357886715774
 20
10.852705105410212
 10
30.38613157226315
 20
10.900152400304801
 10
27.949885699771404
 20
10.900152400304801
  0
LWPOLYLINE
  5
45e
330
1F
100
AcDbEntity
  8
TopLayer
100
AcDbPolyline
 90
1
 70
 0
 43
0.25400050800101603 
 10
52.599949199898404
 20
5.899949199898401
 10
40.4498348996698
 20
5.899949199898401
  0
LWPOLYLINE
  5
45f
330
1F
100
AcDbEntity
  8
TopLayer
100
AcDbPolyline
 90
4
 70
 0
 43
0.25400050800101603 
 10
20.299974599949202
 20
15.400050800101603
 10
20.117780035560074
 20
15.496291592583187
 10
21.649987299974605
 20
15.500101600203202
 10
22.849987299974604
 20
15.200101600203201
 10
24.400050800101603
 20
14.700025400050803
  0
LWPOLYLINE
  5
460
330
1F
100
AcDbEntity
  8
TopLayer
100
AcDbPolyline
 90
1
 70
 0
 43
1.0160020320040641 
 10
33.4498348996698
 20
17.000025400050802
 10
51.00000000000001
 20
17.000025400050802
  0
LWPOLYLINE
  5
461
330
1F
100
AcDbEntity
  8
TopLayer
100
AcDbPolyline
 90
5
 70
 0
 43
0.8128016256032513 
 10
17.050038100076204
 20
3.94490728981458
 10
15.949961899923803
 20
3.94490728981458
 10
15.949961899923803
 20
2.9200152400304806
 10
15.949961899923803
 20
2.0500635001270004
 10
17.050038100076204
 20
2.0500635001270004
 10
17.050038100076204
 20
2.04498348996698
  0
LWPOLYLINE
  5
462
330
1F
100
AcDbEntity
  8
TopLayer
100
AcDbPolyline
 90
1
 70
 0
 43
0.8128016256032513 
 10
14.200152400304804
 20
2.9199898399796806
 10
15.949961899923803
 20
2.9200152400304806
  0
LWPOLYLINE
  5
463
330
1F
100
AcDbEntity
  8
TopLayer
100
AcDbPolyline
 90
3
 70
 0
 43
1.0160020320040641 
 10
24.970027940055882
 20
1.0500635001270004
 10
26.700025400050805
 20
1.0500635001270004
 10
28.892811785623575
 20
1.1001016002032007
 10
30.492760985521972
 20
1.1001016002032007
  0
LWPOLYLINE
  5
464
330
1F
100
AcDbEntity
  8
TopLayer
100
AcDbPolyline
 90
2
 70
 0
 43
0.25400050800101603 
 10
30.43357886715774
 20
9.354102108204218
 10
32.395986791973584
 20
9.354102108204218
 10
33.9001778003556
 20
7.1998983997968
  0
LWPOLYLINE
  5
465
330
1F
100
AcDbEntity
  8
TopLayer
100
AcDbPolyline
 90
3
 70
 0
 43
0.25400050800101603 
 10
30.43357886715774
 20
8.846101092202186
 10
32
 20
8.846101092202186
 10
32
 20
7.499898399796801
 10
32.2999745999492
 20
7.100076200152401
  0
LWPOLYLINE
  5
466
330
1F
100
AcDbEntity
  8
TopLayer
100
AcDbPolyline
 90
4
 70
 0
 43
0.25400050800101603 
 10
35.894589789179584
 20
4.883693167386335
 10
35.894589789179584
 20
2.9675133350266703
 10
35.92557785115571
 20
2.9365252730505462
 10
35.88798577597156
 20
2.898933197866396
 10
35.88798577597156
 20
2.8740411480822963
  0
LWPOLYLINE
  5
467
330
1F
100
AcDbEntity
  8
TopLayer
100
AcDbPolyline
 90
3
 70
 0
 43
0.25400050800101603 
 10
36.40259080518161
 20
4.883693167386335
 10
36.40259080518161
 20
3.9474472948945905
 10
37.24993649987301
 20
3.100101600203201
 10
37.649987299974605
 20
3.100101600203201
  0
LWPOLYLINE
  5
468
330
1F
100
AcDbEntity
  8
TopLayer
100
AcDbPolyline
 90
2
 70
 0
 43
0.25400050800101603 
 10
33.405384810769625
 20
13.316510033020068
 10
33.4498348996698
 20
14.500152400304803
 10
33.500127000254004
 20
15.500127000254002
  0
LWPOLYLINE
  5
469
330
1F
100
AcDbEntity
  8
TopLayer
100
AcDbPolyline
 90
2
 70
 0
 43
0.25400050800101603 
 10
30.43357886715774
 20
11.843307086614175
 10
30.350012700025403
 20
11.843307086614175
 10
30.400050800101603
 20
13.000000000000002
  0
LWPOLYLINE
  5
46a
330
1F
100
AcDbEntity
  8
TopLayer
100
AcDbPolyline
 90
3
 70
 0
 43
0.8128016256032513 
 10
21.400050800101603
 20
7.100076200152401
 10
21.32994665989332
 20
5.1826517653035316
 10
21.32994665989332
 20
3.620040640081281
 10
19.4498348996698
 20
3.94490728981458
  0
LWPOLYLINE
  5
46b
330
1F
100
AcDbEntity
  8
TopLayer
100
AcDbPolyline
 90
2
 70
 0
 43
0.25400050800101603 
 10
36.40259080518161
 20
13.316510033020068
 10
36.40259080518161
 20
12.14747269494539
 10
37.1500381000762
 20
11.400025400050803
  0
LWPOLYLINE
  5
46c
330
1F
100
AcDbEntity
  8
TopLayer
100
AcDbPolyline
 90
2
 70
 0
 43
0.25400050800101603 
 10
31.906781813563633
 20
4.883693167386335
 10
31.323037846075692
 20
4.2999491998984
 10
28.649911099822205
 20
4.2999491998984
  0
LWPOLYLINE
  5
46d
330
1F
100
AcDbEntity
  8
TopLayer
100
AcDbPolyline
 90
3
 70
 0
 43
0.25400050800101603 
 10
30.43357886715774
 20
7.34749809499619
 10
29.5999491998984
 20
7.400076200152402
 10
26.61722123444247
 20
7.400076200152402
 10
25.609855219710443
 20
7.6401066802133615
  0
LWPOLYLINE
  5
46e
330
1F
100
AcDbEntity
  8
TopLayer
100
AcDbPolyline
 90
3
 70
 0
 43
0.25400050800101603 
 10
41.63982727965456
 20
7.039903479806961
 10
39.94996189992381
 20
7.039903479806961
 10
39.94996189992381
 20
8.300000000000002
 10
38.866395732791474
 20
8.338100076200154
  0
LWPOLYLINE
  5
46f
330
1F
100
AcDbEntity
  8
TopLayer
100
AcDbPolyline
 90
2
 70
 0
 43
0.25400050800101603 
 10
41.63982727965456
 20
9.439954279908562
 10
39.94996189992381
 20
8.8999491998984
 10
38.866395732791474
 20
8.846101092202186
  0
LWPOLYLINE
  5
470
330
1F
100
AcDbEntity
  8
TopLayer
100
AcDbPolyline
 90
2
 70
 0
 43
0.6096012192024385 
 10
19.4498348996698
 20
2.04498348996698
 10
19.4498348996698
 20
2.0500635001270004
 10
21.649987299974605
 20
2.0500635001270004
  0
LWPOLYLINE
  5
471
330
1F
100
AcDbEntity
  8
TopLayer
100
AcDbPolyline
 90
2
 70
 0
 43
0.25400050800101603 
 10
42.24993649987301
 20
11.299974599949202
 10
40.65252730505461
 20
11.302540005080012
 10
40.600203200406405
 20
11.299974599949202
  0
LWPOLYLINE
  5
472
330
1F
100
AcDbEntity
  8
TopLayer
100
AcDbPolyline
 90
2
 70
 0
 43
0.25400050800101603 
 10
35.41198882397766
 20
4.883693167386335
 10
35.41198882397766
 20
7.161849123698248
 10
36.650165100330206
 20
8.4000254000508
  0
LWPOLYLINE
  5
473
330
1F
100
AcDbEntity
  8
TopLayer
100
AcDbPolyline
 90
6
 70
 0
 43
0.6096012192024385 
 10
19.499872999746003
 20
5.599974599949201
 10
18.249936499873005
 20
4.800127000254001
 10
18.249936499873005
 20
2.99494538989078
 10
18.249936499873005
 20
0.8999491998983999
 10
22.949961899923803
 20
0.8999491998983999
 10
23.02997205994412
 20
2.05742951485903
 10
23.02997205994412
 20
3.620040640081281
  0
LWPOLYLINE
  5
474
330
1F
100
AcDbEntity
  8
TopLayer
100
AcDbPolyline
 90
1
 70
 0
 43
0.6096012192024385 
 10
17.050038100076204
 20
2.99494538989078
 10
18.249936499873005
 20
2.99494538989078
  0
LWPOLYLINE
  5
475
330
1F
100
AcDbEntity
  8
TopLayer
100
AcDbPolyline
 90
3
 70
 0
 43
0.25400050800101603 
 10
38.866395732791474
 20
9.86210312420625
 10
40.05003810007621
 20
9.899949199898401
 10
40.24993649987301
 20
10.199923799847602
 10
43.4498348996698
 20
10.199923799847602
  0
LWPOLYLINE
  5
476
330
1F
100
AcDbEntity
  8
TopLayer
100
AcDbPolyline
 90
1
 70
 0
 43
0.25400050800101603 
 10
43.4498348996698
 20
8.1999237998476
 10
41.63982727965456
 20
8.240055880111761
  0
LWPOLYLINE
  5
477
330
1F
100
AcDbEntity
  8
TopLayer
100
AcDbPolyline
 90
1
 70
 0
 43
1.0160020320040641 
 10
24.970027940055882
 20
2.7500889001778006
 10
26.700025400050805
 20
2.7500889001778006
  0
LWPOLYLINE
  5
478
330
1F
100
AcDbEntity
  8
TopLayer
100
AcDbPolyline
 90
1
 70
 0
 43
0.8128016256032513 
 10
24.970027940055882
 20
2.7500889001778006
 10
23.02997205994412
 20
2.05742951485903
  0
LWPOLYLINE
  5
479
330
1F
100
AcDbEntity
  8
TopLayer
100
AcDbPolyline
 90
1
 70
 0
 43
0.8128016256032513 
 10
23.02997205994412
 20
3.620040640081281
 10
23.02997205994412
 20
5.1826517653035316
  0
LWPOLYLINE
  5
47a
330
1F
100
AcDbEntity
  8
TopLayer
100
AcDbPolyline
 90
5
 70
 0
 43
0.40640081280162565 
 10
43.9499618999238
 20
11.299974599949202
 10
43.4498348996698
 20
10.199923799847602
 10
43.4498348996698
 20
8.949987299974602
 10
43.4498348996698
 20
8.1999237998476
 10
43.4498348996698
 20
8.949987299974602
 10
43.849885699771406
 20
8.8999491998984
  0
LWPOLYLINE
  5
47b
330
1F
100
AcDbEntity
  8
TopLayer
100
AcDbPolyline
 90
2
 70
 0
 43
0.25400050800101603 
 10
36.910591821183644
 20
4.883693167386335
 10
36.8498856997714
 20
6.0000254000508
 10
36.700025400050805
 20
6.800101600203201
  0
LWPOLYLINE
  5
47c
330
1F
100
AcDbEntity
  8
TopLayer
100
AcDbPolyline
 90
4
 70
 0
 43
0.25400050800101603 
 10
30.43357886715774
 20
6.8394970789941585
 10
27.75996951993904
 20
6.839039878079757
 10
27.249936499873
 20
6.400076200152401
 10
27.249936499873
 20
3.3000000000000007
 10
26.700025400050805
 20
2.7500889001778006
  0
LWPOLYLINE
  5
47d
330
1F
100
AcDbEntity
  8
TopLayer
100
AcDbPolyline
 90
1
 70
 0
 43
0.25400050800101603 
 10
51.60012700025401
 20
4.500000000000001
 10
41.226238252476506
 20
4.500000000000001
0
HATCH
5
47f
100
AcDbEntity
8
Document
100
AcDbHatch
10
0
20
0
30
0
210
0
220
0
230
1
2
SOLID
70
1
71
0
91
1
92
7
72
0
73
1
93
5
10
37.65989331978665
20
22.499872999746
10
39.699771399542804
20
22.499872999746
10
39.699771399542804
20
19.749809499619
10
37.65989331978665
20
19.749809499619
10
37.65989331978665
20
22.499872999746
97
1
330

75
0
76
1
47
0.4128176842155181
98
1
10
34.90568961886538
20
22.81183545379326
450
0
451
0
460
0
461
0
452
1
462
1
453
2
463
0
63
5
421
255
463
1
63
7
421
16777215
470
LINEAR
1001
ACAD
1010
0
1020
0
1030
0
0
HATCH
5
481
100
AcDbEntity
8
Document
100
AcDbHatch
10
0
20
0
30
0
210
0
220
0
230
1
2
SOLID
70
1
71
0
91
1
92
7
72
0
73
1
93
5
10
40.19989839979681
20
22.499872999746
10
42.239776479552965
20
22.499872999746
10
42.239776479552965
20
19.749809499619
10
40.19989839979681
20
19.749809499619
10
40.19989839979681
20
22.499872999746
97
1
330

75
0
76
1
47
0.4128176842155181
98
1
10
34.90568961886538
20
22.81183545379326
450
0
451
0
460
0
461
0
452
1
462
1
453
2
463
0
63
5
421
255
463
1
63
7
421
16777215
470
LINEAR
1001
ACAD
1010
0
1020
0
1030
0
0
HATCH
5
483
100
AcDbEntity
8
Document
100
AcDbHatch
10
0
20
0
30
0
210
0
220
0
230
1
2
SOLID
70
1
71
0
91
1
92
7
72
0
73
1
93
5
10
40.19989839979681
20
8.249936499873
10
42.239776479552965
20
8.249936499873
10
42.239776479552965
20
5.499872999746
10
40.19989839979681
20
5.499872999746
10
40.19989839979681
20
8.249936499873
97
1
330

75
0
76
1
47
0.4128176842155181
98
1
10
34.90568961886538
20
22.81183545379326
450
0
451
0
460
0
461
0
452
1
462
1
453
2
463
0
63
5
421
255
463
1
63
7
421
16777215
470
LINEAR
1001
ACAD
1010
0
1020
0
1030
0
0
HATCH
5
485
100
AcDbEntity
8
Document
100
AcDbHatch
10
0
20
0
30
0
210
0
220
0
230
1
2
SOLID
70
1
71
0
91
1
92
7
72
0
73
1
93
5
10
37.65989331978665
20
8.249936499873
10
39.699771399542804
20
8.249936499873
10
39.699771399542804
20
5.499872999746
10
37.65989331978665
20
5.499872999746
10
37.65989331978665
20
8.249936499873
97
1
330

75
0
76
1
47
0.4128176842155181
98
1
10
34.90568961886538
20
22.81183545379326
450
0
451
0
460
0
461
0
452
1
462
1
453
2
463
0
63
5
421
255
463
1
63
7
421
16777215
470
LINEAR
1001
ACAD
1010
0
1020
0
1030
0
  0
LWPOLYLINE
  5
486
330
1F
100
AcDbEntity
  8
BottomSilkLayer
100
AcDbPolyline
 90
8
 70
 1
 43
0.12700025400050802 
 10
18.179832359664722
 20
16.4000762001524
 10
32.17983235966472
 20
16.4000762001524
 10
32.17983235966472
 20
7.599974599949201
 10
32.97993395986792
 20
4.5999745999492
 10
32.97993395986792
 20
1.5999745999492
 10
19.629921259842522
 20
1.5999745999492
 10
19.629921259842522
 20
2.8999491998984
 10
18.179832359664722
 20
2.8999491998984
 10
18.179832359664722
 20
16.4000762001524
  0
LWPOLYLINE
  5
487
330
1F
100
AcDbEntity
  8
TopSilkLayer
100
AcDbPolyline
 90
8
 70
 1
 43
0.15240030480060962 
 10
59.66497332994667
 20
11.57990855981712
 10
59.02997205994413
 20
12.21490982981966
 10
59.02997205994413
 20
13.484912369824741
 10
59.66497332994667
 20
14.119913639827281
 10
60.93497586995175
 20
14.119913639827281
 10
61.56997713995429
 20
13.484912369824741
 10
61.56997713995429
 20
12.21490982981966
 10
60.93497586995175
 20
11.57990855981712
 10
59.66497332994667
 20
11.57990855981712
  0
LWPOLYLINE
  5
488
330
1F
100
AcDbEntity
  8
Document
100
AcDbPolyline
 90
1
 70
 0
 43
0.15240030480060962 
 10
57.61036322072645
 20
12.365024130048262
 10
56.79019558039117
 20
12.365024130048262
  0
LWPOLYLINE
  5
489
330
1F
100
AcDbEntity
  8
Document
100
AcDbPolyline
 90
1
 70
 0
 43
0.15240030480060962 
 10
57.61036322072645
 20
13.635026670053342
 10
56.79019558039117
 20
13.635026670053342
  0
LWPOLYLINE
  5
48a
330
1F
100
AcDbEntity
  8
Document
100
AcDbPolyline
 90
4
 70
 1
 43
0.05080010160020321 
 10
59.173228346456696
 20
12.01704343408687
 10
55.227330454660915
 20
12.01704343408687
 10
55.227330454660915
 20
13.983007366014734
 10
59.173228346456696
 20
13.983007366014734
 10
59.173228346456696
 20
12.01704343408687
  0
LWPOLYLINE
  5
48b
330
1F
100
AcDbEntity
  8
TopSilkLayer
100
AcDbPolyline
 90
27
 70
 0
 43
0.15240030480060962 
 10
13.565049530099062
 20
6.730022860045721
 10
12.930048260096521
 20
7.365024130048261
 10
12.930048260096521
 20
8.63502667005334
 10
13.565049530099062
 20
9.270027940055881
 10
12.930048260096521
 20
9.905029210058421
 10
12.930048260096521
 20
11.175031750063502
 10
13.565049530099062
 20
11.810033020066042
 10
12.930048260096521
 20
12.445034290068582
 10
12.930048260096521
 20
13.715036830073661
 10
13.565049530099062
 20
14.350038100076201
 10
14.835052070104142
 20
14.350038100076201
 10
15.470053340106684
 20
13.715036830073661
 10
15.470053340106684
 20
12.445034290068582
 10
14.835052070104142
 20
11.810033020066042
 10
15.470053340106684
 20
11.175031750063502
 10
15.470053340106684
 20
9.905029210058421
 10
14.835052070104142
 20
9.270027940055881
 10
15.470053340106684
 20
8.63502667005334
 10
15.470053340106684
 20
7.365024130048261
 10
14.835052070104142
 20
6.730022860045721
 10
15.470053340106684
 20
6.095021590043181
 10
15.470053340106684
 20
4.8250190500381
 10
14.835052070104142
 20
4.19001778003556
 10
13.565049530099062
 20
4.19001778003556
 10
12.930048260096521
 20
4.8250190500381
 10
12.930048260096521
 20
6.095021590043181
 10
13.565049530099062
 20
6.730022860045721
 10
14.835052070104142
 20
6.730022860045721
  0
LWPOLYLINE
  5
48c
330
1F
100
AcDbEntity
  8
TopSilkLayer
100
AcDbPolyline
 90
1
 70
 0
 43
0.15240030480060962 
 10
14.835052070104142
 20
11.810033020066042
 10
13.565049530099062
 20
11.810033020066042
  0
LWPOLYLINE
  5
48d
330
1F
100
AcDbEntity
  8
TopSilkLayer
100
AcDbPolyline
 90
1
 70
 0
 43
0.15240030480060962 
 10
14.835052070104142
 20
9.270027940055881
 10
13.565049530099062
 20
9.270027940055881
  0
LWPOLYLINE
  5
48e
330
1F
100
AcDbEntity
  8
TopSilkLayer
100
AcDbPolyline
 90
7
 70
 0
 43
0.15240030480060962 
 10
14.835052070104142
 20
4.19001778003556
 10
15.470053340106684
 20
3.5550165100330204
 10
15.470053340106684
 20
2.2850139700279404
 10
14.835052070104142
 20
1.6500127000254003
 10
13.565049530099062
 20
1.6500127000254003
 10
12.930048260096521
 20
2.2850139700279404
 10
12.930048260096521
 20
3.5550165100330204
 10
13.565049530099062
 20
4.19001778003556
  0
LWPOLYLINE
  5
48f
330
1F
100
AcDbEntity
  8
Document
100
AcDbPolyline
 90
1
 70
 0
 43
0.15240030480060962 
 10
37.7995935991872
 20
6.306096012192025
 10
37.443992887985786
 20
5.950495300990602
  0
LWPOLYLINE
  5
490
330
1F
100
AcDbEntity
  8
Document
100
AcDbPolyline
 90
2
 70
 0
 43
0.15240030480060962 
 10
38.256794513589035
 20
12.325908051816105
 10
38.256794513589035
 20
12.706908813817629
 10
37.87579375158751
 20
12.706908813817629
  0
LWPOLYLINE
  5
491
330
1F
100
AcDbEntity
  8
Document
100
AcDbPolyline
 90
2
 70
 0
 43
0.15240030480060962 
 10
31.4241808483617
 20
12.706908813817629
 10
31.043180086360174
 20
12.706908813817629
 10
31.043180086360174
 20
12.325908051816105
  0
LWPOLYLINE
  5
492
330
1F
100
AcDbEntity
  8
Document
100
AcDbPolyline
 90
2
 70
 0
 43
0.15240030480060962 
 10
31.043180086360174
 20
5.874295148590297
 10
31.043180086360174
 20
5.493294386588773
 10
31.4241808483617
 20
5.493294386588773
  0
LWPOLYLINE
  5
493
330
1F
100
AcDbEntity
  8
Document
100
AcDbPolyline
 90
2
 70
 0
 43
0.15240030480060962 
 10
37.87579375158751
 20
5.493294386588773
 10
38.256794513589035
 20
5.493294386588773
 10
38.256794513589035
 20
5.874295148590297
  0
LWPOLYLINE
  5
494
330
1F
100
AcDbEntity
  8
TopSilkLayer
100
AcDbPolyline
 90
4
 70
 1
 43
0.009906019812039625 
 10
32.03378206756414
 20
5.493294386588773
 10
31.754381508763025
 20
5.493294386588773
 10
31.754381508763025
 20
4.502692405384812
 10
32.03378206756414
 20
4.502692405384812
 10
32.03378206756414
 20
5.493294386588773
  0
LWPOLYLINE
  5
495
330
1F
100
AcDbEntity
  8
TopSilkLayer
100
AcDbPolyline
 90
4
 70
 1
 43
0.009906019812039625 
 10
32.54178308356617
 20
5.493294386588773
 10
32.26238252476506
 20
5.493294386588773
 10
32.26238252476506
 20
4.502692405384812
 10
32.54178308356617
 20
4.502692405384812
 10
32.54178308356617
 20
5.493294386588773
  0
LWPOLYLINE
  5
496
330
1F
100
AcDbEntity
  8
TopSilkLayer
100
AcDbPolyline
 90
4
 70
 1
 43
0.009906019812039625 
 10
33.04978409956821
 20
5.493294386588773
 10
32.770383540767085
 20
5.493294386588773
 10
32.770383540767085
 20
4.502692405384812
 10
33.04978409956821
 20
4.502692405384812
 10
33.04978409956821
 20
5.493294386588773
  0
LWPOLYLINE
  5
497
330
1F
100
AcDbEntity
  8
TopSilkLayer
100
AcDbPolyline
 90
4
 70
 1
 43
0.009906019812039625 
 10
33.53238506477014
 20
5.493294386588773
 10
33.25298450596902
 20
5.493294386588773
 10
33.25298450596902
 20
4.502692405384812
 10
33.53238506477014
 20
4.502692405384812
 10
33.53238506477014
 20
5.493294386588773
  0
LWPOLYLINE
  5
498
330
1F
100
AcDbEntity
  8
TopSilkLayer
100
AcDbPolyline
 90
4
 70
 1
 43
0.009906019812039625 
 10
34.040386080772166
 20
5.493294386588773
 10
33.76098552197105
 20
5.493294386588773
 10
33.76098552197105
 20
4.502692405384812
 10
34.040386080772166
 20
4.502692405384812
 10
34.040386080772166
 20
5.493294386588773
  0
LWPOLYLINE
  5
499
330
1F
100
AcDbEntity
  8
TopSilkLayer
100
AcDbPolyline
 90
4
 70
 1
 43
0.009906019812039625 
 10
34.5483870967742
 20
5.493294386588773
 10
34.268986537973085
 20
5.493294386588773
 10
34.268986537973085
 20
4.502692405384812
 10
34.5483870967742
 20
4.502692405384812
 10
34.5483870967742
 20
5.493294386588773
  0
LWPOLYLINE
  5
49a
330
1F
100
AcDbEntity
  8
TopSilkLayer
100
AcDbPolyline
 90
4
 70
 1
 43
0.009906019812039625 
 10
35.03098806197613
 20
5.493294386588773
 10
34.75158750317501
 20
5.493294386588773
 10
34.75158750317501
 20
4.502692405384812
 10
35.03098806197613
 20
4.502692405384812
 10
35.03098806197613
 20
5.493294386588773
  0
LWPOLYLINE
  5
49b
330
1F
100
AcDbEntity
  8
TopSilkLayer
100
AcDbPolyline
 90
4
 70
 1
 43
0.009906019812039625 
 10
35.538989077978165
 20
5.493294386588773
 10
35.25958851917704
 20
5.493294386588773
 10
35.25958851917704
 20
4.502692405384812
 10
35.538989077978165
 20
4.502692405384812
 10
35.538989077978165
 20
5.493294386588773
  0
LWPOLYLINE
  5
49c
330
1F
100
AcDbEntity
  8
TopSilkLayer
100
AcDbPolyline
 90
4
 70
 1
 43
0.009906019812039625 
 10
36.0469900939802
 20
5.493294386588773
 10
35.76758953517907
 20
5.493294386588773
 10
35.76758953517907
 20
4.502692405384812
 10
36.0469900939802
 20
4.502692405384812
 10
36.0469900939802
 20
5.493294386588773
  0
LWPOLYLINE
  5
49d
330
1F
100
AcDbEntity
  8
TopSilkLayer
100
AcDbPolyline
 90
4
 70
 1
 43
0.009906019812039625 
 10
36.529591059182124
 20
5.493294386588773
 10
36.250190500381
 20
5.493294386588773
 10
36.250190500381
 20
4.502692405384812
 10
36.529591059182124
 20
4.502692405384812
 10
36.529591059182124
 20
5.493294386588773
  0
LWPOLYLINE
  5
49e
330
1F
100
AcDbEntity
  8
TopSilkLayer
100
AcDbPolyline
 90
5
 70
 1
 43
0.009906019812039625 
 10
37.03759207518415
 20
5.493294386588773
 10
36.986791973583955
 20
5.493294386588773
 10
36.758191516383036
 20
5.493294386588773
 10
36.758191516383036
 20
4.502692405384812
 10
37.03759207518415
 20
4.502692405384812
 10
37.03759207518415
 20
5.493294386588773
  0
LWPOLYLINE
  5
49f
330
1F
100
AcDbEntity
  8
TopSilkLayer
100
AcDbPolyline
 90
4
 70
 1
 43
0.009906019812039625 
 10
37.545593091186184
 20
5.493294386588773
 10
37.26619253238507
 20
5.493294386588773
 10
37.26619253238507
 20
4.502692405384812
 10
37.545593091186184
 20
4.502692405384812
 10
37.545593091186184
 20
5.493294386588773
  0
LWPOLYLINE
  5
4a0
330
1F
100
AcDbEntity
  8
TopSilkLayer
100
AcDbPolyline
 90
4
 70
 1
 43
0.009906019812039625 
 10
38.256794513589035
 20
6.483896367792736
 10
38.256794513589035
 20
6.204495808991618
 10
39.247396494792994
 20
6.204495808991618
 10
39.247396494792994
 20
6.483896367792736
 10
38.256794513589035
 20
6.483896367792736
  0
LWPOLYLINE
  5
4a1
330
1F
100
AcDbEntity
  8
TopSilkLayer
100
AcDbPolyline
 90
5
 70
 1
 43
0.009906019812039625 
 10
38.256794513589035
 20
6.991897383794769
 10
38.256794513589035
 20
6.763296926593854
 10
38.256794513589035
 20
6.712496824993651
 10
39.247396494792994
 20
6.712496824993651
 10
39.247396494792994
 20
6.991897383794769
 10
38.256794513589035
 20
6.991897383794769
  0
LWPOLYLINE
  5
4a2
330
1F
100
AcDbEntity
  8
TopSilkLayer
100
AcDbPolyline
 90
4
 70
 1
 43
0.009906019812039625 
 10
38.256794513589035
 20
7.499898399796801
 10
38.256794513589035
 20
7.220497840995683
 10
39.247396494792994
 20
7.220497840995683
 10
39.247396494792994
 20
7.499898399796801
 10
38.256794513589035
 20
7.499898399796801
  0
LWPOLYLINE
  5
4a3
330
1F
100
AcDbEntity
  8
TopSilkLayer
100
AcDbPolyline
 90
4
 70
 1
 43
0.009906019812039625 
 10
38.256794513589035
 20
7.982499364998731
 10
38.256794513589035
 20
7.703098806197613
 10
39.247396494792994
 20
7.703098806197613
 10
39.247396494792994
 20
7.982499364998731
 10
38.256794513589035
 20
7.982499364998731
  0
LWPOLYLINE
  5
4a4
330
1F
100
AcDbEntity
  8
TopSilkLayer
100
AcDbPolyline
 90
4
 70
 1
 43
0.009906019812039625 
 10
38.256794513589035
 20
8.490500381000764
 10
38.256794513589035
 20
8.211099822199646
 10
39.247396494792994
 20
8.211099822199646
 10
39.247396494792994
 20
8.490500381000764
 10
38.256794513589035
 20
8.490500381000764
  0
LWPOLYLINE
  5
4a5
330
1F
100
AcDbEntity
  8
TopSilkLayer
100
AcDbPolyline
 90
4
 70
 1
 43
0.009906019812039625 
 10
38.256794513589035
 20
8.998501397002796
 10
38.256794513589035
 20
8.719100838201678
 10
39.247396494792994
 20
8.719100838201678
 10
39.247396494792994
 20
8.998501397002796
 10
38.256794513589035
 20
8.998501397002796
  0
LWPOLYLINE
  5
4a6
330
1F
100
AcDbEntity
  8
TopSilkLayer
100
AcDbPolyline
 90
4
 70
 1
 43
0.009906019812039625 
 10
38.256794513589035
 20
9.481102362204727
 10
38.256794513589035
 20
9.201701803403608
 10
39.247396494792994
 20
9.201701803403608
 10
39.247396494792994
 20
9.481102362204727
 10
38.256794513589035
 20
9.481102362204727
  0
LWPOLYLINE
  5
4a7
330
1F
100
AcDbEntity
  8
TopSilkLayer
100
AcDbPolyline
 90
4
 70
 1
 43
0.009906019812039625 
 10
38.256794513589035
 20
9.989103378206758
 10
38.256794513589035
 20
9.70970281940564
 10
39.247396494792994
 20
9.70970281940564
 10
39.247396494792994
 20
9.989103378206758
 10
38.256794513589035
 20
9.989103378206758
  0
LWPOLYLINE
  5
4a8
330
1F
100
AcDbEntity
  8
TopSilkLayer
100
AcDbPolyline
 90
4
 70
 1
 43
0.009906019812039625 
 10
38.256794513589035
 20
10.49710439420879
 10
38.256794513589035
 20
10.217703835407672
 10
39.247396494792994
 20
10.217703835407672
 10
39.247396494792994
 20
10.49710439420879
 10
38.256794513589035
 20
10.49710439420879
  0
LWPOLYLINE
  5
4a9
330
1F
100
AcDbEntity
  8
TopSilkLayer
100
AcDbPolyline
 90
4
 70
 1
 43
0.009906019812039625 
 10
38.256794513589035
 20
10.97970535941072
 10
38.256794513589035
 20
10.700304800609603
 10
39.247396494792994
 20
10.700304800609603
 10
39.247396494792994
 20
10.97970535941072
 10
38.256794513589035
 20
10.97970535941072
  0
LWPOLYLINE
  5
4aa
330
1F
100
AcDbEntity
  8
TopSilkLayer
100
AcDbPolyline
 90
4
 70
 1
 43
0.009906019812039625 
 10
38.256794513589035
 20
11.487706375412753
 10
38.256794513589035
 20
11.208305816611634
 10
39.247396494792994
 20
11.208305816611634
 10
39.247396494792994
 20
11.487706375412753
 10
38.256794513589035
 20
11.487706375412753
  0
LWPOLYLINE
  5
4ab
330
1F
100
AcDbEntity
  8
TopSilkLayer
100
AcDbPolyline
 90
4
 70
 1
 43
0.009906019812039625 
 10
38.256794513589035
 20
11.995707391414784
 10
38.256794513589035
 20
11.716306832613666
 10
39.247396494792994
 20
11.716306832613666
 10
39.247396494792994
 20
11.995707391414784
 10
38.256794513589035
 20
11.995707391414784
  0
LWPOLYLINE
  5
4ac
330
1F
100
AcDbEntity
  8
TopSilkLayer
100
AcDbPolyline
 90
4
 70
 1
 43
0.009906019812039625 
 10
37.26619253238507
 20
12.706908813817629
 10
37.545593091186184
 20
12.706908813817629
 10
37.545593091186184
 20
13.697510795021593
 10
37.26619253238507
 20
13.697510795021593
 10
37.26619253238507
 20
12.706908813817629
  0
LWPOLYLINE
  5
4ad
330
1F
100
AcDbEntity
  8
TopSilkLayer
100
AcDbPolyline
 90
4
 70
 1
 43
0.009906019812039625 
 10
36.758191516383036
 20
12.706908813817629
 10
37.03759207518415
 20
12.706908813817629
 10
37.03759207518415
 20
13.697510795021593
 10
36.758191516383036
 20
13.697510795021593
 10
36.758191516383036
 20
12.706908813817629
  0
LWPOLYLINE
  5
4ae
330
1F
100
AcDbEntity
  8
TopSilkLayer
100
AcDbPolyline
 90
4
 70
 1
 43
0.009906019812039625 
 10
36.250190500381
 20
12.706908813817629
 10
36.529591059182124
 20
12.706908813817629
 10
36.529591059182124
 20
13.697510795021593
 10
36.250190500381
 20
13.697510795021593
 10
36.250190500381
 20
12.706908813817629
  0
LWPOLYLINE
  5
4af
330
1F
100
AcDbEntity
  8
TopSilkLayer
100
AcDbPolyline
 90
4
 70
 1
 43
0.009906019812039625 
 10
35.76758953517907
 20
12.706908813817629
 10
36.0469900939802
 20
12.706908813817629
 10
36.0469900939802
 20
13.697510795021593
 10
35.76758953517907
 20
13.697510795021593
 10
35.76758953517907
 20
12.706908813817629
  0
LWPOLYLINE
  5
4b0
330
1F
100
AcDbEntity
  8
TopSilkLayer
100
AcDbPolyline
 90
4
 70
 1
 43
0.009906019812039625 
 10
35.25958851917704
 20
12.706908813817629
 10
35.538989077978165
 20
12.706908813817629
 10
35.538989077978165
 20
13.697510795021593
 10
35.25958851917704
 20
13.697510795021593
 10
35.25958851917704
 20
12.706908813817629
  0
LWPOLYLINE
  5
4b1
330
1F
100
AcDbEntity
  8
TopSilkLayer
100
AcDbPolyline
 90
4
 70
 1
 43
0.009906019812039625 
 10
34.75158750317501
 20
12.706908813817629
 10
35.03098806197613
 20
12.706908813817629
 10
35.03098806197613
 20
13.697510795021593
 10
34.75158750317501
 20
13.697510795021593
 10
34.75158750317501
 20
12.706908813817629
  0
LWPOLYLINE
  5
4b2
330
1F
100
AcDbEntity
  8
TopSilkLayer
100
AcDbPolyline
 90
4
 70
 1
 43
0.009906019812039625 
 10
34.268986537973085
 20
12.706908813817629
 10
34.5483870967742
 20
12.706908813817629
 10
34.5483870967742
 20
13.697510795021593
 10
34.268986537973085
 20
13.697510795021593
 10
34.268986537973085
 20
12.706908813817629
  0
LWPOLYLINE
  5
4b3
330
1F
100
AcDbEntity
  8
TopSilkLayer
100
AcDbPolyline
 90
4
 70
 1
 43
0.009906019812039625 
 10
33.76098552197105
 20
12.706908813817629
 10
34.040386080772166
 20
12.706908813817629
 10
34.040386080772166
 20
13.697510795021593
 10
33.76098552197105
 20
13.697510795021593
 10
33.76098552197105
 20
12.706908813817629
  0
LWPOLYLINE
  5
4b4
330
1F
100
AcDbEntity
  8
TopSilkLayer
100
AcDbPolyline
 90
4
 70
 1
 43
0.009906019812039625 
 10
33.25298450596902
 20
12.706908813817629
 10
33.53238506477014
 20
12.706908813817629
 10
33.53238506477014
 20
13.697510795021593
 10
33.25298450596902
 20
13.697510795021593
 10
33.25298450596902
 20
12.706908813817629
  0
LWPOLYLINE
  5
4b5
330
1F
100
AcDbEntity
  8
TopSilkLayer
100
AcDbPolyline
 90
4
 70
 1
 43
0.009906019812039625 
 10
32.770383540767085
 20
12.706908813817629
 10
33.04978409956821
 20
12.706908813817629
 10
33.04978409956821
 20
13.697510795021593
 10
32.770383540767085
 20
13.697510795021593
 10
32.770383540767085
 20
12.706908813817629
  0
LWPOLYLINE
  5
4b6
330
1F
100
AcDbEntity
  8
TopSilkLayer
100
AcDbPolyline
 90
4
 70
 1
 43
0.009906019812039625 
 10
32.26238252476506
 20
12.706908813817629
 10
32.54178308356617
 20
12.706908813817629
 10
32.54178308356617
 20
13.697510795021593
 10
32.26238252476506
 20
13.697510795021593
 10
32.26238252476506
 20
12.706908813817629
  0
LWPOLYLINE
  5
4b7
330
1F
100
AcDbEntity
  8
TopSilkLayer
100
AcDbPolyline
 90
4
 70
 1
 43
0.009906019812039625 
 10
31.754381508763025
 20
12.706908813817629
 10
32.03378206756414
 20
12.706908813817629
 10
32.03378206756414
 20
13.697510795021593
 10
31.754381508763025
 20
13.697510795021593
 10
31.754381508763025
 20
12.706908813817629
  0
LWPOLYLINE
  5
4b8
330
1F
100
AcDbEntity
  8
TopSilkLayer
100
AcDbPolyline
 90
4
 70
 1
 43
0.009906019812039625 
 10
31.043180086360174
 20
11.716306832613666
 10
31.043180086360174
 20
11.995707391414784
 10
30.052578105156215
 20
11.995707391414784
 10
30.052578105156215
 20
11.716306832613666
 10
31.043180086360174
 20
11.716306832613666
  0
LWPOLYLINE
  5
4b9
330
1F
100
AcDbEntity
  8
TopSilkLayer
100
AcDbPolyline
 90
4
 70
 1
 43
0.009906019812039625 
 10
31.043180086360174
 20
11.208305816611634
 10
31.043180086360174
 20
11.487706375412753
 10
30.052578105156215
 20
11.487706375412753
 10
30.052578105156215
 20
11.208305816611634
 10
31.043180086360174
 20
11.208305816611634
  0
LWPOLYLINE
  5
4ba
330
1F
100
AcDbEntity
  8
TopSilkLayer
100
AcDbPolyline
 90
4
 70
 1
 43
0.009906019812039625 
 10
31.043180086360174
 20
10.700304800609603
 10
31.043180086360174
 20
10.97970535941072
 10
30.052578105156215
 20
10.97970535941072
 10
30.052578105156215
 20
10.700304800609603
 10
31.043180086360174
 20
10.700304800609603
  0
LWPOLYLINE
  5
4bb
330
1F
100
AcDbEntity
  8
TopSilkLayer
100
AcDbPolyline
 90
4
 70
 1
 43
0.009906019812039625 
 10
31.043180086360174
 20
10.217703835407672
 10
31.043180086360174
 20
10.49710439420879
 10
30.052578105156215
 20
10.49710439420879
 10
30.052578105156215
 20
10.217703835407672
 10
31.043180086360174
 20
10.217703835407672
  0
LWPOLYLINE
  5
4bc
330
1F
100
AcDbEntity
  8
TopSilkLayer
100
AcDbPolyline
 90
4
 70
 1
 43
0.009906019812039625 
 10
31.043180086360174
 20
9.70970281940564
 10
31.043180086360174
 20
9.989103378206758
 10
30.052578105156215
 20
9.989103378206758
 10
30.052578105156215
 20
9.70970281940564
 10
31.043180086360174
 20
9.70970281940564
  0
LWPOLYLINE
  5
4bd
330
1F
100
AcDbEntity
  8
TopSilkLayer
100
AcDbPolyline
 90
4
 70
 1
 43
0.009906019812039625 
 10
31.043180086360174
 20
9.201701803403608
 10
31.043180086360174
 20
9.481102362204727
 10
30.052578105156215
 20
9.481102362204727
 10
30.052578105156215
 20
9.201701803403608
 10
31.043180086360174
 20
9.201701803403608
  0
LWPOLYLINE
  5
4be
330
1F
100
AcDbEntity
  8
TopSilkLayer
100
AcDbPolyline
 90
4
 70
 1
 43
0.009906019812039625 
 10
31.043180086360174
 20
8.719100838201678
 10
31.043180086360174
 20
8.998501397002796
 10
30.052578105156215
 20
8.998501397002796
 10
30.052578105156215
 20
8.719100838201678
 10
31.043180086360174
 20
8.719100838201678
  0
LWPOLYLINE
  5
4bf
330
1F
100
AcDbEntity
  8
TopSilkLayer
100
AcDbPolyline
 90
4
 70
 1
 43
0.009906019812039625 
 10
31.043180086360174
 20
8.211099822199646
 10
31.043180086360174
 20
8.490500381000764
 10
30.052578105156215
 20
8.490500381000764
 10
30.052578105156215
 20
8.211099822199646
 10
31.043180086360174
 20
8.211099822199646
  0
LWPOLYLINE
  5
4c0
330
1F
100
AcDbEntity
  8
TopSilkLayer
100
AcDbPolyline
 90
4
 70
 1
 43
0.009906019812039625 
 10
31.043180086360174
 20
7.703098806197613
 10
31.043180086360174
 20
7.982499364998731
 10
30.052578105156215
 20
7.982499364998731
 10
30.052578105156215
 20
7.703098806197613
 10
31.043180086360174
 20
7.703098806197613
  0
LWPOLYLINE
  5
4c1
330
1F
100
AcDbEntity
  8
TopSilkLayer
100
AcDbPolyline
 90
4
 70
 1
 43
0.009906019812039625 
 10
31.043180086360174
 20
7.220497840995683
 10
31.043180086360174
 20
7.499898399796801
 10
30.052578105156215
 20
7.499898399796801
 10
30.052578105156215
 20
7.220497840995683
 10
31.043180086360174
 20
7.220497840995683
  0
LWPOLYLINE
  5
4c2
330
1F
100
AcDbEntity
  8
TopSilkLayer
100
AcDbPolyline
 90
4
 70
 1
 43
0.009906019812039625 
 10
31.043180086360174
 20
6.712496824993651
 10
31.043180086360174
 20
6.991897383794769
 10
30.052578105156215
 20
6.991897383794769
 10
30.052578105156215
 20
6.712496824993651
 10
31.043180086360174
 20
6.712496824993651
  0
LWPOLYLINE
  5
4c3
330
1F
100
AcDbEntity
  8
TopSilkLayer
100
AcDbPolyline
 90
4
 70
 1
 43
0.009906019812039625 
 10
31.043180086360174
 20
6.204495808991618
 10
31.043180086360174
 20
6.483896367792736
 10
30.052578105156215
 20
6.483896367792736
 10
30.052578105156215
 20
6.204495808991618
 10
31.043180086360174
 20
6.204495808991618
  0
LWPOLYLINE
  5
4c4
330
1F
100
AcDbEntity
  8
TopSilkLayer
100
AcDbPolyline
 90
1
 70
 0
 43
0.009906019812039625 
 10
38.256794513589035
 20
6.763296926593854
 10
36.986791973583955
 20
5.493294386588773
  0
LWPOLYLINE
  5
4c5
330
1F
100
AcDbEntity
  8
TopSilkLayer
100
AcDbPolyline
 90
4
 70
 1
 43
0.009906019812039625 
 10
38.256794513589035
 20
12.706908813817629
 10
31.043180086360174
 20
12.706908813817629
 10
31.043180086360174
 20
5.493294386588773
 10
38.256794513589035
 20
5.493294386588773
 10
38.256794513589035
 20
12.706908813817629
  0
LWPOLYLINE
  5
4c6
330
1F
100
AcDbEntity
  8
Document
100
AcDbPolyline
 90
1
 70
 0
 43
0.10160020320040641 
 10
42.59004318008637
 20
6.4399542799085605
 10
42.59004318008637
 20
10.039903479806961
  0
LWPOLYLINE
  5
4c7
330
1F
100
AcDbEntity
  8
TopSilkLayer
100
AcDbPolyline
 90
1
 70
 0
 43
0.10160020320040641 
 10
42.59004318008637
 20
10.039903479806961
 10
40.68986537973077
 20
10.039903479806961
  0
LWPOLYLINE
  5
4c8
330
1F
100
AcDbEntity
  8
Document
100
AcDbPolyline
 90
1
 70
 0
 43
0.10160020320040641 
 10
40.68986537973077
 20
10.039903479806961
 10
40.68986537973077
 20
6.4399542799085605
  0
LWPOLYLINE
  5
4c9
330
1F
100
AcDbEntity
  8
TopSilkLayer
100
AcDbPolyline
 90
1
 70
 0
 43
0.10160020320040641 
 10
40.68986537973077
 20
6.4399542799085605
 10
42.59004318008637
 20
6.4399542799085605
  0
LWPOLYLINE
  5
4ca
330
1F
100
AcDbEntity
  8
TopSilkLayer
100
AcDbPolyline
 90
1
 70
 0
 43
0.12700025400050802 
 10
19.059944119888243
 20
1.422936245872492
 10
17.43992887985776
 20
1.422936245872492
  0
LWPOLYLINE
  5
4cb
330
1F
100
AcDbEntity
  8
Document
100
AcDbPolyline
 90
1
 70
 0
 43
0.25400050800101603 
 10
17.43992887985776
 20
1.5730505461010924
 10
17.43992887985776
 20
4.417094234188469
  0
LWPOLYLINE
  5
4cc
330
1F
100
AcDbEntity
  8
TopSilkLayer
100
AcDbPolyline
 90
1
 70
 0
 43
0.12700025400050802 
 10
17.43992887985776
 20
4.566954533909068
 10
19.059944119888243
 20
4.566954533909068
  0
LWPOLYLINE
  5
4cd
330
1F
100
AcDbEntity
  8
Document
100
AcDbPolyline
 90
3
 70
 0
 43
0.25400050800101603 
 10
19.059944119888243
 20
4.417094234188469
 10
19.059944119888243
 20
3.4170942341884687
 10
19.059944119888243
 20
2.5730505461010926
 10
19.059944119888243
 20
1.5730505461010924
  0
LWPOLYLINE
  5
4ce
330
1F
100
AcDbEntity
  8
TopSilkLayer
100
AcDbPolyline
 90
1
 70
 0
 43
0.12700025400050802 
 10
19.0500381000762
 20
4.545110490220981
 10
19.0500381000762
 20
4.394996189992381
  0
LWPOLYLINE
  5
4cf
330
1F
100
AcDbEntity
  8
TopSilkLayer
100
AcDbPolyline
 90
1
 70
 0
 43
0.12700025400050802 
 10
17.449834899669803
 20
4.545110490220981
 10
17.449834899669803
 20
4.394996189992381
  0
LWPOLYLINE
  5
4d0
330
1F
100
AcDbEntity
  8
TopSilkLayer
100
AcDbPolyline
 90
1
 70
 0
 43
0.12700025400050802 
 10
17.449834899669803
 20
1.3949961899923802
 10
17.449834899669803
 20
1.5951485902971807
  0
LWPOLYLINE
  5
4d1
330
1F
100
AcDbEntity
  8
TopSilkLayer
100
AcDbPolyline
 90
1
 70
 0
 43
0.12700025400050802 
 10
19.0500381000762
 20
1.4450342900685802
 10
19.0500381000762
 20
1.5951485902971807
  0
LWPOLYLINE
  5
4d2
330
1F
100
AcDbEntity
  8
Document
100
AcDbPolyline
 90
4
 70
 1
 43
0.05080010160020321 
 10
27.683007366014735
 20
-0.07287274574549149
 10
25.71704343408687
 20
-0.07287274574549149
 10
25.71704343408687
 20
3.873025146050293
 10
27.683007366014735
 20
3.873025146050293
 10
27.683007366014735
 20
-0.07287274574549149
  0
LWPOLYLINE
  5
4d3
330
1F
100
AcDbEntity
  8
Document
100
AcDbPolyline
 90
1
 70
 0
 43
0.10160020320040641 
 10
26.039878079756164
 20
1.518948437896876
 10
26.039878079756164
 20
2.2809499618999243
  0
LWPOLYLINE
  5
4d4
330
1F
100
AcDbEntity
  8
Document
100
AcDbPolyline
 90
1
 70
 0
 43
0.10160020320040641 
 10
27.359918719837445
 20
1.5440944881889767
 10
27.359918719837445
 20
2.2809499618999243
  0
LWPOLYLINE
  5
4d5
330
1F
100
AcDbEntity
  8
Document
100
AcDbPolyline
 90
4
 70
 1
 43
0.05080010160020321 
 10
20.207010414020832
 20
2.6370586741173483
 10
20.207010414020832
 20
4.603022606045212
 10
24.152908305816617
 20
4.603022606045212
 10
24.152908305816617
 20
2.6370586741173483
 10
20.207010414020832
 20
2.6370586741173483
  0
LWPOLYLINE
  5
4d6
330
1F
100
AcDbEntity
  8
Document
100
AcDbPolyline
 90
1
 70
 0
 43
0.10160020320040641 
 10
21.7988315976632
 20
4.279933959867921
 10
22.560833121666246
 20
4.279933959867921
  0
LWPOLYLINE
  5
4d7
330
1F
100
AcDbEntity
  8
Document
100
AcDbPolyline
 90
1
 70
 0
 43
0.10160020320040641 
 10
21.8239776479553
 20
2.9601473202946407
 10
22.560833121666246
 20
2.9601473202946407
  0
LWPOLYLINE
  5
4d8
330
1F
100
AcDbEntity
  8
Document
100
AcDbPolyline
 90
4
 70
 1
 43
0.05080010160020321 
 10
23.98704597409195
 20
0.42700025400050806
 10
23.98704597409195
 20
3.373152146304293
 10
25.953009906019815
 20
3.373152146304293
 10
25.953009906019815
 20
0.42700025400050806
 10
23.98704597409195
 20
0.42700025400050806
  0
LWPOLYLINE
  5
4d9
330
1F
100
AcDbEntity
  8
Document
100
AcDbPolyline
 90
1
 70
 0
 43
0.10160020320040641 
 10
24.537973075946155
 20
1.5440944881889767
 10
24.537973075946155
 20
2.2560579121158244
  0
LWPOLYLINE
  5
4da
330
1F
100
AcDbEntity
  8
Document
100
AcDbPolyline
 90
1
 70
 0
 43
0.10160020320040641 
 10
25.38887477774956
 20
1.5440944881889767
 10
25.38887477774956
 20
2.2560579121158244
  0
LWPOLYLINE
  5
4db
330
1F
100
AcDbEntity
  8
Document
100
AcDbPolyline
 90
4
 70
 1
 43
0.05080010160020321 
 10
20.70688341376683
 20
6.165633731267463
 10
23.653035306070613
 20
6.165633731267463
 10
23.653035306070613
 20
4.199415798831598
 10
20.70688341376683
 20
4.199415798831598
 10
20.70688341376683
 20
6.165633731267463
  0
LWPOLYLINE
  5
4dc
330
1F
100
AcDbEntity
  8
Document
100
AcDbPolyline
 90
1
 70
 0
 43
0.10160020320040641 
 10
21.8239776479553
 20
5.6144526289052585
 10
22.535941071882146
 20
5.6144526289052585
  0
LWPOLYLINE
  5
4dd
330
1F
100
AcDbEntity
  8
Document
100
AcDbPolyline
 90
1
 70
 0
 43
0.10160020320040641 
 10
21.8239776479553
 20
4.763550927101855
 10
22.535941071882146
 20
4.763550927101855
  0
LWPOLYLINE
  5
4de
330
1F
100
AcDbEntity
  8
Document
100
AcDbPolyline
 90
4
 70
 1
 43
0.05080010160020321 
 10
20.70688341376683
 20
3.040411480822962
 10
23.653035306070613
 20
3.040411480822962
 10
23.653035306070613
 20
1.074447548895098
 10
20.70688341376683
 20
1.074447548895098
 10
20.70688341376683
 20
3.040411480822962
  0
LWPOLYLINE
  5
4df
330
1F
100
AcDbEntity
  8
Document
100
AcDbPolyline
 90
1
 70
 0
 43
0.10160020320040641 
 10
21.8239776479553
 20
2.489484378968758
 10
22.535941071882146
 20
2.489484378968758
  0
LWPOLYLINE
  5
4e0
330
1F
100
AcDbEntity
  8
Document
100
AcDbPolyline
 90
1
 70
 0
 43
0.10160020320040641 
 10
21.8239776479553
 20
1.6385826771653547
 10
22.535941071882146
 20
1.6385826771653547
  0
LWPOLYLINE
  5
4e1
330
1F
100
AcDbEntity
  8
Document
100
AcDbPolyline
 90
1
 70
 0
 43
0.15240030480060962 
 10
42.689890779781564
 20
11.935026670053341
 10
43.51005842011684
 20
11.935026670053341
  0
LWPOLYLINE
  5
4e2
330
1F
100
AcDbEntity
  8
Document
100
AcDbPolyline
 90
1
 70
 0
 43
0.15240030480060962 
 10
42.689890779781564
 20
10.66502413004826
 10
43.51005842011684
 20
10.66502413004826
  0
LWPOLYLINE
  5
4e3
330
1F
100
AcDbEntity
  8
Document
100
AcDbPolyline
 90
4
 70
 1
 43
0.05080010160020321 
 10
41.12702565405131
 20
12.283007366014733
 10
45.072923545847104
 20
12.283007366014733
 10
45.072923545847104
 20
10.31704343408687
 10
41.12702565405131
 20
10.31704343408687
 10
41.12702565405131
 20
12.283007366014733
  0
LWPOLYLINE
  5
4e4
330
1F
100
AcDbEntity
  8
Document
100
AcDbPolyline
 90
1
 70
 0
 43
0.15240030480060962 
 10
36.51005842011684
 20
14.865049530099062
 10
35.690144780289565
 20
14.865049530099062
  0
LWPOLYLINE
  5
4e5
330
1F
100
AcDbEntity
  8
Document
100
AcDbPolyline
 90
1
 70
 0
 43
0.15240030480060962 
 10
36.51005842011684
 20
16.13505207010414
 10
35.690144780289565
 20
16.13505207010414
  0
LWPOLYLINE
  5
4e6
330
1F
100
AcDbEntity
  8
Document
100
AcDbPolyline
 90
4
 70
 1
 43
0.05080010160020321 
 10
38.0731775463551
 20
14.517068834137671
 10
34.12702565405131
 20
14.517068834137671
 10
34.12702565405131
 20
16.483032766065534
 10
38.0731775463551
 20
16.483032766065534
 10
38.0731775463551
 20
14.517068834137671
  0
LWPOLYLINE
  5
4e7
330
1F
100
AcDbEntity
  8
Document
100
AcDbPolyline
 90
4
 70
 1
 43
0.12700025400050802 
 10
0
 20
15.000025400050802
 10
8.700025400050801
 20
15.000025400050802
 10
8.700025400050801
 20
3.0000254000508004
 10
0
 20
3.0000254000508004
 10
0
 20
15.000025400050802
  0
LWPOLYLINE
  5
4e8
330
1F
100
AcDbEntity
  8
TopSilkLayer
100
AcDbPolyline
 90
27
 70
 0
 43
0.15240030480060962 
 10
52.39006858013717
 20
11.005080010160022
 10
53.02506985013971
 20
11.640081280162562
 10
54.29507239014479
 20
11.640081280162562
 10
54.93007366014733
 20
11.005080010160022
 10
54.93007366014733
 20
7.195072390144782
 10
54.29507239014479
 20
6.560071120142242
 10
53.02506985013971
 20
6.560071120142242
 10
52.39006858013717
 20
7.195072390144782
 10
52.39006858013717
 20
11.005080010160022
 10
51.75506731013463
 20
11.640081280162562
 10
50.48506477012955
 20
11.640081280162562
 10
49.85006350012701
 20
11.005080010160022
 10
49.21506223012447
 20
11.640081280162562
 10
47.945059690119386
 20
11.640081280162562
 10
47.310058420116846
 20
11.005080010160022
 10
46.675057150114306
 20
11.640081280162562
 10
45.405054610109225
 20
11.640081280162562
 10
44.770053340106685
 20
11.005080010160022
 10
44.770053340106685
 20
7.195072390144782
 10
45.405054610109225
 20
6.560071120142242
 10
46.675057150114306
 20
6.560071120142242
 10
47.310058420116846
 20
7.195072390144782
 10
47.945059690119386
 20
6.560071120142242
 10
49.21506223012447
 20
6.560071120142242
 10
49.85006350012701
 20
7.195072390144782
 10
50.48506477012955
 20
6.560071120142242
 10
51.75506731013463
 20
6.560071120142242
 10
52.39006858013717
 20
7.195072390144782
  0
LWPOLYLINE
  5
4e9
330
1F
100
AcDbEntity
  8
TopSilkLayer
100
AcDbPolyline
 90
1
 70
 0
 43
0.15240030480060962 
 10
47.310058420116846
 20
11.005080010160022
 10
47.310058420116846
 20
7.195072390144782
  0
LWPOLYLINE
  5
4ea
330
1F
100
AcDbEntity
  8
TopSilkLayer
100
AcDbPolyline
 90
1
 70
 0
 43
0.15240030480060962 
 10
49.85006350012701
 20
11.005080010160022
 10
49.85006350012701
 20
7.195072390144782
  0
LWPOLYLINE
  5
4eb
330
1F
100
AcDbEntity
  8
Document
100
AcDbPolyline
 90
1
 70
 0
 43
0.15240030480060962 
 10
57.61036322072645
 20
10.36502413004826
 10
56.79019558039117
 20
10.36502413004826
  0
LWPOLYLINE
  5
4ec
330
1F
100
AcDbEntity
  8
Document
100
AcDbPolyline
 90
1
 70
 0
 43
0.15240030480060962 
 10
57.61036322072645
 20
11.63502667005334
 10
56.79019558039117
 20
11.63502667005334
  0
LWPOLYLINE
  5
4ed
330
1F
100
AcDbEntity
  8
Document
100
AcDbPolyline
 90
4
 70
 1
 43
0.05080010160020321 
 10
59.173228346456696
 20
10.017043434086869
 10
55.227330454660915
 20
10.017043434086869
 10
55.227330454660915
 20
11.983007366014734
 10
59.173228346456696
 20
11.983007366014734
 10
59.173228346456696
 20
10.017043434086869
  0
LWPOLYLINE
  5
4ee
330
1F
100
AcDbEntity
  8
Document
100
AcDbPolyline
 90
1
 70
 0
 43
0.15240030480060962 
 10
57.61036322072645
 20
8.465024130048262
 10
56.79019558039117
 20
8.465024130048262
  0
LWPOLYLINE
  5
4ef
330
1F
100
AcDbEntity
  8
Document
100
AcDbPolyline
 90
1
 70
 0
 43
0.15240030480060962 
 10
57.61036322072645
 20
9.73502667005334
 10
56.79019558039117
 20
9.73502667005334
  0
LWPOLYLINE
  5
4f0
330
1F
100
AcDbEntity
  8
Document
100
AcDbPolyline
 90
4
 70
 1
 43
0.05080010160020321 
 10
59.173228346456696
 20
8.11704343408687
 10
55.227330454660915
 20
8.11704343408687
 10
55.227330454660915
 20
10.083007366014733
 10
59.173228346456696
 20
10.083007366014733
 10
59.173228346456696
 20
8.11704343408687
  0
LWPOLYLINE
  5
4f1
330
1F
100
AcDbEntity
  8
Document
100
AcDbPolyline
 90
1
 70
 0
 43
0.15240030480060962 
 10
57.61036322072645
 20
6.56502413004826
 10
56.79019558039117
 20
6.56502413004826
  0
LWPOLYLINE
  5
4f2
330
1F
100
AcDbEntity
  8
Document
100
AcDbPolyline
 90
1
 70
 0
 43
0.15240030480060962 
 10
57.61036322072645
 20
7.835026670053341
 10
56.79019558039117
 20
7.835026670053341
  0
LWPOLYLINE
  5
4f3
330
1F
100
AcDbEntity
  8
Document
100
AcDbPolyline
 90
4
 70
 1
 43
0.05080010160020321 
 10
59.173228346456696
 20
6.217043434086869
 10
55.227330454660915
 20
6.217043434086869
 10
55.227330454660915
 20
8.183007366014733
 10
59.173228346456696
 20
8.183007366014733
 10
59.173228346456696
 20
6.217043434086869
  0
LWPOLYLINE
  5
4f4
330
1F
100
AcDbEntity
  8
Document
100
AcDbPolyline
 90
1
 70
 0
 43
0.15240030480060962 
 10
57.46515113030227
 20
3.6900431800863607
 10
57.46515113030227
 20
4.509956819913641
  0
LWPOLYLINE
  5
4f5
330
1F
100
AcDbEntity
  8
Document
100
AcDbPolyline
 90
1
 70
 0
 43
0.15240030480060962 
 10
58.73515367030735
 20
3.6900431800863607
 10
58.73515367030735
 20
4.509956819913641
  0
LWPOLYLINE
  5
4f6
330
1F
100
AcDbEntity
  8
Document
100
AcDbPolyline
 90
4
 70
 1
 43
0.05080010160020321 
 10
57.11717043434088
 20
2.126924053848108
 10
57.11717043434088
 20
6.073075946151893
 10
59.083134366268744
 20
6.073075946151893
 10
59.083134366268744
 20
2.126924053848108
 10
57.11717043434088
 20
2.126924053848108
  0
LWPOLYLINE
  5
4f7
330
1F
100
AcDbEntity
  8
Document
100
AcDbPolyline
 90
1
 70
 0
 43
0.15240030480060962 
 10
17.039954279908564
 20
8.33502667005334
 10
17.85986791973584
 20
8.33502667005334
  0
LWPOLYLINE
  5
4f8
330
1F
100
AcDbEntity
  8
Document
100
AcDbPolyline
 90
1
 70
 0
 43
0.15240030480060962 
 10
17.039954279908564
 20
7.065024130048261
 10
17.85986791973584
 20
7.065024130048261
  0
LWPOLYLINE
  5
4f9
330
1F
100
AcDbEntity
  8
Document
100
AcDbPolyline
 90
4
 70
 1
 43
0.05080010160020321 
 10
15.476835153670308
 20
8.683007366014733
 10
19.422987045974093
 20
8.683007366014733
 10
19.422987045974093
 20
6.717043434086869
 10
15.476835153670308
 20
6.717043434086869
 10
15.476835153670308
 20
8.683007366014733
  0
LWPOLYLINE
  5
4fa
330
1F
100
AcDbEntity
  8
Document
100
AcDbPolyline
 90
1
 70
 0
 43
0.15240030480060962 
 10
17.090093980187962
 20
13.335026670053342
 10
17.910007620015243
 20
13.335026670053342
  0
LWPOLYLINE
  5
4fb
330
1F
100
AcDbEntity
  8
Document
100
AcDbPolyline
 90
1
 70
 0
 43
0.15240030480060962 
 10
17.090093980187962
 20
12.065024130048261
 10
17.910007620015243
 20
12.065024130048261
  0
LWPOLYLINE
  5
4fc
330
1F
100
AcDbEntity
  8
Document
100
AcDbPolyline
 90
4
 70
 1
 43
0.05080010160020321 
 10
15.52697485394971
 20
13.683007366014733
 10
19.473126746253495
 20
13.683007366014733
 10
19.473126746253495
 20
11.71704343408687
 10
15.52697485394971
 20
11.71704343408687
 10
15.52697485394971
 20
13.683007366014733
  0
LWPOLYLINE
  5
4fd
330
1F
100
AcDbEntity
  8
Document
100
AcDbPolyline
 90
1
 70
 0
 43
0.15240030480060962 
 10
17.090093980187962
 20
10.635026670053342
 10
17.910007620015243
 20
10.635026670053342
  0
LWPOLYLINE
  5
4fe
330
1F
100
AcDbEntity
  8
Document
100
AcDbPolyline
 90
1
 70
 0
 43
0.15240030480060962 
 10
17.090093980187962
 20
9.365024130048262
 10
17.910007620015243
 20
9.365024130048262
  0
LWPOLYLINE
  5
4ff
330
1F
100
AcDbEntity
  8
Document
100
AcDbPolyline
 90
4
 70
 1
 43
0.05080010160020321 
 10
15.52697485394971
 20
10.983007366014734
 10
19.473126746253495
 20
10.983007366014734
 10
19.473126746253495
 20
9.01704343408687
 10
15.52697485394971
 20
9.01704343408687
 10
15.52697485394971
 20
10.983007366014734
  0
LWPOLYLINE
  5
500
330
1F
100
AcDbEntity
  8
TopSilkLayer
100
AcDbPolyline
 90
8
 70
 1
 43
0.15240030480060962 
 10
45.405054610109225
 20
4.170078740157481
 10
46.040055880111765
 20
3.535077470154941
 10
46.040055880111765
 20
2.2650749301498605
 10
45.405054610109225
 20
1.6300736601473205
 10
44.135052070104145
 20
1.6300736601473205
 10
43.500050800101604
 20
2.2650749301498605
 10
43.500050800101604
 20
3.535077470154941
 10
44.135052070104145
 20
4.170078740157481
 10
45.405054610109225
 20
4.170078740157481
  0
LWPOLYLINE
  5
501
330
1F
100
AcDbEntity
  8
TopSilkLayer
100
AcDbPolyline
 90
8
 70
 1
 43
0.15240030480060962 
 10
41.595046990093984
 20
1.6300736601473205
 10
40.96004572009144
 20
2.2650749301498605
 10
40.96004572009144
 20
3.535077470154941
 10
41.595046990093984
 20
4.170078740157481
 10
42.865049530099064
 20
4.170078740157481
 10
43.500050800101604
 20
3.535077470154941
 10
43.500050800101604
 20
2.2650749301498605
 10
42.865049530099064
 20
1.6300736601473205
 10
41.595046990093984
 20
1.6300736601473205
  0
LWPOLYLINE
  5
502
330
1F
100
AcDbEntity
  8
TopSilkLayer
100
AcDbPolyline
 90
8
 70
 1
 43
0.15240030480060962 
 10
40.700025400050805
 20
15.735102870205743
 10
41.335026670053345
 20
16.370104140208284
 10
42.605029210058426
 20
16.370104140208284
 10
43.240030480060966
 20
15.735102870205743
 10
43.240030480060966
 20
14.465100330200663
 10
42.605029210058426
 20
13.830099060198123
 10
41.335026670053345
 20
13.830099060198123
 10
40.700025400050805
 20
14.465100330200663
 10
40.700025400050805
 20
15.735102870205743
  0
LWPOLYLINE
  5
503
330
1F
100
AcDbEntity
  8
TopSilkLayer
100
AcDbPolyline
 90
8
 70
 1
 43
0.15240030480060962 
 10
40.065024130048265
 20
16.370104140208284
 10
40.700025400050805
 20
15.735102870205743
 10
40.700025400050805
 20
14.465100330200663
 10
40.065024130048265
 20
13.830099060198123
 10
38.795021590043184
 20
13.830099060198123
 10
38.160020320040644
 20
14.465100330200663
 10
38.160020320040644
 20
15.735102870205743
 10
38.795021590043184
 20
16.370104140208284
 10
40.065024130048265
 20
16.370104140208284
  0
LWPOLYLINE
  5
504
330
1F
100
AcDbEntity
  8
TopSilkLayer
100
AcDbPolyline
 90
8
 70
 1
 43
0.15240030480060962 
 10
45.14503429006859
 20
16.370104140208284
 10
45.78003556007113
 20
15.735102870205743
 10
45.78003556007113
 20
14.465100330200663
 10
45.14503429006859
 20
13.830099060198123
 10
43.875031750063506
 20
13.830099060198123
 10
43.240030480060966
 20
14.465100330200663
 10
43.240030480060966
 20
15.735102870205743
 10
43.875031750063506
 20
16.370104140208284
 10
45.14503429006859
 20
16.370104140208284
  0
LWPOLYLINE
  5
505
330
1F
100
AcDbEntity
  8
TopSilkLayer
100
AcDbPolyline
 90
8
 70
 1
 43
0.15240030480060962 
 10
47.68478536957075
 20
16.370104140208284
 10
48.31978663957329
 20
15.735102870205743
 10
48.31978663957329
 20
14.465100330200663
 10
47.68478536957075
 20
13.830099060198123
 10
46.41503683007367
 20
13.830099060198123
 10
45.78003556007113
 20
14.465100330200663
 10
45.78003556007113
 20
15.735102870205743
 10
46.41503683007367
 20
16.370104140208284
 10
47.68478536957075
 20
16.370104140208284
  0
LWPOLYLINE
  5
506
330
1F
100
AcDbEntity
  8
TopSilkLayer
100
AcDbPolyline
 90
8
 70
 1
 43
0.15240030480060962 
 10
26.244856489712983
 20
6.370104140208281
 10
26.879857759715524
 20
5.735102870205742
 10
26.879857759715524
 20
4.465100330200661
 10
26.244856489712983
 20
3.830099060198121
 10
24.974853949707903
 20
3.830099060198121
 10
24.339852679705363
 20
4.465100330200661
 10
24.339852679705363
 20
5.735102870205742
 10
24.974853949707903
 20
6.370104140208281
 10
26.244856489712983
 20
6.370104140208281
  0
LWPOLYLINE
  5
507
330
1F
100
AcDbEntity
  8
TopSilkLayer
100
AcDbPolyline
 90
8
 70
 1
 43
0.15240030480060962 
 10
26.244856489712983
 20
8.910109220218441
 10
26.879857759715524
 20
8.2751079502159
 10
26.879857759715524
 20
7.005105410210821
 10
26.244856489712983
 20
6.370104140208281
 10
24.974853949707903
 20
6.370104140208281
 10
24.339852679705363
 20
7.005105410210821
 10
24.339852679705363
 20
8.2751079502159
 10
24.974853949707903
 20
8.910109220218441
 10
26.244856489712983
 20
8.910109220218441
  0
LWPOLYLINE
  5
508
330
1F
100
AcDbEntity
  8
TopSilkLayer
100
AcDbPolyline
 90
8
 70
 1
 43
0.15240030480060962 
 10
26.244856489712983
 20
11.4501143002286
 10
26.879857759715524
 20
10.815113030226062
 10
26.879857759715524
 20
9.545110490220981
 10
26.244856489712983
 20
8.910109220218441
 10
24.974853949707903
 20
8.910109220218441
 10
24.339852679705363
 20
9.545110490220981
 10
24.339852679705363
 20
10.815113030226062
 10
24.974853949707903
 20
11.4501143002286
 10
26.244856489712983
 20
11.4501143002286
  0
LWPOLYLINE
  5
509
330
1F
100
AcDbEntity
  8
TopSilkLayer
100
AcDbPolyline
 90
8
 70
 1
 43
0.15240030480060962 
 10
26.244856489712983
 20
13.990119380238761
 10
26.879857759715524
 20
13.355118110236221
 10
26.879857759715524
 20
12.08511557023114
 10
26.244856489712983
 20
11.4501143002286
 10
24.974853949707903
 20
11.4501143002286
 10
24.339852679705363
 20
12.08511557023114
 10
24.339852679705363
 20
13.355118110236221
 10
24.974853949707903
 20
13.990119380238761
 10
26.244856489712983
 20
13.990119380238761
  0
LWPOLYLINE
  5
50a
330
1F
100
AcDbEntity
  8
TopSilkLayer
100
AcDbPolyline
 90
8
 70
 1
 43
0.15240030480060962 
 10
59.66535433070867
 20
9.040132080264161
 10
59.030353060706126
 20
9.675133350266702
 10
59.030353060706126
 20
10.945135890271782
 10
59.66535433070867
 20
11.580137160274322
 10
60.93535687071375
 20
11.580137160274322
 10
61.57035814071629
 20
10.945135890271782
 10
61.57035814071629
 20
9.675133350266702
 10
60.93535687071375
 20
9.040132080264161
 10
59.66535433070867
 20
9.040132080264161
  0
LWPOLYLINE
  5
50b
330
1F
100
AcDbEntity
  8
TopSilkLayer
100
AcDbPolyline
 90
8
 70
 1
 43
0.15240030480060962 
 10
59.030353060706126
 20
16.025146050292104
 10
59.66535433070867
 20
16.66014732029464
 10
60.93535687071375
 20
16.66014732029464
 10
61.57035814071629
 20
16.025146050292104
 10
61.57035814071629
 20
14.755143510287022
 10
60.93535687071375
 20
14.120142240284483
 10
59.66535433070867
 20
14.120142240284483
 10
59.030353060706126
 20
14.755143510287022
 10
59.030353060706126
 20
16.025146050292104
  0
LWPOLYLINE
  5
50c
330
1F
100
AcDbEntity
  8
TopSilkLayer
100
AcDbPolyline
 90
8
 70
 1
 43
0.15240030480060962 
 10
59.66535433070867
 20
6.500127000254001
 10
59.030353060706126
 20
7.1351282702565415
 10
59.030353060706126
 20
8.405130810261621
 10
59.66535433070867
 20
9.040132080264161
 10
60.93535687071375
 20
9.040132080264161
 10
61.57035814071629
 20
8.405130810261621
 10
61.57035814071629
 20
7.1351282702565415
 10
60.93535687071375
 20
6.500127000254001
 10
59.66535433070867
 20
6.500127000254001
  0
LWPOLYLINE
  5
50d
330
1F
100
AcDbEntity
  8
TopSilkLayer
100
AcDbPolyline
 90
8
 70
 1
 43
0.15240030480060962 
 10
59.66535433070867
 20
3.9601219202438407
 10
59.030353060706126
 20
4.595123190246381
 10
59.030353060706126
 20
5.865125730251462
 10
59.66535433070867
 20
6.500127000254001
 10
60.93535687071375
 20
6.500127000254001
 10
61.57035814071629
 20
5.865125730251462
 10
61.57035814071629
 20
4.595123190246381
 10
60.93535687071375
 20
3.9601219202438407
 10
59.66535433070867
 20
3.9601219202438407
  0
LWPOLYLINE
  5
50e
330
1F
100
AcDbEntity
  8
TopSilkLayer
100
AcDbPolyline
 90
8
 70
 1
 43
0.15240030480060962 
 10
59.66535433070867
 20
1.4201168402336808
 10
59.030353060706126
 20
2.0551181102362204
 10
59.030353060706126
 20
3.325120650241301
 10
59.66535433070867
 20
3.9601219202438407
 10
60.93535687071375
 20
3.9601219202438407
 10
61.57035814071629
 20
3.325120650241301
 10
61.57035814071629
 20
2.0551181102362204
 10
60.93535687071375
 20
1.4201168402336808
 10
59.66535433070867
 20
1.4201168402336808
  0
LWPOLYLINE
  5
50f
330
1F
100
AcDbEntity
  8
TopSilkLayer
100
AcDbPolyline
 90
8
 70
 1
 43
0.15240030480060962 
 10
54.83489966979935
 20
14.730022860045722
 10
54.19989839979681
 20
15.365024130048262
 10
54.19989839979681
 20
16.63502667005334
 10
54.83489966979935
 20
17.27002794005588
 10
56.10490220980443
 20
17.27002794005588
 10
56.73990347980697
 20
16.63502667005334
 10
56.73990347980697
 20
15.365024130048262
 10
56.10490220980443
 20
14.730022860045722
 10
54.83489966979935
 20
14.730022860045722
  0
LWPOLYLINE
  5
510
330
1F
100
AcDbEntity
  8
TopSilkLayer
100
AcDbPolyline
 90
8
 70
 1
 43
0.15240030480060962 
 10
54.83489966979935
 20
0.7300228600457201
 10
54.19989839979681
 20
1.3650241300482604
 10
54.19989839979681
 20
2.6350266700533407
 10
54.83489966979935
 20
3.2700279400558805
 10
56.10490220980443
 20
3.2700279400558805
 10
56.73990347980697
 20
2.6350266700533407
 10
56.73990347980697
 20
1.3650241300482604
 10
56.10490220980443
 20
0.7300228600457201
 10
54.83489966979935
 20
0.7300228600457201
  0
LWPOLYLINE
  5
511
330
1F
100
AcDbEntity
  8
TopSilkLayer
100
AcDbPolyline
 90
8
 70
 1
 43
0.15240030480060962 
 10
52.29489458978919
 20
0.7300228600457201
 10
51.65989331978665
 20
1.3650241300482604
 10
51.65989331978665
 20
2.6350266700533407
 10
52.29489458978919
 20
3.2700279400558805
 10
53.56489712979427
 20
3.2700279400558805
 10
54.19989839979681
 20
2.6350266700533407
 10
54.19989839979681
 20
1.3650241300482604
 10
53.56489712979427
 20
0.7300228600457201
 10
52.29489458978919
 20
0.7300228600457201
  0
LWPOLYLINE
  5
512
330
1F
100
AcDbEntity
  8
TopSilkLayer
100
AcDbPolyline
 90
8
 70
 1
 43
0.15240030480060962 
 10
52.29489458978919
 20
14.730022860045722
 10
51.65989331978665
 20
15.365024130048262
 10
51.65989331978665
 20
16.63502667005334
 10
52.29489458978919
 20
17.27002794005588
 10
53.56489712979427
 20
17.27002794005588
 10
54.19989839979681
 20
16.63502667005334
 10
54.19989839979681
 20
15.365024130048262
 10
53.56489712979427
 20
14.730022860045722
 10
52.29489458978919
 20
14.730022860045722
  0
LWPOLYLINE
  5
513
330
1F
100
AcDbEntity
  8
TopSilkLayer
100
AcDbPolyline
 90
8
 70
 1
 43
0.15240030480060962 
 10
47.945059690119386
 20
4.170205740411481
 10
48.580060960121926
 20
3.5352044704089414
 10
48.580060960121926
 20
2.2652019304038613
 10
47.945059690119386
 20
1.630200660401321
 10
46.675057150114306
 20
1.630200660401321
 10
46.040055880111765
 20
2.2652019304038613
 10
46.040055880111765
 20
3.5352044704089414
 10
46.675057150114306
 20
4.170205740411481
 10
47.945059690119386
 20
4.170205740411481
  0
LWPOLYLINE
  5
514
330
1F
100
AcDbEntity
  8
TopSilkLayer
100
AcDbPolyline
 90
8
 70
 1
 43
0.15240030480060962 
 10
50.48506477012955
 20
4.170078740157481
 10
51.12006604013209
 20
3.535077470154941
 10
51.12006604013209
 20
2.2650749301498605
 10
50.48506477012955
 20
1.6300736601473205
 10
49.21506223012447
 20
1.6300736601473205
 10
48.580060960121926
 20
2.2650749301498605
 10
48.580060960121926
 20
3.535077470154941
 10
49.21506223012447
 20
4.170078740157481
 10
50.48506477012955
 20
4.170078740157481
  0
ARC
  5
515
330
1F
100
AcDbEntity
  8
BoardOutline
100
AcDbCircle
 10
60.000127000254004
 20
16.000025400050806
 30
0.0
 40
2
100
AcDbArc
 50
0
 51
90
  0
ARC
  5
516
330
1F
100
AcDbEntity
  8
BoardOutline
100
AcDbCircle
 10
60.000127000254004
 20
2
 30
0.0
 40
2
100
AcDbArc
 50
270
 51
0
  0
ARC
  5
517
330
1F
100
AcDbEntity
  8
BoardOutline
100
AcDbCircle
 10
14.000050800101603
 20
16.000050800101604
 30
0.0
 40
2
100
AcDbArc
 50
90
 51
180
  0
ARC
  5
518
330
1F
100
AcDbEntity
  8
BoardOutline
100
AcDbCircle
 10
14.000050800101603
 20
2
 30
0.0
 40
2
100
AcDbArc
 50
180
 51
270
0
TEXT
5
903
100
AcDbEntity
8
BottomSilkLayer
7

461
1.4224028448056898
100
AcDbText
10
41.247904495809
20
4.544069088138177
30
0
40
1.4224028448056898
1
DKLed
50
270
71
2
100
AcDbText
0
TEXT
5
904
100
AcDbEntity
8
BottomSilkLayer
7

461
1.0160020320040641
100
AcDbText
10
15.556007112014225
20
11.858013716027434
30
0
40
1.0160020320040641
1
GND
50
270
71
2
100
AcDbText
0
TEXT
5
905
100
AcDbEntity
8
BottomSilkLayer
7

461
0.8128016256032513
100
AcDbText
10
16.003810007620018
20
1.8879857759715521
30
0
40
0.8128016256032513
1
ON/OFF
50
270
71
2
100
AcDbText
0
TEXT
5
906
100
AcDbEntity
8
BottomSilkLayer
7

461
1.0160020320040641
100
AcDbText
10
47.91414782829566
20
4.420116840233681
30
0
40
1.0160020320040641
1
RX1
50
270
71
2
100
AcDbText
0
TEXT
5
907
100
AcDbEntity
8
BottomSilkLayer
7

461
1.0160020320040641
100
AcDbText
10
54.08407416814835
20
3.4899669799339605
30
0
40
1.0160020320040641
1
GND
50
285
71
2
100
AcDbText
0
TEXT
5
908
100
AcDbEntity
8
BottomSilkLayer
7

461
1.0160020320040641
100
AcDbText
10
51.53390906781814
20
12.130048260096522
30
0
40
1.0160020320040641
1
+5V
50
255
71
2
100
AcDbText
0
TEXT
5
909
100
AcDbEntity
8
BottomSilkLayer
7

461
1.0160020320040641
100
AcDbText
10
45.29413258826518
20
4.420116840233681
30
0
40
1.0160020320040641
1
TX1
50
270
71
2
100
AcDbText
0
TEXT
5
90a
100
AcDbEntity
8
BottomSilkLayer
7

461
1.0160020320040641
100
AcDbText
10
45.46380492760986
20
11.510033020066041
30
0
40
1.0160020320040641
1
TX2
50
270
71
2
100
AcDbText
0
TEXT
5
90b
100
AcDbEntity
8
BottomSilkLayer
7

461
1
100
AcDbText
10
56.29972059944121
20
6.3898907797815605
30
0
40
1
1
BTN
50
270
71
2
100
AcDbText
0
TEXT
5
90c
100
AcDbEntity
8
BottomSilkLayer
7

461
1.0160020320040641
100
AcDbText
10
40.68173736347473
20
0.38023876047752103
30
0
40
1.0160020320040641
1
OUT
50
360
71
2
100
AcDbText
0
TEXT
5
90d
100
AcDbEntity
8
BottomSilkLayer
7

461
1.0160020320040641
100
AcDbText
10
51.09601219202439
20
16.59004318008636
30
0
40
1.0160020320040641
1
OUT
50
360
71
2
100
AcDbText
0
TEXT
5
90e
100
AcDbEntity
8
BottomSilkLayer
7

461
1.0160020320040641
100
AcDbText
10
51.90398780797562
20
3.2700025400050805
30
0
40
1.0160020320040641
1
+5V
50
285
71
2
100
AcDbText
0
TEXT
5
90f
100
AcDbEntity
8
BottomSilkLayer
7

461
1.0160020320040641
100
AcDbText
10
53.74396748793498
20
12.210058420116841
30
0
40
1.0160020320040641
1
GND
50
255
71
2
100
AcDbText
0
TEXT
5
910
100
AcDbEntity
8
BottomSilkLayer
7

461
1.0160020320040641
100
AcDbText
10
47.85394970789942
20
11.600203200406403
30
0
40
1.0160020320040641
1
RX2
50
270
71
2
100
AcDbText
0
TEXT
5
911
100
AcDbEntity
8
BottomSilkLayer
7

461
1.0160020320040641
100
AcDbText
10
57.499872999746
20
14.189992379984762
30
0
40
1.0160020320040641
1
GND
50
270
71
2
100
AcDbText
0
TEXT
5
912
100
AcDbEntity
8
BottomSilkLayer
7

461
1.0160020320040641
100
AcDbText
10
23.2240284480569
20
3.6520193040386086
30
0
40
1.0160020320040641
1
+3V
50
270
71
2
100
AcDbText
0
TEXT
5
913
100
AcDbEntity
8
BottomSilkLayer
7

461
1.0160020320040641
100
AcDbText
10
39.75996951993905
20
16.59004318008636
30
0
40
1.0160020320040641
1
2
50
360
71
2
100
AcDbText
0
TEXT
5
914
100
AcDbEntity
8
BottomSilkLayer
7

461
1.0160020320040641
100
AcDbText
10
42.29997459994921
20
16.59004318008636
30
0
40
1.0160020320040641
1
3
50
360
71
2
100
AcDbText
0
TEXT
5
915
100
AcDbEntity
8
BottomSilkLayer
7

461
1.0160020320040641
100
AcDbText
10
44.76428752857507
20
16.598425196850396
30
0
40
1.0160020320040641
1
4
50
360
71
2
100
AcDbText
0
TEXT
5
916
100
AcDbEntity
8
BottomSilkLayer
7

461
1.0160020320040641
100
AcDbText
10
42.530099060198125
20
0.3881127762255525
30
0
40
1.0160020320040641
1
0
50
360
71
2
100
AcDbText
0
TEXT
5
917
100
AcDbEntity
8
BottomSilkLayer
7

461
1.0160020320040641
100
AcDbText
10
45.02997205994413
20
0.3883667767335535
30
0
40
1.0160020320040641
1
1
50
360
71
2
100
AcDbText
0
TEXT
5
918
100
AcDbEntity
8
BottomSilkLayer
7

461
1.0160020320040641
100
AcDbText
10
47.29997459994921
20
16.588519177038357
30
0
40
1.0160020320040641
1
5
50
360
71
2
100
AcDbText
0
TEXT
5
919
100
AcDbEntity
8
BottomSilkLayer
7

461
1.0160020320040641
100
AcDbText
10
23.023876047752097
20
11.480060960121923
30
0
40
1.0160020320040641
1
GND
50
270
71
2
100
AcDbText
0
TEXT
5
91a
100
AcDbEntity
8
BottomSilkLayer
7

461
1.0160020320040641
100
AcDbText
10
57.60020320040641
20
7.400050800101601
30
0
40
1.0160020320040641
1
3
50
270
71
2
100
AcDbText
0
TEXT
5
91b
100
AcDbEntity
8
BottomSilkLayer
7

461
1.0160020320040641
100
AcDbText
10
57.60020320040641
20
4.800101600203201
30
0
40
1.0160020320040641
1
2
50
270
71
2
100
AcDbText
0
TEXT
5
91c
100
AcDbEntity
8
BottomSilkLayer
7

461
1.0160020320040641
100
AcDbText
10
57.60020320040641
20
2.4000508001016003
30
0
40
1.0160020320040641
1
1
50
270
71
2
100
AcDbText
0
TEXT
5
91d
100
AcDbEntity
8
BottomSilkLayer
7

461
1.0160020320040641
100
AcDbText
10
57.500127000254004
20
9.8999237998476
30
0
40
1.0160020320040641
1
4
50
270
71
2
100
AcDbText
0
TEXT
5
91e
100
AcDbEntity
8
BottomSilkLayer
7

461
1.4000508001016003
100
AcDbText
10
37.592075184150374
20
4.443992887985776
30
0
40
1.4000508001016003
1
V0.7
50
270
71
2
100
AcDbText
0
TEXT
5
91f
100
AcDbEntity
8
BottomSilkLayer
7

461
1.4224028448056898
100
AcDbText
10
39.37007874015749
20
3.4820929641859286
30
0
40
1.4224028448056898
1
I5O8U2
50
270
71
2
100
AcDbText
0
TEXT
5
920
100
AcDbEntity
8
BottomSilkLayer
7

461
1.0160020320040641
100
AcDbText
10
47.69011938023877
20
0.3883667767335535
30
0
40
1.0160020320040641
1
6
50
360
71
2
100
AcDbText
0
TEXT
5
921
100
AcDbEntity
8
BottomSilkLayer
7

461
1.0160020320040641
100
AcDbText
10
50.13004826009653
20
0.3883667767335535
30
0
40
1.0160020320040641
1
7
50
360
71
2
100
AcDbText
0
TEXT
5
922
100
AcDbEntity
8
BottomSilkLayer
7

461
1.0160020320040641
100
AcDbText
10
57.499872999746
20
12.439674879349761
30
0
40
1.0160020320040641
1
5
50
270
71
2
100
AcDbText
0
TEXT
5
923
100
AcDbEntity
8
TopSilkLayer
7

461
1.2000000000000002
100
AcDbText
10
14.200152400304804
20
16.299974599949202
30
0
40
1.2000000000000002
1
JLCJLCJLCJLC
50
0
71
1
100
AcDbText
0
TEXT
5
924
100
AcDbEntity
8
Document
7

461
1.0160020320040641
100
AcDbText
10
26.529845059690125
20
17.208026416052835
30
0
40
1.0160020320040641
1
SD1
50
180
71
1
100
AcDbText
0
TEXT
5
925
100
AcDbEntity
8
Document
7

461
1.27000254000508
100
AcDbText
10
58.95402590805182
20
15.313690627381256
30
0
40
1.27000254000508
1
JP35
50
0
71
1
100
AcDbText
0
TEXT
5
926
100
AcDbEntity
8
Document
7

461
1.27000254000508
100
AcDbText
10
55.67614935229871
20
11.348996697993396
30
0
40
1.27000254000508
1
R13
50
0
71
1
100
AcDbText
0
TEXT
5
927
100
AcDbEntity
8
Document
7

461
1.27000254000508
100
AcDbText
10
16.66395732791466
20
10.99720599441199
30
0
40
1.27000254000508
1
JP6
50
90
71
1
100
AcDbText
0
TEXT
5
928
100
AcDbEntity
8
Document
7

461
1.27000254000508
100
AcDbText
10
40.82219964439929
20
5.721869443738888
30
0
40
1.27000254000508
1
*
50
180
71
1
100
AcDbText
0
TEXT
5
929
100
AcDbEntity
8
Document
7

461
1.27000254000508
100
AcDbText
10
37.92659385318771
20
9.100076200152401
30
0
40
1.27000254000508
1
RefDes
50
180
71
1
100
AcDbText
0
TEXT
5
92a
100
AcDbEntity
8
Document
7

461
1.27000254000508
100
AcDbText
10
36.377190754381516
20
9.100076200152401
30
0
40
1.27000254000508
1
DEV
50
180
71
1
100
AcDbText
0
TEXT
5
92b
100
AcDbEntity
8
Document
7

461
1.27000254000508
100
AcDbText
10
35.79298958597918
20
9.100076200152401
30
0
40
1.27000254000508
1
PN
50
180
71
1
100
AcDbText
0
TEXT
5
92c
100
AcDbEntity
8
Document
7

461
1.27000254000508
100
AcDbText
10
36.377190754381516
20
9.100076200152401
30
0
40
1.27000254000508
1
DEV
50
180
71
1
100
AcDbText
0
TEXT
5
92d
100
AcDbEntity
8
Document
7

461
1.27000254000508
100
AcDbText
10
36.377190754381516
20
9.100076200152401
30
0
40
1.27000254000508
1
VAL
50
180
71
1
100
AcDbText
0
TEXT
5
92e
100
AcDbEntity
8
Document
7

461
1.27000254000508
100
AcDbText
10
36.377190754381516
20
9.100076200152401
30
0
40
1.27000254000508
1
TOL
50
180
71
1
100
AcDbText
0
TEXT
5
92f
100
AcDbEntity
8
TopSilkLayer
7

461
1.27000254000508
100
AcDbText
10
39.202184404368815
20
5.521971043942088
30
0
40
1.27000254000508
1
*
50
180
71
1
100
AcDbText
0
TEXT
5
930
100
AcDbEntity
8
TopSilkLayer
7

461
1.27000254000508
100
AcDbText
10
35.18999237998476
20
9.700025400050801
30
0
40
1.27000254000508
1
1
50
180
71
1
100
AcDbText
0
TEXT
5
931
100
AcDbEntity
8
Document
7

461
1.27000254000508
100
AcDbText
10
39.48082296164593
20
5.700025400050801
30
0
40
1.27000254000508
1
Q1
50
90
71
1
100
AcDbText
0
TEXT
5
932
100
AcDbEntity
8
Document
7

461
1.27000254000508
100
AcDbText
10
20.789941579883163
20
2.613919227838456
30
0
40
1.27000254000508
1
U1
50
90
71
1
100
AcDbText
0
TEXT
5
933
100
AcDbEntity
8
Document
7

461
1.27000254000508
100
AcDbText
10
25.0490220980442
20
1.0109220218440438
30
0
40
1.27000254000508
1
C4
50
90
71
1
100
AcDbText
0
TEXT
5
934
100
AcDbEntity
8
Document
7

461
1.27000254000508
100
AcDbText
10
21.290830581661165
20
5.271018542037084
30
0
40
1.27000254000508
1
C5
50
0
71
1
100
AcDbText
0
TEXT
5
935
100
AcDbEntity
8
Document
7

461
1.27000254000508
100
AcDbText
10
23.573025146050295
20
1.0109220218440438
30
0
40
1.27000254000508
1
C3
50
90
71
1
100
AcDbText
0
TEXT
5
936
100
AcDbEntity
8
Document
7

461
1.27000254000508
100
AcDbText
10
21.290830581661165
20
6.579375158750318
30
0
40
1.27000254000508
1
C6
50
0
71
1
100
AcDbText
0
TEXT
5
937
100
AcDbEntity
8
Document
7

461
1.27000254000508
100
AcDbText
10
21.290830581661165
20
3.454406908813818
30
0
40
1.27000254000508
1
C7
50
0
71
1
100
AcDbText
0
TEXT
5
938
100
AcDbEntity
8
Document
7

461
1.27000254000508
100
AcDbText
10
42.33807467614936
20
12.950977901955806
30
0
40
1.27000254000508
1
R1
50
0
71
1
100
AcDbText
0
TEXT
5
939
100
AcDbEntity
8
Document
7

461
1.27000254000508
100
AcDbText
10
34.57607315214631
20
13.849123698247398
30
0
40
1.27000254000508
1
R2
50
0
71
1
100
AcDbText
0
TEXT
5
93a
100
AcDbEntity
8
Document
7

461
0.40640081280162565
100
AcDbText
10
3.7299974599949204
20
14.283210566421134
30
0
40
0.40640081280162565
1
X2
50
0
71
1
100
AcDbText
0
TEXT
5
93b
100
AcDbEntity
8
Document
7

461
1.27000254000508
100
AcDbText
10
44.770129540259084
20
12.91008382016764
30
0
40
1.27000254000508
1
JP1
50
0
71
1
100
AcDbText
0
TEXT
5
93c
100
AcDbEntity
8
Document
7

461
1.27000254000508
100
AcDbText
10
55.67614935229871
20
9.348996697993398
30
0
40
1.27000254000508
1
R4
50
0
71
1
100
AcDbText
0
TEXT
5
93d
100
AcDbEntity
8
Document
7

461
1.27000254000508
100
AcDbText
10
55.67614935229871
20
7.449072898145798
30
0
40
1.27000254000508
1
R5
50
0
71
1
100
AcDbText
0
TEXT
5
93e
100
AcDbEntity
8
Document
7

461
1.27000254000508
100
AcDbText
10
55.67614935229871
20
5.548895097790196
30
0
40
1.27000254000508
1
R6
50
0
71
1
100
AcDbText
0
TEXT
5
93f
100
AcDbEntity
8
Document
7

461
1.27000254000508
100
AcDbText
10
56.4493268986538
20
3.3378206756413515
30
0
40
1.27000254000508
1
R7
50
90
71
1
100
AcDbText
0
TEXT
5
940
100
AcDbEntity
8
Document
7

461
1.27000254000508
100
AcDbText
10
16.687833375666752
20
9.351028702057405
30
0
40
1.27000254000508
1
R10
50
0
71
1
100
AcDbText
0
TEXT
5
941
100
AcDbEntity
8
Document
7

461
1.27000254000508
100
AcDbText
10
16.738125476250953
20
14.351028702057405
30
0
40
1.27000254000508
1
R11
50
0
71
1
100
AcDbText
0
TEXT
5
942
100
AcDbEntity
8
Document
7

461
1.27000254000508
100
AcDbText
10
16.738125476250953
20
11.651003302006606
30
0
40
1.27000254000508
1
R12
50
0
71
1
100
AcDbText
0
TEXT
5
943
100
AcDbEntity
8
Document
7

461
1.27000254000508
100
AcDbText
10
42.68732537465076
20
0.43637287274574554
30
0
40
1.27000254000508
1
JP4
50
0
71
1
100
AcDbText
0
TEXT
5
944
100
AcDbEntity
8
Document
7

461
1.27000254000508
100
AcDbText
10
40.88392176784354
20
5.363982727965456
30
0
40
1.27000254000508
1
JP9
50
0
71
1
100
AcDbText
0
TEXT
5
945
100
AcDbEntity
8
Document
7

461
1.27000254000508
100
AcDbText
10
44.433832867665735
20
11.874269748539499
30
0
40
1.27000254000508
1
JP11
50
90
71
1
100
AcDbText
0
TEXT
5
946
100
AcDbEntity
8
Document
7

461
1.27000254000508
100
AcDbText
10
36.20421640843283
20
12.636271272542547
30
0
40
1.27000254000508
1
JP14
50
0
71
1
100
AcDbText
0
TEXT
5
947
100
AcDbEntity
8
Document
7

461
1.27000254000508
100
AcDbText
10
41.28422656845314
20
12.636271272542547
30
0
40
1.27000254000508
1
JP19
50
0
71
1
100
AcDbText
0
TEXT
5
948
100
AcDbEntity
8
Document
7

461
1.27000254000508
100
AcDbText
10
43.824231648463304
20
12.636271272542547
30
0
40
1.27000254000508
1
JP20
50
0
71
1
100
AcDbText
0
TEXT
5
949
100
AcDbEntity
8
Document
7

461
1.27000254000508
100
AcDbText
10
22.38404876809754
20
2.6362712725425452
30
0
40
1.27000254000508
1
JP29
50
0
71
1
100
AcDbText
0
TEXT
5
94a
100
AcDbEntity
8
Document
7

461
1.27000254000508
100
AcDbText
10
22.38404876809754
20
5.176276352552706
30
0
40
1.27000254000508
1
JP30
50
0
71
1
100
AcDbText
0
TEXT
5
94b
100
AcDbEntity
8
Document
7

461
1.27000254000508
100
AcDbText
10
22.38404876809754
20
7.716281432562867
30
0
40
1.27000254000508
1
JP31
50
360
71
1
100
AcDbText
0
TEXT
5
94c
100
AcDbEntity
8
Document
7

461
1.27000254000508
100
AcDbText
10
22.38404876809754
20
10.256286512573025
30
0
40
1.27000254000508
1
JP32
50
0
71
1
100
AcDbText
0
TEXT
5
94d
100
AcDbEntity
8
Document
7

461
1.27000254000508
100
AcDbText
10
58.954279908559826
20
12.773939547879097
30
0
40
1.27000254000508
1
JP21
50
0
71
1
100
AcDbText
0
TEXT
5
94e
100
AcDbEntity
8
Document
7

461
1.27000254000508
100
AcDbText
10
64.11404622809246
20
12.58953517907036
30
0
40
1.27000254000508
1
JP22
50
90
71
1
100
AcDbText
0
TEXT
5
94f
100
AcDbEntity
8
Document
7

461
1.27000254000508
100
AcDbText
10
58.954279908559826
20
10.233934467868936
30
0
40
1.27000254000508
1
JP23
50
0
71
1
100
AcDbText
0
TEXT
5
950
100
AcDbEntity
8
Document
7

461
1.27000254000508
100
AcDbText
10
58.954279908559826
20
7.693929387858777
30
0
40
1.27000254000508
1
JP24
50
0
71
1
100
AcDbText
0
TEXT
5
951
100
AcDbEntity
8
Document
7

461
1.27000254000508
100
AcDbText
10
58.954279908559826
20
5.153924307848617
30
0
40
1.27000254000508
1
JP25
50
0
71
1
100
AcDbText
0
TEXT
5
952
100
AcDbEntity
8
Document
7

461
1.27000254000508
100
AcDbText
10
54.1236982473965
20
18.463804927609857
30
0
40
1.27000254000508
1
JP2
50
0
71
1
100
AcDbText
0
TEXT
5
953
100
AcDbEntity
8
Document
7

461
1.27000254000508
100
AcDbText
10
54.1236982473965
20
4.463804927609856
30
0
40
1.27000254000508
1
JP26
50
0
71
1
100
AcDbText
0
TEXT
5
954
100
AcDbEntity
8
Document
7

461
1.27000254000508
100
AcDbText
10
51.583693167386336
20
4.463804927609856
30
0
40
1.27000254000508
1
JP27
50
0
71
1
100
AcDbText
0
TEXT
5
955
100
AcDbEntity
8
Document
7

461
1.27000254000508
100
AcDbText
10
51.583693167386336
20
18.463804927609857
30
0
40
1.27000254000508
1
JP28
50
0
71
1
100
AcDbText
0
TEXT
5
956
100
AcDbEntity
8
Document
7

461
1.27000254000508
100
AcDbText
10
45.227330454660915
20
0.43637287274574554
30
0
40
1.27000254000508
1
JP33
50
0
71
1
100
AcDbText
0
TEXT
5
957
100
AcDbEntity
8
Document
7

461
1.27000254000508
100
AcDbText
10
47.767335534671076
20
0.43637287274574554
30
0
40
1.27000254000508
1
JP34
50
0
71
1
100
AcDbText
0
HATCH
5
51b
100
AcDbEntity
8
BottomLayer
100
AcDbHatch
10
0
20
0
30
0
210
0
220
0
230
1
2
SOLID
70
1
71
0
91
1
92
7
72
0
73
1
93
4
10
27.279908559817123
20
0.40007620015240036
10
27.279908559817123
20
1.8001270002540009
10
29.279908559817123
20
1.8001270002540009
10
29.279908559817123
20
0.40007620015240036
97
1
330

75
0
76
1
47
0.4128176842155181
98
1
10
34.90568961886538
20
22.81183545379326
450
0
451
0
460
0
461
0
452
1
462
1
453
2
463
0
63
5
421
255
463
1
63
7
421
16777215
470
LINEAR
1001
ACAD
1010
0
1020
0
1030
0
0
HATCH
5
51e
100
AcDbEntity
8
BottomLayer
100
AcDbHatch
10
0
20
0
30
0
210
0
220
0
230
1
2
SOLID
70
1
71
0
91
1
92
7
72
0
73
1
93
4
10
27.279908559817123
20
16.199923799847603
10
27.279908559817123
20
17.599974599949203
10
29.279908559817123
20
17.599974599949203
10
29.279908559817123
20
16.199923799847603
97
1
330

75
0
76
1
47
0.4128176842155181
98
1
10
34.90568961886538
20
22.81183545379326
450
0
451
0
460
0
461
0
452
1
462
1
453
2
463
0
63
5
421
255
463
1
63
7
421
16777215
470
LINEAR
1001
ACAD
1010
0
1020
0
1030
0
0
HATCH
5
521
100
AcDbEntity
8
BottomLayer
100
AcDbHatch
10
0
20
0
30
0
210
0
220
0
230
1
2
SOLID
70
1
71
0
91
1
92
7
72
0
73
1
93
4
10
17.979933959867925
20
16.320066040132083
10
17.979933959867925
20
17.599974599949203
10
19.379984759969524
20
17.599974599949203
10
19.379984759969524
20
16.320066040132083
97
1
330

75
0
76
1
47
0.4128176842155181
98
1
10
34.90568961886538
20
22.81183545379326
450
0
451
0
460
0
461
0
452
1
462
1
453
2
463
0
63
5
421
255
463
1
63
7
421
16777215
470
LINEAR
1001
ACAD
1010
0
1020
0
1030
0
0
HATCH
5
524
100
AcDbEntity
8
BottomSolderMaskLayer
100
AcDbHatch
10
0
20
0
30
0
210
0
220
0
230
1
2
SOLID
70
1
71
0
91
1
92
7
72
0
73
1
93
4
10
17.943460055996578
20
0.929400909019525
10
17.943460055996578
20
3.0208694780234264
10
19.41645866384087
20
3.0208694780234264
10
19.41645866384087
20
0.929400909019525
97
1
330

75
0
76
1
47
0.4128176842155181
98
1
10
34.90568961886538
20
22.81183545379326
450
0
451
0
460
0
461
0
452
1
462
1
453
2
463
0
63
5
421
255
463
1
63
7
421
16777215
470
LINEAR
1001
ACAD
1010
0
1020
0
1030
0
0
HATCH
5
527
100
AcDbEntity
8
BottomPasteMaskLayer
100
AcDbHatch
10
0
20
0
30
0
210
0
220
0
230
1
2
SOLID
70
1
71
0
91
1
92
7
72
0
73
1
93
4
10
17.979933959867925
20
1.0001524003048008
10
17.979933959867925
20
2.9501143002286008
10
19.379984759969524
20
2.9501143002286008
10
19.379984759969524
20
1.0001524003048008
97
1
330

75
0
76
1
47
0.4128176842155181
98
1
10
34.90568961886538
20
22.81183545379326
450
0
451
0
460
0
461
0
452
1
462
1
453
2
463
0
63
5
421
255
463
1
63
7
421
16777215
470
LINEAR
1001
ACAD
1010
0
1020
0
1030
0
0
HATCH
5
52a
100
AcDbEntity
8
BottomLayer
100
AcDbHatch
10
0
20
0
30
0
210
0
220
0
230
1
2
SOLID
70
1
71
0
91
1
92
7
72
0
73
1
93
4
10
17.979933959867925
20
1.0001524003048008
10
17.979933959867925
20
2.9501143002286008
10
19.379984759969524
20
2.9501143002286008
10
19.379984759969524
20
1.0001524003048008
97
1
330

75
0
76
1
47
0.4128176842155181
98
1
10
34.90568961886538
20
22.81183545379326
450
0
451
0
460
0
461
0
452
1
462
1
453
2
463
0
63
5
421
255
463
1
63
7
421
16777215
470
LINEAR
1001
ACAD
1010
0
1020
0
1030
0
0
HATCH
5
52d
100
AcDbEntity
8
BottomLayer
100
AcDbHatch
10
0
20
0
30
0
210
0
220
0
230
1
2
SOLID
70
1
71
0
91
1
92
7
72
0
73
1
93
4
10
17.109982219964444
20
6.450114300228602
10
17.109982219964444
20
7.150139700279401
10
18.510033020066043
20
7.150139700279401
10
18.510033020066043
20
6.450114300228602
97
1
330

75
0
76
1
47
0.4128176842155181
98
1
10
34.90568961886538
20
22.81183545379326
450
0
451
0
460
0
461
0
452
1
462
1
453
2
463
0
63
5
421
255
463
1
63
7
421
16777215
470
LINEAR
1001
ACAD
1010
0
1020
0
1030
0
0
HATCH
5
530
100
AcDbEntity
8
BottomLayer
100
AcDbHatch
10
0
20
0
30
0
210
0
220
0
230
1
2
SOLID
70
1
71
0
91
1
92
7
72
0
73
1
93
4
10
17.109982219964444
20
7.5499364998730005
10
17.109982219964444
20
8.2499618999238
10
18.510033020066043
20
8.2499618999238
10
18.510033020066043
20
7.5499364998730005
97
1
330

75
0
76
1
47
0.4128176842155181
98
1
10
34.90568961886538
20
22.81183545379326
450
0
451
0
460
0
461
0
452
1
462
1
453
2
463
0
63
5
421
255
463
1
63
7
421
16777215
470
LINEAR
1001
ACAD
1010
0
1020
0
1030
0
0
HATCH
5
533
100
AcDbEntity
8
BottomLayer
100
AcDbHatch
10
0
20
0
30
0
210
0
220
0
230
1
2
SOLID
70
1
71
0
91
1
92
7
72
0
73
1
93
4
10
17.109982219964444
20
8.650012700025401
10
17.109982219964444
20
9.350038100076203
10
18.510033020066043
20
9.350038100076203
10
18.510033020066043
20
8.650012700025401
97
1
330

75
0
76
1
47
0.4128176842155181
98
1
10
34.90568961886538
20
22.81183545379326
450
0
451
0
460
0
461
0
452
1
462
1
453
2
463
0
63
5
421
255
463
1
63
7
421
16777215
470
LINEAR
1001
ACAD
1010
0
1020
0
1030
0
0
HATCH
5
536
100
AcDbEntity
8
BottomSolderMaskLayer
100
AcDbHatch
10
0
20
0
30
0
210
0
220
0
230
1
2
SOLID
70
1
71
0
91
1
92
7
72
0
73
1
93
4
10
17.05918211836424
20
9.699292485087149
10
17.05918211836424
20
10.500918088338354
10
18.56083312166625
20
10.500918088338354
10
18.56083312166625
20
9.699292485087149
97
1
330

75
0
76
1
47
0.4128176842155181
98
1
10
34.90568961886538
20
22.81183545379326
450
0
451
0
460
0
461
0
452
1
462
1
453
2
463
0
63
5
421
255
463
1
63
7
421
16777215
470
LINEAR
1001
ACAD
1010
0
1020
0
1030
0
0
HATCH
5
539
100
AcDbEntity
8
BottomPasteMaskLayer
100
AcDbHatch
10
0
20
0
30
0
210
0
220
0
230
1
2
SOLID
70
1
71
0
91
1
92
7
72
0
73
1
93
4
10
17.109982219964444
20
9.7500889001778
10
17.109982219964444
20
10.450114300228602
10
18.510033020066043
20
10.450114300228602
10
18.510033020066043
20
9.7500889001778
97
1
330

75
0
76
1
47
0.4128176842155181
98
1
10
34.90568961886538
20
22.81183545379326
450
0
451
0
460
0
461
0
452
1
462
1
453
2
463
0
63
5
421
255
463
1
63
7
421
16777215
470
LINEAR
1001
ACAD
1010
0
1020
0
1030
0
0
HATCH
5
53c
100
AcDbEntity
8
BottomLayer
100
AcDbHatch
10
0
20
0
30
0
210
0
220
0
230
1
2
SOLID
70
1
71
0
91
1
92
7
72
0
73
1
93
4
10
17.109982219964444
20
9.7500889001778
10
17.109982219964444
20
10.450114300228602
10
18.510033020066043
20
10.450114300228602
10
18.510033020066043
20
9.7500889001778
97
1
330

75
0
76
1
47
0.4128176842155181
98
1
10
34.90568961886538
20
22.81183545379326
450
0
451
0
460
0
461
0
452
1
462
1
453
2
463
0
63
5
421
255
463
1
63
7
421
16777215
470
LINEAR
1001
ACAD
1010
0
1020
0
1030
0
0
HATCH
5
53f
100
AcDbEntity
8
BottomLayer
100
AcDbHatch
10
0
20
0
30
0
210
0
220
0
230
1
2
SOLID
70
1
71
0
91
1
92
7
72
0
73
1
93
4
10
17.109982219964444
20
10.8499110998222
10
17.109982219964444
20
11.549936499873
10
18.510033020066043
20
11.549936499873
10
18.510033020066043
20
10.8499110998222
97
1
330

75
0
76
1
47
0.4128176842155181
98
1
10
34.90568961886538
20
22.81183545379326
450
0
451
0
460
0
461
0
452
1
462
1
453
2
463
0
63
5
421
255
463
1
63
7
421
16777215
470
LINEAR
1001
ACAD
1010
0
1020
0
1030
0
0
HATCH
5
542
100
AcDbEntity
8
BottomLayer
100
AcDbHatch
10
0
20
0
30
0
210
0
220
0
230
1
2
SOLID
70
1
71
0
91
1
92
7
72
0
73
1
93
4
10
17.109982219964444
20
11.949987299974602
10
17.109982219964444
20
12.650012700025401
10
18.510033020066043
20
12.650012700025401
10
18.510033020066043
20
11.949987299974602
97
1
330

75
0
76
1
47
0.4128176842155181
98
1
10
34.90568961886538
20
22.81183545379326
450
0
451
0
460
0
461
0
452
1
462
1
453
2
463
0
63
5
421
255
463
1
63
7
421
16777215
470
LINEAR
1001
ACAD
1010
0
1020
0
1030
0
0
HATCH
5
545
100
AcDbEntity
8
BottomLayer
100
AcDbHatch
10
0
20
0
30
0
210
0
220
0
230
1
2
SOLID
70
1
71
0
91
1
92
7
72
0
73
1
93
4
10
17.109982219964444
20
13.050063500127003
10
17.109982219964444
20
13.7500889001778
10
18.510033020066043
20
13.7500889001778
10
18.510033020066043
20
13.050063500127003
97
1
330

75
0
76
1
47
0.4128176842155181
98
1
10
34.90568961886538
20
22.81183545379326
450
0
451
0
460
0
461
0
452
1
462
1
453
2
463
0
63
5
421
255
463
1
63
7
421
16777215
470
LINEAR
1001
ACAD
1010
0
1020
0
1030
0
0
HATCH
5
548
100
AcDbEntity
8
BottomLayer
100
AcDbHatch
10
0
20
0
30
0
210
0
220
0
230
1
2
SOLID
70
1
71
0
91
1
92
7
72
0
73
1
93
4
10
17.109982219964444
20
14.150139700279402
10
17.109982219964444
20
14.849911099822203
10
18.510033020066043
20
14.849911099822203
10
18.510033020066043
20
14.150139700279402
97
1
330

75
0
76
1
47
0.4128176842155181
98
1
10
34.90568961886538
20
22.81183545379326
450
0
451
0
460
0
461
0
452
1
462
1
453
2
463
0
63
5
421
255
463
1
63
7
421
16777215
470
LINEAR
1001
ACAD
1010
0
1020
0
1030
0
0
HATCH
5
54b
100
AcDbEntity
8
BottomLayer
100
AcDbHatch
10
0
20
0
30
0
210
0
220
0
230
1
2
SOLID
70
1
71
0
91
1
92
7
72
0
73
1
93
4
10
17.109982219964444
20
15.249961899923802
10
17.109982219964444
20
15.949987299974602
10
18.510033020066043
20
15.949987299974602
10
18.510033020066043
20
15.249961899923802
97
1
330

75
0
76
1
47
0.4128176842155181
98
1
10
34.90568961886538
20
22.81183545379326
450
0
451
0
460
0
461
0
452
1
462
1
453
2
463
0
63
5
421
255
463
1
63
7
421
16777215
470
LINEAR
1001
ACAD
1010
0
1020
0
1030
0
 0
ARC
  5
54e
330
1F
100
AcDbEntity
  8
TopSolderMaskLayer
100
AcDbCircle
 10
60.297283383634564
 20
12.849912474469788
 30
0.0
 40
0.5354939677542729
100
AcDbArc
 50
90
 51
270
 0
ARC
  5
54f
330
1F
100
AcDbEntity
  8
TopSolderMaskLayer
100
AcDbCircle
 10
60.30263832331211
 20
12.849912474469788
 30
0.0
 40
0.5354939677542729
100
AcDbArc
 50
270
 51
90
 0
LWPOLYLINE
  5
550
330
1F
100
AcDbEntity
  8
TopSolderMaskLayer
100
AcDbPolyline
 90
1
 70
 1
 43
0
 10
60.30263832331211
 20
13.38540644222406
 10
60.297283383634564
 20
13.38540644222406
 0
LWPOLYLINE
  5
551
330
1F
100
AcDbEntity
  8
TopSolderMaskLayer
100
AcDbPolyline
 90
1
 70
 1
 43
0
 10
60.30263832331211
 20
12.314418506715516
 10
60.297283383634564
 20
12.314418506715516
0
HATCH
5
552
100
AcDbEntity
8
TopSolderMaskLayer
100
AcDbHatch
10
0
20
0
30
0
210
0
220
0
230
1
2
SOLID
70
1
71
0
91
1
92
7
72
0
73
1
93
8
10
61.28928595889935
20
13.259833106785685
10
60.709613738805345
20
13.839237579895808
10
59.89004022115743
20
13.839237579895808
10
59.31036800106344
20
13.259833106785685
10
59.31036800106344
20
12.439991842153892
10
59.89004022115743
20
11.860319622059894
10
60.709613738805345
20
11.860319622059894
10
61.28928595889935
20
12.439991842153892
97
1
330

75
0
76
1
47
0.4128176842155181
98
1
10
34.90568961886538
20
22.81183545379326
450
0
451
0
460
0
461
0
452
1
462
1
453
2
463
0
63
5
421
255
463
1
63
7
421
16777215
470
LINEAR
1001
ACAD
1010
0
1020
0
1030
0
 0
ARC
  5
555
330
1F
100
AcDbEntity
  8
BottomSolderMaskLayer
100
AcDbCircle
 10
60.297283383634564
 20
12.849912474469788
 30
0.0
 40
0.5354939677542729
100
AcDbArc
 50
90
 51
270
 0
ARC
  5
556
330
1F
100
AcDbEntity
  8
BottomSolderMaskLayer
100
AcDbCircle
 10
60.30263832331211
 20
12.849912474469788
 30
0.0
 40
0.5354939677542729
100
AcDbArc
 50
270
 51
90
 0
LWPOLYLINE
  5
557
330
1F
100
AcDbEntity
  8
BottomSolderMaskLayer
100
AcDbPolyline
 90
1
 70
 1
 43
0
 10
60.30263832331211
 20
13.38540644222406
 10
60.297283383634564
 20
13.38540644222406
 0
LWPOLYLINE
  5
558
330
1F
100
AcDbEntity
  8
BottomSolderMaskLayer
100
AcDbPolyline
 90
1
 70
 1
 43
0
 10
60.30263832331211
 20
12.314418506715516
 10
60.297283383634564
 20
12.314418506715516
0
HATCH
5
559
100
AcDbEntity
8
BottomSolderMaskLayer
100
AcDbHatch
10
0
20
0
30
0
210
0
220
0
230
1
2
SOLID
70
1
71
0
91
1
92
7
72
0
73
1
93
8
10
61.28928595889935
20
13.259833106785685
10
60.709613738805345
20
13.839237579895808
10
59.89004022115743
20
13.839237579895808
10
59.31036800106344
20
13.259833106785685
10
59.31036800106344
20
12.439991842153892
10
59.89004022115743
20
11.860319622059894
10
60.709613738805345
20
11.860319622059894
10
61.28928595889935
20
12.439991842153892
97
1
330

75
0
76
1
47
0.4128176842155181
98
1
10
34.90568961886538
20
22.81183545379326
450
0
451
0
460
0
461
0
452
1
462
1
453
2
463
0
63
5
421
255
463
1
63
7
421
16777215
470
LINEAR
1001
ACAD
1010
0
1020
0
1030
0
 0
ARC
  5
55c
330
1F
100
AcDbEntity
  8
Multi-Layer
100
AcDbCircle
 10
60.297434594869195
 20
12.8499110998222
 30
0.0
 40
0.5080010160020321
100
AcDbArc
 50
90
 51
270
 0
ARC
  5
55d
330
1F
100
AcDbEntity
  8
Multi-Layer
100
AcDbCircle
 10
60.302514605029224
 20
12.8499110998222
 30
0.0
 40
0.5080010160020321
100
AcDbArc
 50
270
 51
90
 0
LWPOLYLINE
  5
55e
330
1F
100
AcDbEntity
  8
Multi-Layer
100
AcDbPolyline
 90
1
 70
 1
 43
0
 10
60.302514605029224
 20
13.357912115824233
 10
60.297434594869195
 20
13.357912115824233
 0
LWPOLYLINE
  5
55f
330
1F
100
AcDbEntity
  8
Multi-Layer
100
AcDbPolyline
 90
1
 70
 1
 43
0
 10
60.302514605029224
 20
12.341910083820169
 10
60.297434594869195
 20
12.341910083820169
0
HATCH
5
560
100
AcDbEntity
8
Multi-Layer
100
AcDbHatch
10
0
20
0
30
0
210
0
220
0
230
1
2
SOLID
70
1
71
0
91
1
92
7
72
0
73
1
93
8
10
61.23850647701296
20
13.238785877571756
10
60.68859537719076
20
13.788442976885955
10
59.91109982219965
20
13.788442976885955
10
59.36118872237745
20
13.238785877571756
10
59.36118872237745
20
12.461036322072646
10
59.91109982219965
20
11.911125222250446
10
60.68859537719076
20
11.911125222250446
10
61.23850647701296
20
12.461036322072646
97
1
330

75
0
76
1
47
0.4128176842155181
98
1
10
34.90568961886538
20
22.81183545379326
450
0
451
0
460
0
461
0
452
1
462
1
453
2
463
0
63
5
421
255
463
1
63
7
421
16777215
470
LINEAR
1001
ACAD
1010
0
1020
0
1030
0
0
HATCH
5
563
100
AcDbEntity
8
TopLayer
100
AcDbHatch
10
0
20
0
30
0
210
0
220
0
230
1
2
SOLID
70
1
71
0
91
1
92
7
72
0
73
1
93
4
10
58.700279400558806
20
12.2499618999238
10
57.40030480060961
20
12.2499618999238
10
57.40030480060961
20
13.7500889001778
10
58.700279400558806
20
13.7500889001778
97
1
330

75
0
76
1
47
0.4128176842155181
98
1
10
34.90568961886538
20
22.81183545379326
450
0
451
0
460
0
461
0
452
1
462
1
453
2
463
0
63
5
421
255
463
1
63
7
421
16777215
470
LINEAR
1001
ACAD
1010
0
1020
0
1030
0
0
HATCH
5
566
100
AcDbEntity
8
TopLayer
100
AcDbHatch
10
0
20
0
30
0
210
0
220
0
230
1
2
SOLID
70
1
71
0
91
1
92
7
72
0
73
1
93
4
10
57.00025400050801
20
12.2499618999238
10
55.70027940055881
20
12.2499618999238
10
55.70027940055881
20
13.7500889001778
10
57.00025400050801
20
13.7500889001778
97
1
330

75
0
76
1
47
0.4128176842155181
98
1
10
34.90568961886538
20
22.81183545379326
450
0
451
0
460
0
461
0
452
1
462
1
453
2
463
0
63
5
421
255
463
1
63
7
421
16777215
470
LINEAR
1001
ACAD
1010
0
1020
0
1030
0
 0
ARC
  5
569
330
1F
100
AcDbEntity
  8
TopSolderMaskLayer
100
AcDbCircle
 10
14.197367889677626
 20
13.080036934160969
 30
0.0
 40
0.5354828129185607
100
AcDbArc
 50
90
 51
270
 0
ARC
  5
56a
330
1F
100
AcDbEntity
  8
TopSolderMaskLayer
100
AcDbCircle
 10
14.202722717806813
 20
13.080036934160969
 30
0.0
 40
0.5354828129185607
100
AcDbArc
 50
270
 51
90
 0
LWPOLYLINE
  5
56b
330
1F
100
AcDbEntity
  8
TopSolderMaskLayer
100
AcDbPolyline
 90
1
 70
 1
 43
0
 10
14.202722717806813
 20
13.61551974707953
 10
14.197367889677626
 20
13.61551974707953
 0
LWPOLYLINE
  5
56c
330
1F
100
AcDbEntity
  8
TopSolderMaskLayer
100
AcDbPolyline
 90
1
 70
 1
 43
0
 10
14.202722717806813
 20
12.544554121242408
 10
14.197367889677626
 20
12.544554121242408
0
HATCH
5
56d
100
AcDbEntity
8
TopSolderMaskLayer
100
AcDbHatch
10
0
20
0
30
0
210
0
220
0
230
1
2
SOLID
70
1
71
0
91
1
92
7
72
0
73
1
93
9
10
13.210232098202905
20
12.66051292437992
10
13.210232098202905
20
13.499560943942015
10
13.780521293961172
20
14.069850139700282
10
14.619569313523266
20
14.069850139700282
10
15.189858509281532
20
13.499560943942015
10
15.189858509281532
20
12.66051292437992
10
15.189858509281532
20
12.66051292437992
10
14.619569313523266
20
12.090223728621654
10
13.780521293961172
20
12.090223728621654
97
1
330

75
0
76
1
47
0.4128176842155181
98
1
10
34.90568961886538
20
22.81183545379326
450
0
451
0
460
0
461
0
452
1
462
1
453
2
463
0
63
5
421
255
463
1
63
7
421
16777215
470
LINEAR
1001
ACAD
1010
0
1020
0
1030
0
 0
ARC
  5
570
330
1F
100
AcDbEntity
  8
BottomSolderMaskLayer
100
AcDbCircle
 10
14.197367889677626
 20
13.080036934160969
 30
0.0
 40
0.5354828129185607
100
AcDbArc
 50
90
 51
270
 0
ARC
  5
571
330
1F
100
AcDbEntity
  8
BottomSolderMaskLayer
100
AcDbCircle
 10
14.202722717806813
 20
13.080036934160969
 30
0.0
 40
0.5354828129185607
100
AcDbArc
 50
270
 51
90
 0
LWPOLYLINE
  5
572
330
1F
100
AcDbEntity
  8
BottomSolderMaskLayer
100
AcDbPolyline
 90
1
 70
 1
 43
0
 10
14.202722717806813
 20
13.61551974707953
 10
14.197367889677626
 20
13.61551974707953
 0
LWPOLYLINE
  5
573
330
1F
100
AcDbEntity
  8
BottomSolderMaskLayer
100
AcDbPolyline
 90
1
 70
 1
 43
0
 10
14.202722717806813
 20
12.544554121242408
 10
14.197367889677626
 20
12.544554121242408
0
HATCH
5
574
100
AcDbEntity
8
BottomSolderMaskLayer
100
AcDbHatch
10
0
20
0
30
0
210
0
220
0
230
1
2
SOLID
70
1
71
0
91
1
92
7
72
0
73
1
93
9
10
13.210232098202905
20
12.66051292437992
10
13.210232098202905
20
13.499560943942015
10
13.780521293961172
20
14.069850139700282
10
14.619569313523266
20
14.069850139700282
10
15.189858509281532
20
13.499560943942015
10
15.189858509281532
20
12.66051292437992
10
15.189858509281532
20
12.66051292437992
10
14.619569313523266
20
12.090223728621654
10
13.780521293961172
20
12.090223728621654
97
1
330

75
0
76
1
47
0.4128176842155181
98
1
10
34.90568961886538
20
22.81183545379326
450
0
451
0
460
0
461
0
452
1
462
1
453
2
463
0
63
5
421
255
463
1
63
7
421
16777215
470
LINEAR
1001
ACAD
1010
0
1020
0
1030
0
 0
ARC
  5
577
330
1F
100
AcDbEntity
  8
Multi-Layer
100
AcDbCircle
 10
14.197510795021591
 20
13.08003556007112
 30
0.0
 40
0.5080010160020321
100
AcDbArc
 50
90
 51
270
 0
ARC
  5
578
330
1F
100
AcDbEntity
  8
Multi-Layer
100
AcDbCircle
 10
14.202590805181613
 20
13.08003556007112
 30
0.0
 40
0.5080010160020321
100
AcDbArc
 50
270
 51
90
 0
LWPOLYLINE
  5
579
330
1F
100
AcDbEntity
  8
Multi-Layer
100
AcDbPolyline
 90
1
 70
 1
 43
0
 10
14.202590805181613
 20
13.588036576073153
 10
14.197510795021591
 20
13.588036576073153
 0
LWPOLYLINE
  5
57a
330
1F
100
AcDbEntity
  8
Multi-Layer
100
AcDbPolyline
 90
1
 70
 1
 43
0
 10
14.202590805181613
 20
12.572034544069089
 10
14.197510795021591
 20
12.572034544069089
0
HATCH
5
57b
100
AcDbEntity
8
Multi-Layer
100
AcDbHatch
10
0
20
0
30
0
210
0
220
0
230
1
2
SOLID
70
1
71
0
91
1
92
7
72
0
73
1
93
9
10
13.261036322072645
20
12.682042164084331
10
13.261036322072645
20
13.478028956057914
10
13.80205740411481
20
14.019050038100078
10
14.598044196088395
20
14.019050038100078
10
15.139065278130559
20
13.478028956057914
10
15.139065278130559
20
12.682042164084331
10
15.139065278130559
20
12.682042164084331
10
14.598044196088395
20
12.141021082042165
10
13.80205740411481
20
12.141021082042165
97
1
330

75
0
76
1
47
0.4128176842155181
98
1
10
34.90568961886538
20
22.81183545379326
450
0
451
0
460
0
461
0
452
1
462
1
453
2
463
0
63
5
421
255
463
1
63
7
421
16777215
470
LINEAR
1001
ACAD
1010
0
1020
0
1030
0
 0
ARC
  5
57e
330
1F
100
AcDbEntity
  8
TopSolderMaskLayer
100
AcDbCircle
 10
14.197367889677626
 20
10.540031854150808
 30
0.0
 40
0.5354828129185607
100
AcDbArc
 50
90
 51
270
 0
ARC
  5
57f
330
1F
100
AcDbEntity
  8
TopSolderMaskLayer
100
AcDbCircle
 10
14.202722717806813
 20
10.540031854150808
 30
0.0
 40
0.5354828129185607
100
AcDbArc
 50
270
 51
90
 0
LWPOLYLINE
  5
580
330
1F
100
AcDbEntity
  8
TopSolderMaskLayer
100
AcDbPolyline
 90
1
 70
 1
 43
0
 10
14.202722717806813
 20
11.075514667069369
 10
14.197367889677626
 20
11.075514667069369
 0
LWPOLYLINE
  5
581
330
1F
100
AcDbEntity
  8
TopSolderMaskLayer
100
AcDbPolyline
 90
1
 70
 1
 43
0
 10
14.202722717806813
 20
10.004549041232247
 10
14.197367889677626
 20
10.004549041232247
0
HATCH
5
582
100
AcDbEntity
8
TopSolderMaskLayer
100
AcDbHatch
10
0
20
0
30
0
210
0
220
0
230
1
2
SOLID
70
1
71
0
91
1
92
7
72
0
73
1
93
8
10
13.780521293961172
20
9.550218648611494
10
13.210232098202905
20
10.12050784436976
10
13.210232098202905
20
10.959555863931854
10
13.780521293961172
20
11.529845059690121
10
14.619569313523266
20
11.529845059690121
10
15.189858509281532
20
10.959555863931854
10
15.189858509281532
20
10.12050784436976
10
14.619569313523266
20
9.550218648611494
97
1
330

75
0
76
1
47
0.4128176842155181
98
1
10
34.90568961886538
20
22.81183545379326
450
0
451
0
460
0
461
0
452
1
462
1
453
2
463
0
63
5
421
255
463
1
63
7
421
16777215
470
LINEAR
1001
ACAD
1010
0
1020
0
1030
0
 0
ARC
  5
585
330
1F
100
AcDbEntity
  8
BottomSolderMaskLayer
100
AcDbCircle
 10
14.197367889677626
 20
10.540031854150808
 30
0.0
 40
0.5354828129185607
100
AcDbArc
 50
90
 51
270
 0
ARC
  5
586
330
1F
100
AcDbEntity
  8
BottomSolderMaskLayer
100
AcDbCircle
 10
14.202722717806813
 20
10.540031854150808
 30
0.0
 40
0.5354828129185607
100
AcDbArc
 50
270
 51
90
 0
LWPOLYLINE
  5
587
330
1F
100
AcDbEntity
  8
BottomSolderMaskLayer
100
AcDbPolyline
 90
1
 70
 1
 43
0
 10
14.202722717806813
 20
11.075514667069369
 10
14.197367889677626
 20
11.075514667069369
 0
LWPOLYLINE
  5
588
330
1F
100
AcDbEntity
  8
BottomSolderMaskLayer
100
AcDbPolyline
 90
1
 70
 1
 43
0
 10
14.202722717806813
 20
10.004549041232247
 10
14.197367889677626
 20
10.004549041232247
0
HATCH
5
589
100
AcDbEntity
8
BottomSolderMaskLayer
100
AcDbHatch
10
0
20
0
30
0
210
0
220
0
230
1
2
SOLID
70
1
71
0
91
1
92
7
72
0
73
1
93
8
10
13.780521293961172
20
9.550218648611494
10
13.210232098202905
20
10.12050784436976
10
13.210232098202905
20
10.959555863931854
10
13.780521293961172
20
11.529845059690121
10
14.619569313523266
20
11.529845059690121
10
15.189858509281532
20
10.959555863931854
10
15.189858509281532
20
10.12050784436976
10
14.619569313523266
20
9.550218648611494
97
1
330

75
0
76
1
47
0.4128176842155181
98
1
10
34.90568961886538
20
22.81183545379326
450
0
451
0
460
0
461
0
452
1
462
1
453
2
463
0
63
5
421
255
463
1
63
7
421
16777215
470
LINEAR
1001
ACAD
1010
0
1020
0
1030
0
 0
ARC
  5
58c
330
1F
100
AcDbEntity
  8
Multi-Layer
100
AcDbCircle
 10
14.197510795021591
 20
10.540030480060961
 30
0.0
 40
0.5080010160020321
100
AcDbArc
 50
90
 51
270
 0
ARC
  5
58d
330
1F
100
AcDbEntity
  8
Multi-Layer
100
AcDbCircle
 10
14.202590805181613
 20
10.540030480060961
 30
0.0
 40
0.5080010160020321
100
AcDbArc
 50
270
 51
90
 0
LWPOLYLINE
  5
58e
330
1F
100
AcDbEntity
  8
Multi-Layer
100
AcDbPolyline
 90
1
 70
 1
 43
0
 10
14.202590805181613
 20
11.048031496062993
 10
14.197510795021591
 20
11.048031496062993
 0
LWPOLYLINE
  5
58f
330
1F
100
AcDbEntity
  8
Multi-Layer
100
AcDbPolyline
 90
1
 70
 1
 43
0
 10
14.202590805181613
 20
10.03202946405893
 10
14.197510795021591
 20
10.03202946405893
0
HATCH
5
590
100
AcDbEntity
8
Multi-Layer
100
AcDbHatch
10
0
20
0
30
0
210
0
220
0
230
1
2
SOLID
70
1
71
0
91
1
92
7
72
0
73
1
93
8
10
13.80205740411481
20
9.601016002032004
10
13.261036322072645
20
10.14203708407417
10
13.261036322072645
20
10.938023876047755
10
13.80205740411481
20
11.479044958089917
10
14.598044196088395
20
11.479044958089917
10
15.139065278130559
20
10.938023876047755
10
15.139065278130559
20
10.14203708407417
10
14.598044196088395
20
9.601016002032004
97
1
330

75
0
76
1
47
0.4128176842155181
98
1
10
34.90568961886538
20
22.81183545379326
450
0
451
0
460
0
461
0
452
1
462
1
453
2
463
0
63
5
421
255
463
1
63
7
421
16777215
470
LINEAR
1001
ACAD
1010
0
1020
0
1030
0
 0
ARC
  5
593
330
1F
100
AcDbEntity
  8
TopSolderMaskLayer
100
AcDbCircle
 10
14.197367889677626
 20
8.000026774140647
 30
0.0
 40
0.5354828129185607
100
AcDbArc
 50
90
 51
270
 0
ARC
  5
594
330
1F
100
AcDbEntity
  8
TopSolderMaskLayer
100
AcDbCircle
 10
14.202722717806813
 20
8.000026774140647
 30
0.0
 40
0.5354828129185607
100
AcDbArc
 50
270
 51
90
 0
LWPOLYLINE
  5
595
330
1F
100
AcDbEntity
  8
TopSolderMaskLayer
100
AcDbPolyline
 90
1
 70
 1
 43
0
 10
14.202722717806813
 20
8.535509587059208
 10
14.197367889677626
 20
8.535509587059208
 0
LWPOLYLINE
  5
596
330
1F
100
AcDbEntity
  8
TopSolderMaskLayer
100
AcDbPolyline
 90
1
 70
 1
 43
0
 10
14.202722717806813
 20
7.464543961222086
 10
14.197367889677626
 20
7.464543961222086
0
HATCH
5
597
100
AcDbEntity
8
TopSolderMaskLayer
100
AcDbHatch
10
0
20
0
30
0
210
0
220
0
230
1
2
SOLID
70
1
71
0
91
1
92
7
72
0
73
1
93
8
10
13.780521293961172
20
7.0102135686013325
10
13.210232098202905
20
7.5805027643596015
10
13.210232098202905
20
8.419550783921695
10
13.780521293961172
20
8.98983997967996
10
14.619569313523266
20
8.98983997967996
10
15.189858509281532
20
8.419550783921695
10
15.189858509281532
20
7.5805027643596015
10
14.619569313523266
20
7.0102135686013325
97
1
330

75
0
76
1
47
0.4128176842155181
98
1
10
34.90568961886538
20
22.81183545379326
450
0
451
0
460
0
461
0
452
1
462
1
453
2
463
0
63
5
421
255
463
1
63
7
421
16777215
470
LINEAR
1001
ACAD
1010
0
1020
0
1030
0
 0
ARC
  5
59a
330
1F
100
AcDbEntity
  8
BottomSolderMaskLayer
100
AcDbCircle
 10
14.197367889677626
 20
8.000026774140647
 30
0.0
 40
0.5354828129185607
100
AcDbArc
 50
90
 51
270
 0
ARC
  5
59b
330
1F
100
AcDbEntity
  8
BottomSolderMaskLayer
100
AcDbCircle
 10
14.202722717806813
 20
8.000026774140647
 30
0.0
 40
0.5354828129185607
100
AcDbArc
 50
270
 51
90
 0
LWPOLYLINE
  5
59c
330
1F
100
AcDbEntity
  8
BottomSolderMaskLayer
100
AcDbPolyline
 90
1
 70
 1
 43
0
 10
14.202722717806813
 20
8.535509587059208
 10
14.197367889677626
 20
8.535509587059208
 0
LWPOLYLINE
  5
59d
330
1F
100
AcDbEntity
  8
BottomSolderMaskLayer
100
AcDbPolyline
 90
1
 70
 1
 43
0
 10
14.202722717806813
 20
7.464543961222086
 10
14.197367889677626
 20
7.464543961222086
0
HATCH
5
59e
100
AcDbEntity
8
BottomSolderMaskLayer
100
AcDbHatch
10
0
20
0
30
0
210
0
220
0
230
1
2
SOLID
70
1
71
0
91
1
92
7
72
0
73
1
93
8
10
13.780521293961172
20
7.0102135686013325
10
13.210232098202905
20
7.5805027643596015
10
13.210232098202905
20
8.419550783921695
10
13.780521293961172
20
8.98983997967996
10
14.619569313523266
20
8.98983997967996
10
15.189858509281532
20
8.419550783921695
10
15.189858509281532
20
7.5805027643596015
10
14.619569313523266
20
7.0102135686013325
97
1
330

75
0
76
1
47
0.4128176842155181
98
1
10
34.90568961886538
20
22.81183545379326
450
0
451
0
460
0
461
0
452
1
462
1
453
2
463
0
63
5
421
255
463
1
63
7
421
16777215
470
LINEAR
1001
ACAD
1010
0
1020
0
1030
0
 0
ARC
  5
5a1
330
1F
100
AcDbEntity
  8
Multi-Layer
100
AcDbCircle
 10
14.197510795021591
 20
8.0000254000508
 30
0.0
 40
0.5080010160020321
100
AcDbArc
 50
90
 51
270
 0
ARC
  5
5a2
330
1F
100
AcDbEntity
  8
Multi-Layer
100
AcDbCircle
 10
14.202590805181613
 20
8.0000254000508
 30
0.0
 40
0.5080010160020321
100
AcDbArc
 50
270
 51
90
 0
LWPOLYLINE
  5
5a3
330
1F
100
AcDbEntity
  8
Multi-Layer
100
AcDbPolyline
 90
1
 70
 1
 43
0
 10
14.202590805181613
 20
8.508026416052832
 10
14.197510795021591
 20
8.508026416052832
 0
LWPOLYLINE
  5
5a4
330
1F
100
AcDbEntity
  8
Multi-Layer
100
AcDbPolyline
 90
1
 70
 1
 43
0
 10
14.202590805181613
 20
7.492024384048769
 10
14.197510795021591
 20
7.492024384048769
0
HATCH
5
5a5
100
AcDbEntity
8
Multi-Layer
100
AcDbHatch
10
0
20
0
30
0
210
0
220
0
230
1
2
SOLID
70
1
71
0
91
1
92
7
72
0
73
1
93
8
10
13.80205740411481
20
7.061010922021845
10
13.261036322072645
20
7.60203200406401
10
13.261036322072645
20
8.398018796037594
10
13.80205740411481
20
8.939039878079758
10
14.598044196088395
20
8.939039878079758
10
15.139065278130559
20
8.398018796037594
10
15.139065278130559
20
7.60203200406401
10
14.598044196088395
20
7.061010922021845
97
1
330

75
0
76
1
47
0.4128176842155181
98
1
10
34.90568961886538
20
22.81183545379326
450
0
451
0
460
0
461
0
452
1
462
1
453
2
463
0
63
5
421
255
463
1
63
7
421
16777215
470
LINEAR
1001
ACAD
1010
0
1020
0
1030
0
 0
ARC
  5
5a8
330
1F
100
AcDbEntity
  8
TopSolderMaskLayer
100
AcDbCircle
 10
14.197367889677626
 20
5.460021694130486
 30
0.0
 40
0.5354828129185607
100
AcDbArc
 50
90
 51
270
 0
ARC
  5
5a9
330
1F
100
AcDbEntity
  8
TopSolderMaskLayer
100
AcDbCircle
 10
14.202722717806813
 20
5.460021694130486
 30
0.0
 40
0.5354828129185607
100
AcDbArc
 50
270
 51
90
 0
LWPOLYLINE
  5
5aa
330
1F
100
AcDbEntity
  8
TopSolderMaskLayer
100
AcDbPolyline
 90
1
 70
 1
 43
0
 10
14.202722717806813
 20
5.995504507049047
 10
14.197367889677626
 20
5.995504507049047
 0
LWPOLYLINE
  5
5ab
330
1F
100
AcDbEntity
  8
TopSolderMaskLayer
100
AcDbPolyline
 90
1
 70
 1
 43
0
 10
14.202722717806813
 20
4.924538881211925
 10
14.197367889677626
 20
4.924538881211925
0
HATCH
5
5ac
100
AcDbEntity
8
TopSolderMaskLayer
100
AcDbHatch
10
0
20
0
30
0
210
0
220
0
230
1
2
SOLID
70
1
71
0
91
1
92
7
72
0
73
1
93
8
10
13.210232098202905
20
5.879545703911533
10
13.780521293961172
20
6.4498348996698
10
14.619569313523266
20
6.4498348996698
10
15.189858509281532
20
5.879545703911533
10
15.189858509281532
20
5.0404976843494405
10
14.619569313523266
20
4.470208488591172
10
13.780521293961172
20
4.470208488591172
10
13.210232098202905
20
5.0404976843494405
97
1
330

75
0
76
1
47
0.4128176842155181
98
1
10
34.90568961886538
20
22.81183545379326
450
0
451
0
460
0
461
0
452
1
462
1
453
2
463
0
63
5
421
255
463
1
63
7
421
16777215
470
LINEAR
1001
ACAD
1010
0
1020
0
1030
0
 0
ARC
  5
5af
330
1F
100
AcDbEntity
  8
BottomSolderMaskLayer
100
AcDbCircle
 10
14.197367889677626
 20
5.460021694130486
 30
0.0
 40
0.5354828129185607
100
AcDbArc
 50
90
 51
270
 0
ARC
  5
5b0
330
1F
100
AcDbEntity
  8
BottomSolderMaskLayer
100
AcDbCircle
 10
14.202722717806813
 20
5.460021694130486
 30
0.0
 40
0.5354828129185607
100
AcDbArc
 50
270
 51
90
 0
LWPOLYLINE
  5
5b1
330
1F
100
AcDbEntity
  8
BottomSolderMaskLayer
100
AcDbPolyline
 90
1
 70
 1
 43
0
 10
14.202722717806813
 20
5.995504507049047
 10
14.197367889677626
 20
5.995504507049047
 0
LWPOLYLINE
  5
5b2
330
1F
100
AcDbEntity
  8
BottomSolderMaskLayer
100
AcDbPolyline
 90
1
 70
 1
 43
0
 10
14.202722717806813
 20
4.924538881211925
 10
14.197367889677626
 20
4.924538881211925
0
HATCH
5
5b3
100
AcDbEntity
8
BottomSolderMaskLayer
100
AcDbHatch
10
0
20
0
30
0
210
0
220
0
230
1
2
SOLID
70
1
71
0
91
1
92
7
72
0
73
1
93
8
10
13.210232098202905
20
5.879545703911533
10
13.780521293961172
20
6.4498348996698
10
14.619569313523266
20
6.4498348996698
10
15.189858509281532
20
5.879545703911533
10
15.189858509281532
20
5.0404976843494405
10
14.619569313523266
20
4.470208488591172
10
13.780521293961172
20
4.470208488591172
10
13.210232098202905
20
5.0404976843494405
97
1
330

75
0
76
1
47
0.4128176842155181
98
1
10
34.90568961886538
20
22.81183545379326
450
0
451
0
460
0
461
0
452
1
462
1
453
2
463
0
63
5
421
255
463
1
63
7
421
16777215
470
LINEAR
1001
ACAD
1010
0
1020
0
1030
0
 0
ARC
  5
5b6
330
1F
100
AcDbEntity
  8
Multi-Layer
100
AcDbCircle
 10
14.197510795021591
 20
5.46002032004064
 30
0.0
 40
0.5080010160020321
100
AcDbArc
 50
90
 51
270
 0
ARC
  5
5b7
330
1F
100
AcDbEntity
  8
Multi-Layer
100
AcDbCircle
 10
14.202590805181613
 20
5.46002032004064
 30
0.0
 40
0.5080010160020321
100
AcDbArc
 50
270
 51
90
 0
LWPOLYLINE
  5
5b8
330
1F
100
AcDbEntity
  8
Multi-Layer
100
AcDbPolyline
 90
1
 70
 1
 43
0
 10
14.202590805181613
 20
5.968021336042672
 10
14.197510795021591
 20
5.968021336042672
 0
LWPOLYLINE
  5
5b9
330
1F
100
AcDbEntity
  8
Multi-Layer
100
AcDbPolyline
 90
1
 70
 1
 43
0
 10
14.202590805181613
 20
4.9520193040386085
 10
14.197510795021591
 20
4.9520193040386085
0
HATCH
5
5ba
100
AcDbEntity
8
Multi-Layer
100
AcDbHatch
10
0
20
0
30
0
210
0
220
0
230
1
2
SOLID
70
1
71
0
91
1
92
7
72
0
73
1
93
8
10
13.261036322072645
20
5.858013716027433
10
13.80205740411481
20
6.399034798069597
10
14.598044196088395
20
6.399034798069597
10
15.139065278130559
20
5.858013716027433
10
15.139065278130559
20
5.062026924053849
10
14.598044196088395
20
4.521005842011684
10
13.80205740411481
20
4.521005842011684
10
13.261036322072645
20
5.062026924053849
97
1
330

75
0
76
1
47
0.4128176842155181
98
1
10
34.90568961886538
20
22.81183545379326
450
0
451
0
460
0
461
0
452
1
462
1
453
2
463
0
63
5
421
255
463
1
63
7
421
16777215
470
LINEAR
1001
ACAD
1010
0
1020
0
1030
0
 0
ARC
  5
5bd
330
1F
100
AcDbEntity
  8
TopSolderMaskLayer
100
AcDbCircle
 10
14.197367889677626
 20
2.920016614120326
 30
0.0
 40
0.5354828129185607
100
AcDbArc
 50
90
 51
270
 0
ARC
  5
5be
330
1F
100
AcDbEntity
  8
TopSolderMaskLayer
100
AcDbCircle
 10
14.202722717806813
 20
2.920016614120326
 30
0.0
 40
0.5354828129185607
100
AcDbArc
 50
270
 51
90
 0
LWPOLYLINE
  5
5bf
330
1F
100
AcDbEntity
  8
TopSolderMaskLayer
100
AcDbPolyline
 90
1
 70
 1
 43
0
 10
14.202722717806813
 20
3.4554994270388866
 10
14.197367889677626
 20
3.4554994270388866
 0
LWPOLYLINE
  5
5c0
330
1F
100
AcDbEntity
  8
TopSolderMaskLayer
100
AcDbPolyline
 90
1
 70
 1
 43
0
 10
14.202722717806813
 20
2.3845338012017656
 10
14.197367889677626
 20
2.3845338012017656
0
HATCH
5
5c1
100
AcDbEntity
8
TopSolderMaskLayer
100
AcDbHatch
10
0
20
0
30
0
210
0
220
0
230
1
2
SOLID
70
1
71
0
91
1
92
7
72
0
73
1
93
9
10
13.780521293961172
20
3.9098298196596395
10
14.619569313523266
20
3.9098298196596395
10
15.189858509281532
20
3.3395406239013727
10
15.189858509281532
20
2.50049260433928
10
14.619569313523266
20
1.9302034085810127
10
13.780521293961172
20
1.9302034085810127
10
13.210232098202905
20
2.50049260433928
10
13.210232098202905
20
2.50049260433928
10
13.210232098202905
20
3.3395406239013727
97
1
330

75
0
76
1
47
0.4128176842155181
98
1
10
34.90568961886538
20
22.81183545379326
450
0
451
0
460
0
461
0
452
1
462
1
453
2
463
0
63
5
421
255
463
1
63
7
421
16777215
470
LINEAR
1001
ACAD
1010
0
1020
0
1030
0
 0
ARC
  5
5c4
330
1F
100
AcDbEntity
  8
BottomSolderMaskLayer
100
AcDbCircle
 10
14.197367889677626
 20
2.920016614120326
 30
0.0
 40
0.5354828129185607
100
AcDbArc
 50
90
 51
270
 0
ARC
  5
5c5
330
1F
100
AcDbEntity
  8
BottomSolderMaskLayer
100
AcDbCircle
 10
14.202722717806813
 20
2.920016614120326
 30
0.0
 40
0.5354828129185607
100
AcDbArc
 50
270
 51
90
 0
LWPOLYLINE
  5
5c6
330
1F
100
AcDbEntity
  8
BottomSolderMaskLayer
100
AcDbPolyline
 90
1
 70
 1
 43
0
 10
14.202722717806813
 20
3.4554994270388866
 10
14.197367889677626
 20
3.4554994270388866
 0
LWPOLYLINE
  5
5c7
330
1F
100
AcDbEntity
  8
BottomSolderMaskLayer
100
AcDbPolyline
 90
1
 70
 1
 43
0
 10
14.202722717806813
 20
2.3845338012017656
 10
14.197367889677626
 20
2.3845338012017656
0
HATCH
5
5c8
100
AcDbEntity
8
BottomSolderMaskLayer
100
AcDbHatch
10
0
20
0
30
0
210
0
220
0
230
1
2
SOLID
70
1
71
0
91
1
92
7
72
0
73
1
93
9
10
13.780521293961172
20
3.9098298196596395
10
14.619569313523266
20
3.9098298196596395
10
15.189858509281532
20
3.3395406239013727
10
15.189858509281532
20
2.50049260433928
10
14.619569313523266
20
1.9302034085810127
10
13.780521293961172
20
1.9302034085810127
10
13.210232098202905
20
2.50049260433928
10
13.210232098202905
20
2.50049260433928
10
13.210232098202905
20
3.3395406239013727
97
1
330

75
0
76
1
47
0.4128176842155181
98
1
10
34.90568961886538
20
22.81183545379326
450
0
451
0
460
0
461
0
452
1
462
1
453
2
463
0
63
5
421
255
463
1
63
7
421
16777215
470
LINEAR
1001
ACAD
1010
0
1020
0
1030
0
 0
ARC
  5
5cb
330
1F
100
AcDbEntity
  8
Multi-Layer
100
AcDbCircle
 10
14.197510795021591
 20
2.9200152400304806
 30
0.0
 40
0.5080010160020321
100
AcDbArc
 50
90
 51
270
 0
ARC
  5
5cc
330
1F
100
AcDbEntity
  8
Multi-Layer
100
AcDbCircle
 10
14.202590805181613
 20
2.9200152400304806
 30
0.0
 40
0.5080010160020321
100
AcDbArc
 50
270
 51
90
 0
LWPOLYLINE
  5
5cd
330
1F
100
AcDbEntity
  8
Multi-Layer
100
AcDbPolyline
 90
1
 70
 1
 43
0
 10
14.202590805181613
 20
3.428016256032513
 10
14.197510795021591
 20
3.428016256032513
 0
LWPOLYLINE
  5
5ce
330
1F
100
AcDbEntity
  8
Multi-Layer
100
AcDbPolyline
 90
1
 70
 1
 43
0
 10
14.202590805181613
 20
2.4120142240284483
 10
14.197510795021591
 20
2.4120142240284483
0
HATCH
5
5cf
100
AcDbEntity
8
Multi-Layer
100
AcDbHatch
10
0
20
0
30
0
210
0
220
0
230
1
2
SOLID
70
1
71
0
91
1
92
7
72
0
73
1
93
9
10
13.80205740411481
20
3.8590297180594364
10
14.598044196088395
20
3.8590297180594364
10
15.139065278130559
20
3.3180086360172725
10
15.139065278130559
20
2.5220218440436883
10
14.598044196088395
20
1.9810007620015242
10
13.80205740411481
20
1.9810007620015242
10
13.261036322072645
20
2.5220218440436883
10
13.261036322072645
20
2.5220218440436883
10
13.261036322072645
20
3.3180086360172725
97
1
330

75
0
76
1
47
0.4128176842155181
98
1
10
34.90568961886538
20
22.81183545379326
450
0
451
0
460
0
461
0
452
1
462
1
453
2
463
0
63
5
421
255
463
1
63
7
421
16777215
470
LINEAR
1001
ACAD
1010
0
1020
0
1030
0
0
HATCH
5
5d2
100
AcDbEntity
8
TopLayer
100
AcDbHatch
10
0
20
0
30
0
210
0
220
0
230
1
2
SOLID
70
1
71
0
91
1
92
7
72
0
73
1
93
4
10
38.12979425958852
20
6.21719583439167
10
38.12979425958852
20
6.496596393192788
10
39.60299720599442
20
6.496596393192788
10
39.60299720599442
20
6.21719583439167
97
1
330

75
0
76
1
47
0.4128176842155181
98
1
10
34.90568961886538
20
22.81183545379326
450
0
451
0
460
0
461
0
452
1
462
1
453
2
463
0
63
5
421
255
463
1
63
7
421
16777215
470
LINEAR
1001
ACAD
1010
0
1020
0
1030
0
0
HATCH
5
5d5
100
AcDbEntity
8
TopLayer
100
AcDbHatch
10
0
20
0
30
0
210
0
220
0
230
1
2
SOLID
70
1
71
0
91
1
92
7
72
0
73
1
93
4
10
38.12979425958852
20
6.699796799593599
10
38.12979425958852
20
6.9791973583947176
10
39.60299720599442
20
6.9791973583947176
10
39.60299720599442
20
6.699796799593599
97
1
330

75
0
76
1
47
0.4128176842155181
98
1
10
34.90568961886538
20
22.81183545379326
450
0
451
0
460
0
461
0
452
1
462
1
453
2
463
0
63
5
421
255
463
1
63
7
421
16777215
470
LINEAR
1001
ACAD
1010
0
1020
0
1030
0
0
HATCH
5
5d8
100
AcDbEntity
8
TopLayer
100
AcDbHatch
10
0
20
0
30
0
210
0
220
0
230
1
2
SOLID
70
1
71
0
91
1
92
7
72
0
73
1
93
4
10
38.12979425958852
20
7.207797815595632
10
38.12979425958852
20
7.487198374396749
10
39.60299720599442
20
7.487198374396749
10
39.60299720599442
20
7.207797815595632
97
1
330

75
0
76
1
47
0.4128176842155181
98
1
10
34.90568961886538
20
22.81183545379326
450
0
451
0
460
0
461
0
452
1
462
1
453
2
463
0
63
5
421
255
463
1
63
7
421
16777215
470
LINEAR
1001
ACAD
1010
0
1020
0
1030
0
0
HATCH
5
5db
100
AcDbEntity
8
TopSolderMaskLayer
100
AcDbHatch
10
0
20
0
30
0
210
0
220
0
230
1
2
SOLID
70
1
71
0
91
1
92
7
72
0
73
1
93
4
10
38.078994157988326
20
7.665007966379569
10
38.078994157988326
20
8.046008728381095
10
39.65379730759462
20
8.046008728381095
10
39.65379730759462
20
7.665007966379569
97
1
330

75
0
76
1
47
0.4128176842155181
98
1
10
34.90568961886538
20
22.81183545379326
450
0
451
0
460
0
461
0
452
1
462
1
453
2
463
0
63
5
421
255
463
1
63
7
421
16777215
470
LINEAR
1001
ACAD
1010
0
1020
0
1030
0
0
HATCH
5
5de
100
AcDbEntity
8
TopPasteMaskLayer
100
AcDbHatch
10
0
20
0
30
0
210
0
220
0
230
1
2
SOLID
70
1
71
0
91
1
92
7
72
0
73
1
93
4
10
38.12979425958852
20
7.715798831597664
10
38.12979425958852
20
7.995199390398782
10
39.60299720599442
20
7.995199390398782
10
39.60299720599442
20
7.715798831597664
97
1
330

75
0
76
1
47
0.4128176842155181
98
1
10
34.90568961886538
20
22.81183545379326
450
0
451
0
460
0
461
0
452
1
462
1
453
2
463
0
63
5
421
255
463
1
63
7
421
16777215
470
LINEAR
1001
ACAD
1010
0
1020
0
1030
0
0
HATCH
5
5e1
100
AcDbEntity
8
TopLayer
100
AcDbHatch
10
0
20
0
30
0
210
0
220
0
230
1
2
SOLID
70
1
71
0
91
1
92
7
72
0
73
1
93
4
10
38.12979425958852
20
7.715798831597664
10
38.12979425958852
20
7.995199390398782
10
39.60299720599442
20
7.995199390398782
10
39.60299720599442
20
7.715798831597664
97
1
330

75
0
76
1
47
0.4128176842155181
98
1
10
34.90568961886538
20
22.81183545379326
450
0
451
0
460
0
461
0
452
1
462
1
453
2
463
0
63
5
421
255
463
1
63
7
421
16777215
470
LINEAR
1001
ACAD
1010
0
1020
0
1030
0
0
HATCH
5
5e4
100
AcDbEntity
8
TopLayer
100
AcDbHatch
10
0
20
0
30
0
210
0
220
0
230
1
2
SOLID
70
1
71
0
91
1
92
7
72
0
73
1
93
4
10
38.12979425958852
20
8.198399796799594
10
38.12979425958852
20
8.477800355600712
10
39.60299720599442
20
8.477800355600712
10
39.60299720599442
20
8.198399796799594
97
1
330

75
0
76
1
47
0.4128176842155181
98
1
10
34.90568961886538
20
22.81183545379326
450
0
451
0
460
0
461
0
452
1
462
1
453
2
463
0
63
5
421
255
463
1
63
7
421
16777215
470
LINEAR
1001
ACAD
1010
0
1020
0
1030
0
0
HATCH
5
5e7
100
AcDbEntity
8
TopLayer
100
AcDbHatch
10
0
20
0
30
0
210
0
220
0
230
1
2
SOLID
70
1
71
0
91
1
92
7
72
0
73
1
93
4
10
38.12979425958852
20
8.706400812801625
10
38.12979425958852
20
8.985801371602744
10
39.60299720599442
20
8.985801371602744
10
39.60299720599442
20
8.706400812801625
97
1
330

75
0
76
1
47
0.4128176842155181
98
1
10
34.90568961886538
20
22.81183545379326
450
0
451
0
460
0
461
0
452
1
462
1
453
2
463
0
63
5
421
255
463
1
63
7
421
16777215
470
LINEAR
1001
ACAD
1010
0
1020
0
1030
0
0
HATCH
5
5ea
100
AcDbEntity
8
TopLayer
100
AcDbHatch
10
0
20
0
30
0
210
0
220
0
230
1
2
SOLID
70
1
71
0
91
1
92
7
72
0
73
1
93
4
10
38.12979425958852
20
9.214401828803657
10
38.12979425958852
20
9.493802387604775
10
39.60299720599442
20
9.493802387604775
10
39.60299720599442
20
9.214401828803657
97
1
330

75
0
76
1
47
0.4128176842155181
98
1
10
34.90568961886538
20
22.81183545379326
450
0
451
0
460
0
461
0
452
1
462
1
453
2
463
0
63
5
421
255
463
1
63
7
421
16777215
470
LINEAR
1001
ACAD
1010
0
1020
0
1030
0
0
HATCH
5
5ed
100
AcDbEntity
8
TopLayer
100
AcDbHatch
10
0
20
0
30
0
210
0
220
0
230
1
2
SOLID
70
1
71
0
91
1
92
7
72
0
73
1
93
4
10
38.12979425958852
20
9.722402844805691
10
38.12979425958852
20
10.001803403606807
10
39.60299720599442
20
10.001803403606807
10
39.60299720599442
20
9.722402844805691
97
1
330

75
0
76
1
47
0.4128176842155181
98
1
10
34.90568961886538
20
22.81183545379326
450
0
451
0
460
0
461
0
452
1
462
1
453
2
463
0
63
5
421
255
463
1
63
7
421
16777215
470
LINEAR
1001
ACAD
1010
0
1020
0
1030
0
0
HATCH
5
5f0
100
AcDbEntity
8
TopLayer
100
AcDbHatch
10
0
20
0
30
0
210
0
220
0
230
1
2
SOLID
70
1
71
0
91
1
92
7
72
0
73
1
93
4
10
38.12979425958852
20
10.205003810007621
10
38.12979425958852
20
10.484404368808738
10
39.60299720599442
20
10.484404368808738
10
39.60299720599442
20
10.205003810007621
97
1
330

75
0
76
1
47
0.4128176842155181
98
1
10
34.90568961886538
20
22.81183545379326
450
0
451
0
460
0
461
0
452
1
462
1
453
2
463
0
63
5
421
255
463
1
63
7
421
16777215
470
LINEAR
1001
ACAD
1010
0
1020
0
1030
0
0
HATCH
5
5f3
100
AcDbEntity
8
TopLayer
100
AcDbHatch
10
0
20
0
30
0
210
0
220
0
230
1
2
SOLID
70
1
71
0
91
1
92
7
72
0
73
1
93
4
10
38.12979425958852
20
10.713004826009653
10
38.12979425958852
20
10.99240538481077
10
39.60299720599442
20
10.99240538481077
10
39.60299720599442
20
10.713004826009653
97
1
330

75
0
76
1
47
0.4128176842155181
98
1
10
34.90568961886538
20
22.81183545379326
450
0
451
0
460
0
461
0
452
1
462
1
453
2
463
0
63
5
421
255
463
1
63
7
421
16777215
470
LINEAR
1001
ACAD
1010
0
1020
0
1030
0
0
HATCH
5
5f6
100
AcDbEntity
8
TopLayer
100
AcDbHatch
10
0
20
0
30
0
210
0
220
0
230
1
2
SOLID
70
1
71
0
91
1
92
7
72
0
73
1
93
4
10
38.12979425958852
20
11.221005842011687
10
38.12979425958852
20
11.500406400812802
10
39.60299720599442
20
11.500406400812802
10
39.60299720599442
20
11.221005842011687
97
1
330

75
0
76
1
47
0.4128176842155181
98
1
10
34.90568961886538
20
22.81183545379326
450
0
451
0
460
0
461
0
452
1
462
1
453
2
463
0
63
5
421
255
463
1
63
7
421
16777215
470
LINEAR
1001
ACAD
1010
0
1020
0
1030
0
0
HATCH
5
5f9
100
AcDbEntity
8
TopLayer
100
AcDbHatch
10
0
20
0
30
0
210
0
220
0
230
1
2
SOLID
70
1
71
0
91
1
92
7
72
0
73
1
93
4
10
38.12979425958852
20
11.703606807213616
10
38.12979425958852
20
11.983007366014734
10
39.60299720599442
20
11.983007366014734
10
39.60299720599442
20
11.703606807213616
97
1
330

75
0
76
1
47
0.4128176842155181
98
1
10
34.90568961886538
20
22.81183545379326
450
0
451
0
460
0
461
0
452
1
462
1
453
2
463
0
63
5
421
255
463
1
63
7
421
16777215
470
LINEAR
1001
ACAD
1010
0
1020
0
1030
0
0
HATCH
5
5fc
100
AcDbEntity
8
TopLayer
100
AcDbHatch
10
0
20
0
30
0
210
0
220
0
230
1
2
SOLID
70
1
71
0
91
1
92
7
72
0
73
1
93
4
10
37.25349250698502
20
14.053111506223015
10
37.53289306578614
20
14.053111506223015
10
37.53289306578614
20
12.57990855981712
10
37.25349250698502
20
12.57990855981712
97
1
330

75
0
76
1
47
0.4128176842155181
98
1
10
34.90568961886538
20
22.81183545379326
450
0
451
0
460
0
461
0
452
1
462
1
453
2
463
0
63
5
421
255
463
1
63
7
421
16777215
470
LINEAR
1001
ACAD
1010
0
1020
0
1030
0
0
HATCH
5
5ff
100
AcDbEntity
8
TopLayer
100
AcDbHatch
10
0
20
0
30
0
210
0
220
0
230
1
2
SOLID
70
1
71
0
91
1
92
7
72
0
73
1
93
4
10
36.770891541783094
20
14.053111506223015
10
37.05029210058421
20
14.053111506223015
10
37.05029210058421
20
12.57990855981712
10
36.770891541783094
20
12.57990855981712
97
1
330

75
0
76
1
47
0.4128176842155181
98
1
10
34.90568961886538
20
22.81183545379326
450
0
451
0
460
0
461
0
452
1
462
1
453
2
463
0
63
5
421
255
463
1
63
7
421
16777215
470
LINEAR
1001
ACAD
1010
0
1020
0
1030
0
0
HATCH
5
602
100
AcDbEntity
8
TopLayer
100
AcDbHatch
10
0
20
0
30
0
210
0
220
0
230
1
2
SOLID
70
1
71
0
91
1
92
7
72
0
73
1
93
4
10
36.26289052578106
20
14.053111506223015
10
36.542291084582175
20
14.053111506223015
10
36.542291084582175
20
12.57990855981712
10
36.26289052578106
20
12.57990855981712
97
1
330

75
0
76
1
47
0.4128176842155181
98
1
10
34.90568961886538
20
22.81183545379326
450
0
451
0
460
0
461
0
452
1
462
1
453
2
463
0
63
5
421
255
463
1
63
7
421
16777215
470
LINEAR
1001
ACAD
1010
0
1020
0
1030
0
0
HATCH
5
605
100
AcDbEntity
8
TopLayer
100
AcDbHatch
10
0
20
0
30
0
210
0
220
0
230
1
2
SOLID
70
1
71
0
91
1
92
7
72
0
73
1
93
4
10
35.75488950977903
20
14.053111506223015
10
36.03429006858014
20
14.053111506223015
10
36.03429006858014
20
12.57990855981712
10
35.75488950977903
20
12.57990855981712
97
1
330

75
0
76
1
47
0.4128176842155181
98
1
10
34.90568961886538
20
22.81183545379326
450
0
451
0
460
0
461
0
452
1
462
1
453
2
463
0
63
5
421
255
463
1
63
7
421
16777215
470
LINEAR
1001
ACAD
1010
0
1020
0
1030
0
0
HATCH
5
608
100
AcDbEntity
8
TopLayer
100
AcDbHatch
10
0
20
0
30
0
210
0
220
0
230
1
2
SOLID
70
1
71
0
91
1
92
7
72
0
73
1
93
4
10
35.272288544577094
20
14.053111506223015
10
35.55168910337821
20
14.053111506223015
10
35.55168910337821
20
12.57990855981712
10
35.272288544577094
20
12.57990855981712
97
1
330

75
0
76
1
47
0.4128176842155181
98
1
10
34.90568961886538
20
22.81183545379326
450
0
451
0
460
0
461
0
452
1
462
1
453
2
463
0
63
5
421
255
463
1
63
7
421
16777215
470
LINEAR
1001
ACAD
1010
0
1020
0
1030
0
0
HATCH
5
60b
100
AcDbEntity
8
TopSolderMaskLayer
100
AcDbHatch
10
0
20
0
30
0
210
0
220
0
230
1
2
SOLID
70
1
71
0
91
1
92
7
72
0
73
1
93
4
10
34.71348742697486
20
14.10391335955086
10
35.09448818897638
20
14.10391335955086
10
35.09448818897638
20
12.529110209944559
10
34.71348742697486
20
12.529110209944559
97
1
330

75
0
76
1
47
0.4128176842155181
98
1
10
34.90568961886538
20
22.81183545379326
450
0
451
0
460
0
461
0
452
1
462
1
453
2
463
0
63
5
421
255
463
1
63
7
421
16777215
470
LINEAR
1001
ACAD
1010
0
1020
0
1030
0
0
HATCH
5
60e
100
AcDbEntity
8
TopPasteMaskLayer
100
AcDbHatch
10
0
20
0
30
0
210
0
220
0
230
1
2
SOLID
70
1
71
0
91
1
92
7
72
0
73
1
93
4
10
34.76428752857506
20
14.053111506223015
10
35.043688087376175
20
14.053111506223015
10
35.043688087376175
20
12.57990855981712
10
34.76428752857506
20
12.57990855981712
97
1
330

75
0
76
1
47
0.4128176842155181
98
1
10
34.90568961886538
20
22.81183545379326
450
0
451
0
460
0
461
0
452
1
462
1
453
2
463
0
63
5
421
255
463
1
63
7
421
16777215
470
LINEAR
1001
ACAD
1010
0
1020
0
1030
0
0
HATCH
5
611
100
AcDbEntity
8
TopLayer
100
AcDbHatch
10
0
20
0
30
0
210
0
220
0
230
1
2
SOLID
70
1
71
0
91
1
92
7
72
0
73
1
93
4
10
34.76428752857506
20
14.053111506223015
10
35.043688087376175
20
14.053111506223015
10
35.043688087376175
20
12.57990855981712
10
34.76428752857506
20
12.57990855981712
97
1
330

75
0
76
1
47
0.4128176842155181
98
1
10
34.90568961886538
20
22.81183545379326
450
0
451
0
460
0
461
0
452
1
462
1
453
2
463
0
63
5
421
255
463
1
63
7
421
16777215
470
LINEAR
1001
ACAD
1010
0
1020
0
1030
0
0
HATCH
5
614
100
AcDbEntity
8
TopLayer
100
AcDbHatch
10
0
20
0
30
0
210
0
220
0
230
1
2
SOLID
70
1
71
0
91
1
92
7
72
0
73
1
93
4
10
34.25628651257303
20
14.053111506223015
10
34.53568707137415
20
14.053111506223015
10
34.53568707137415
20
12.57990855981712
10
34.25628651257303
20
12.57990855981712
97
1
330

75
0
76
1
47
0.4128176842155181
98
1
10
34.90568961886538
20
22.81183545379326
450
0
451
0
460
0
461
0
452
1
462
1
453
2
463
0
63
5
421
255
463
1
63
7
421
16777215
470
LINEAR
1001
ACAD
1010
0
1020
0
1030
0
0
HATCH
5
617
100
AcDbEntity
8
TopLayer
100
AcDbHatch
10
0
20
0
30
0
210
0
220
0
230
1
2
SOLID
70
1
71
0
91
1
92
7
72
0
73
1
93
4
10
33.748285496571
20
14.053111506223015
10
34.027686055372115
20
14.053111506223015
10
34.027686055372115
20
12.57990855981712
10
33.748285496571
20
12.57990855981712
97
1
330

75
0
76
1
47
0.4128176842155181
98
1
10
34.90568961886538
20
22.81183545379326
450
0
451
0
460
0
461
0
452
1
462
1
453
2
463
0
63
5
421
255
463
1
63
7
421
16777215
470
LINEAR
1001
ACAD
1010
0
1020
0
1030
0
0
HATCH
5
61a
100
AcDbEntity
8
TopLayer
100
AcDbHatch
10
0
20
0
30
0
210
0
220
0
230
1
2
SOLID
70
1
71
0
91
1
92
7
72
0
73
1
93
4
10
33.26568453136907
20
14.053111506223015
10
33.54508509017018
20
14.053111506223015
10
33.54508509017018
20
12.57990855981712
10
33.26568453136907
20
12.57990855981712
97
1
330

75
0
76
1
47
0.4128176842155181
98
1
10
34.90568961886538
20
22.81183545379326
450
0
451
0
460
0
461
0
452
1
462
1
453
2
463
0
63
5
421
255
463
1
63
7
421
16777215
470
LINEAR
1001
ACAD
1010
0
1020
0
1030
0
0
HATCH
5
61d
100
AcDbEntity
8
TopLayer
100
AcDbHatch
10
0
20
0
30
0
210
0
220
0
230
1
2
SOLID
70
1
71
0
91
1
92
7
72
0
73
1
93
4
10
32.757683515367034
20
14.053111506223015
10
33.03708407416815
20
14.053111506223015
10
33.03708407416815
20
12.57990855981712
10
32.757683515367034
20
12.57990855981712
97
1
330

75
0
76
1
47
0.4128176842155181
98
1
10
34.90568961886538
20
22.81183545379326
450
0
451
0
460
0
461
0
452
1
462
1
453
2
463
0
63
5
421
255
463
1
63
7
421
16777215
470
LINEAR
1001
ACAD
1010
0
1020
0
1030
0
0
HATCH
5
620
100
AcDbEntity
8
TopLayer
100
AcDbHatch
10
0
20
0
30
0
210
0
220
0
230
1
2
SOLID
70
1
71
0
91
1
92
7
72
0
73
1
93
4
10
32.249682499365
20
14.053111506223015
10
32.529083058166115
20
14.053111506223015
10
32.529083058166115
20
12.57990855981712
10
32.249682499365
20
12.57990855981712
97
1
330

75
0
76
1
47
0.4128176842155181
98
1
10
34.90568961886538
20
22.81183545379326
450
0
451
0
460
0
461
0
452
1
462
1
453
2
463
0
63
5
421
255
463
1
63
7
421
16777215
470
LINEAR
1001
ACAD
1010
0
1020
0
1030
0
0
HATCH
5
623
100
AcDbEntity
8
TopLayer
100
AcDbHatch
10
0
20
0
30
0
210
0
220
0
230
1
2
SOLID
70
1
71
0
91
1
92
7
72
0
73
1
93
4
10
31.76708153416307
20
14.053111506223015
10
32.04648209296419
20
14.053111506223015
10
32.04648209296419
20
12.57990855981712
10
31.76708153416307
20
12.57990855981712
97
1
330

75
0
76
1
47
0.4128176842155181
98
1
10
34.90568961886538
20
22.81183545379326
450
0
451
0
460
0
461
0
452
1
462
1
453
2
463
0
63
5
421
255
463
1
63
7
421
16777215
470
LINEAR
1001
ACAD
1010
0
1020
0
1030
0
0
HATCH
5
626
100
AcDbEntity
8
TopLayer
100
AcDbHatch
10
0
20
0
30
0
210
0
220
0
230
1
2
SOLID
70
1
71
0
91
1
92
7
72
0
73
1
93
4
10
29.696977393954793
20
11.703606807213616
10
29.696977393954793
20
11.983007366014734
10
31.170180340360687
20
11.983007366014734
10
31.170180340360687
20
11.703606807213616
97
1
330

75
0
76
1
47
0.4128176842155181
98
1
10
34.90568961886538
20
22.81183545379326
450
0
451
0
460
0
461
0
452
1
462
1
453
2
463
0
63
5
421
255
463
1
63
7
421
16777215
470
LINEAR
1001
ACAD
1010
0
1020
0
1030
0
0
HATCH
5
629
100
AcDbEntity
8
TopLayer
100
AcDbHatch
10
0
20
0
30
0
210
0
220
0
230
1
2
SOLID
70
1
71
0
91
1
92
7
72
0
73
1
93
4
10
29.696977393954793
20
11.221005842011687
10
29.696977393954793
20
11.500406400812802
10
31.170180340360687
20
11.500406400812802
10
31.170180340360687
20
11.221005842011687
97
1
330

75
0
76
1
47
0.4128176842155181
98
1
10
34.90568961886538
20
22.81183545379326
450
0
451
0
460
0
461
0
452
1
462
1
453
2
463
0
63
5
421
255
463
1
63
7
421
16777215
470
LINEAR
1001
ACAD
1010
0
1020
0
1030
0
0
HATCH
5
62c
100
AcDbEntity
8
TopLayer
100
AcDbHatch
10
0
20
0
30
0
210
0
220
0
230
1
2
SOLID
70
1
71
0
91
1
92
7
72
0
73
1
93
4
10
29.696977393954793
20
10.713004826009653
10
29.696977393954793
20
10.99240538481077
10
31.170180340360687
20
10.99240538481077
10
31.170180340360687
20
10.713004826009653
97
1
330

75
0
76
1
47
0.4128176842155181
98
1
10
34.90568961886538
20
22.81183545379326
450
0
451
0
460
0
461
0
452
1
462
1
453
2
463
0
63
5
421
255
463
1
63
7
421
16777215
470
LINEAR
1001
ACAD
1010
0
1020
0
1030
0
0
HATCH
5
62f
100
AcDbEntity
8
TopLayer
100
AcDbHatch
10
0
20
0
30
0
210
0
220
0
230
1
2
SOLID
70
1
71
0
91
1
92
7
72
0
73
1
93
4
10
29.696977393954793
20
10.205003810007621
10
29.696977393954793
20
10.484404368808738
10
31.170180340360687
20
10.484404368808738
10
31.170180340360687
20
10.205003810007621
97
1
330

75
0
76
1
47
0.4128176842155181
98
1
10
34.90568961886538
20
22.81183545379326
450
0
451
0
460
0
461
0
452
1
462
1
453
2
463
0
63
5
421
255
463
1
63
7
421
16777215
470
LINEAR
1001
ACAD
1010
0
1020
0
1030
0
0
HATCH
5
632
100
AcDbEntity
8
TopLayer
100
AcDbHatch
10
0
20
0
30
0
210
0
220
0
230
1
2
SOLID
70
1
71
0
91
1
92
7
72
0
73
1
93
4
10
29.696977393954793
20
9.722402844805691
10
29.696977393954793
20
10.001803403606807
10
31.170180340360687
20
10.001803403606807
10
31.170180340360687
20
9.722402844805691
97
1
330

75
0
76
1
47
0.4128176842155181
98
1
10
34.90568961886538
20
22.81183545379326
450
0
451
0
460
0
461
0
452
1
462
1
453
2
463
0
63
5
421
255
463
1
63
7
421
16777215
470
LINEAR
1001
ACAD
1010
0
1020
0
1030
0
0
HATCH
5
635
100
AcDbEntity
8
TopLayer
100
AcDbHatch
10
0
20
0
30
0
210
0
220
0
230
1
2
SOLID
70
1
71
0
91
1
92
7
72
0
73
1
93
4
10
29.696977393954793
20
9.214401828803657
10
29.696977393954793
20
9.493802387604775
10
31.170180340360687
20
9.493802387604775
10
31.170180340360687
20
9.214401828803657
97
1
330

75
0
76
1
47
0.4128176842155181
98
1
10
34.90568961886538
20
22.81183545379326
450
0
451
0
460
0
461
0
452
1
462
1
453
2
463
0
63
5
421
255
463
1
63
7
421
16777215
470
LINEAR
1001
ACAD
1010
0
1020
0
1030
0
0
HATCH
5
638
100
AcDbEntity
8
TopLayer
100
AcDbHatch
10
0
20
0
30
0
210
0
220
0
230
1
2
SOLID
70
1
71
0
91
1
92
7
72
0
73
1
93
4
10
29.696977393954793
20
8.706400812801625
10
29.696977393954793
20
8.985801371602744
10
31.170180340360687
20
8.985801371602744
10
31.170180340360687
20
8.706400812801625
97
1
330

75
0
76
1
47
0.4128176842155181
98
1
10
34.90568961886538
20
22.81183545379326
450
0
451
0
460
0
461
0
452
1
462
1
453
2
463
0
63
5
421
255
463
1
63
7
421
16777215
470
LINEAR
1001
ACAD
1010
0
1020
0
1030
0
0
HATCH
5
63b
100
AcDbEntity
8
TopLayer
100
AcDbHatch
10
0
20
0
30
0
210
0
220
0
230
1
2
SOLID
70
1
71
0
91
1
92
7
72
0
73
1
93
4
10
29.696977393954793
20
8.198399796799594
10
29.696977393954793
20
8.477800355600712
10
31.170180340360687
20
8.477800355600712
10
31.170180340360687
20
8.198399796799594
97
1
330

75
0
76
1
47
0.4128176842155181
98
1
10
34.90568961886538
20
22.81183545379326
450
0
451
0
460
0
461
0
452
1
462
1
453
2
463
0
63
5
421
255
463
1
63
7
421
16777215
470
LINEAR
1001
ACAD
1010
0
1020
0
1030
0
0
HATCH
5
63e
100
AcDbEntity
8
TopLayer
100
AcDbHatch
10
0
20
0
30
0
210
0
220
0
230
1
2
SOLID
70
1
71
0
91
1
92
7
72
0
73
1
93
4
10
29.696977393954793
20
7.715798831597664
10
29.696977393954793
20
7.995199390398782
10
31.170180340360687
20
7.995199390398782
10
31.170180340360687
20
7.715798831597664
97
1
330

75
0
76
1
47
0.4128176842155181
98
1
10
34.90568961886538
20
22.81183545379326
450
0
451
0
460
0
461
0
452
1
462
1
453
2
463
0
63
5
421
255
463
1
63
7
421
16777215
470
LINEAR
1001
ACAD
1010
0
1020
0
1030
0
0
HATCH
5
641
100
AcDbEntity
8
TopSolderMaskLayer
100
AcDbHatch
10
0
20
0
30
0
210
0
220
0
230
1
2
SOLID
70
1
71
0
91
1
92
7
72
0
73
1
93
4
10
29.646177292354587
20
7.1570069503775375
10
29.646177292354587
20
7.538007712379063
10
31.22098044196089
20
7.538007712379063
10
31.22098044196089
20
7.1570069503775375
97
1
330

75
0
76
1
47
0.4128176842155181
98
1
10
34.90568961886538
20
22.81183545379326
450
0
451
0
460
0
461
0
452
1
462
1
453
2
463
0
63
5
421
255
463
1
63
7
421
16777215
470
LINEAR
1001
ACAD
1010
0
1020
0
1030
0
0
HATCH
5
644
100
AcDbEntity
8
TopPasteMaskLayer
100
AcDbHatch
10
0
20
0
30
0
210
0
220
0
230
1
2
SOLID
70
1
71
0
91
1
92
7
72
0
73
1
93
4
10
29.696977393954793
20
7.207797815595632
10
29.696977393954793
20
7.487198374396749
10
31.170180340360687
20
7.487198374396749
10
31.170180340360687
20
7.207797815595632
97
1
330

75
0
76
1
47
0.4128176842155181
98
1
10
34.90568961886538
20
22.81183545379326
450
0
451
0
460
0
461
0
452
1
462
1
453
2
463
0
63
5
421
255
463
1
63
7
421
16777215
470
LINEAR
1001
ACAD
1010
0
1020
0
1030
0
0
HATCH
5
647
100
AcDbEntity
8
TopLayer
100
AcDbHatch
10
0
20
0
30
0
210
0
220
0
230
1
2
SOLID
70
1
71
0
91
1
92
7
72
0
73
1
93
4
10
29.696977393954793
20
7.207797815595632
10
29.696977393954793
20
7.487198374396749
10
31.170180340360687
20
7.487198374396749
10
31.170180340360687
20
7.207797815595632
97
1
330

75
0
76
1
47
0.4128176842155181
98
1
10
34.90568961886538
20
22.81183545379326
450
0
451
0
460
0
461
0
452
1
462
1
453
2
463
0
63
5
421
255
463
1
63
7
421
16777215
470
LINEAR
1001
ACAD
1010
0
1020
0
1030
0
0
HATCH
5
64a
100
AcDbEntity
8
TopSolderMaskLayer
100
AcDbHatch
10
0
20
0
30
0
210
0
220
0
230
1
2
SOLID
70
1
71
0
91
1
92
7
72
0
73
1
93
4
10
29.646177292354587
20
6.649005934375506
10
29.646177292354587
20
7.03000669637703
10
31.22098044196089
20
7.03000669637703
10
31.22098044196089
20
6.649005934375506
97
1
330

75
0
76
1
47
0.4128176842155181
98
1
10
34.90568961886538
20
22.81183545379326
450
0
451
0
460
0
461
0
452
1
462
1
453
2
463
0
63
5
421
255
463
1
63
7
421
16777215
470
LINEAR
1001
ACAD
1010
0
1020
0
1030
0
0
HATCH
5
64d
100
AcDbEntity
8
TopPasteMaskLayer
100
AcDbHatch
10
0
20
0
30
0
210
0
220
0
230
1
2
SOLID
70
1
71
0
91
1
92
7
72
0
73
1
93
4
10
29.696977393954793
20
6.699796799593599
10
29.696977393954793
20
6.9791973583947176
10
31.170180340360687
20
6.9791973583947176
10
31.170180340360687
20
6.699796799593599
97
1
330

75
0
76
1
47
0.4128176842155181
98
1
10
34.90568961886538
20
22.81183545379326
450
0
451
0
460
0
461
0
452
1
462
1
453
2
463
0
63
5
421
255
463
1
63
7
421
16777215
470
LINEAR
1001
ACAD
1010
0
1020
0
1030
0
0
HATCH
5
650
100
AcDbEntity
8
TopLayer
100
AcDbHatch
10
0
20
0
30
0
210
0
220
0
230
1
2
SOLID
70
1
71
0
91
1
92
7
72
0
73
1
93
4
10
29.696977393954793
20
6.699796799593599
10
29.696977393954793
20
6.9791973583947176
10
31.170180340360687
20
6.9791973583947176
10
31.170180340360687
20
6.699796799593599
97
1
330

75
0
76
1
47
0.4128176842155181
98
1
10
34.90568961886538
20
22.81183545379326
450
0
451
0
460
0
461
0
452
1
462
1
453
2
463
0
63
5
421
255
463
1
63
7
421
16777215
470
LINEAR
1001
ACAD
1010
0
1020
0
1030
0
0
HATCH
5
653
100
AcDbEntity
8
TopLayer
100
AcDbHatch
10
0
20
0
30
0
210
0
220
0
230
1
2
SOLID
70
1
71
0
91
1
92
7
72
0
73
1
93
4
10
29.696977393954793
20
6.21719583439167
10
29.696977393954793
20
6.496596393192788
10
31.170180340360687
20
6.496596393192788
10
31.170180340360687
20
6.21719583439167
97
1
330

75
0
76
1
47
0.4128176842155181
98
1
10
34.90568961886538
20
22.81183545379326
450
0
451
0
460
0
461
0
452
1
462
1
453
2
463
0
63
5
421
255
463
1
63
7
421
16777215
470
LINEAR
1001
ACAD
1010
0
1020
0
1030
0
0
HATCH
5
656
100
AcDbEntity
8
TopLayer
100
AcDbHatch
10
0
20
0
30
0
210
0
220
0
230
1
2
SOLID
70
1
71
0
91
1
92
7
72
0
73
1
93
4
10
31.76708153416307
20
5.6202946405892815
10
32.04648209296419
20
5.6202946405892815
10
32.04648209296419
20
4.1470916941833895
10
31.76708153416307
20
4.1470916941833895
97
1
330

75
0
76
1
47
0.4128176842155181
98
1
10
34.90568961886538
20
22.81183545379326
450
0
451
0
460
0
461
0
452
1
462
1
453
2
463
0
63
5
421
255
463
1
63
7
421
16777215
470
LINEAR
1001
ACAD
1010
0
1020
0
1030
0
0
HATCH
5
659
100
AcDbEntity
8
TopLayer
100
AcDbHatch
10
0
20
0
30
0
210
0
220
0
230
1
2
SOLID
70
1
71
0
91
1
92
7
72
0
73
1
93
4
10
32.249682499365
20
5.6202946405892815
10
32.529083058166115
20
5.6202946405892815
10
32.529083058166115
20
4.1470916941833895
10
32.249682499365
20
4.1470916941833895
97
1
330

75
0
76
1
47
0.4128176842155181
98
1
10
34.90568961886538
20
22.81183545379326
450
0
451
0
460
0
461
0
452
1
462
1
453
2
463
0
63
5
421
255
463
1
63
7
421
16777215
470
LINEAR
1001
ACAD
1010
0
1020
0
1030
0
0
HATCH
5
65c
100
AcDbEntity
8
TopLayer
100
AcDbHatch
10
0
20
0
30
0
210
0
220
0
230
1
2
SOLID
70
1
71
0
91
1
92
7
72
0
73
1
93
4
10
32.757683515367034
20
5.6202946405892815
10
33.03708407416815
20
5.6202946405892815
10
33.03708407416815
20
4.1470916941833895
10
32.757683515367034
20
4.1470916941833895
97
1
330

75
0
76
1
47
0.4128176842155181
98
1
10
34.90568961886538
20
22.81183545379326
450
0
451
0
460
0
461
0
452
1
462
1
453
2
463
0
63
5
421
255
463
1
63
7
421
16777215
470
LINEAR
1001
ACAD
1010
0
1020
0
1030
0
0
HATCH
5
65f
100
AcDbEntity
8
TopLayer
100
AcDbHatch
10
0
20
0
30
0
210
0
220
0
230
1
2
SOLID
70
1
71
0
91
1
92
7
72
0
73
1
93
4
10
33.26568453136907
20
5.6202946405892815
10
33.54508509017018
20
5.6202946405892815
10
33.54508509017018
20
4.1470916941833895
10
33.26568453136907
20
4.1470916941833895
97
1
330

75
0
76
1
47
0.4128176842155181
98
1
10
34.90568961886538
20
22.81183545379326
450
0
451
0
460
0
461
0
452
1
462
1
453
2
463
0
63
5
421
255
463
1
63
7
421
16777215
470
LINEAR
1001
ACAD
1010
0
1020
0
1030
0
0
HATCH
5
662
100
AcDbEntity
8
TopLayer
100
AcDbHatch
10
0
20
0
30
0
210
0
220
0
230
1
2
SOLID
70
1
71
0
91
1
92
7
72
0
73
1
93
4
10
33.748285496571
20
5.6202946405892815
10
34.027686055372115
20
5.6202946405892815
10
34.027686055372115
20
4.1470916941833895
10
33.748285496571
20
4.1470916941833895
97
1
330

75
0
76
1
47
0.4128176842155181
98
1
10
34.90568961886538
20
22.81183545379326
450
0
451
0
460
0
461
0
452
1
462
1
453
2
463
0
63
5
421
255
463
1
63
7
421
16777215
470
LINEAR
1001
ACAD
1010
0
1020
0
1030
0
0
HATCH
5
665
100
AcDbEntity
8
TopLayer
100
AcDbHatch
10
0
20
0
30
0
210
0
220
0
230
1
2
SOLID
70
1
71
0
91
1
92
7
72
0
73
1
93
4
10
34.25628651257303
20
5.6202946405892815
10
34.53568707137415
20
5.6202946405892815
10
34.53568707137415
20
4.1470916941833895
10
34.25628651257303
20
4.1470916941833895
97
1
330

75
0
76
1
47
0.4128176842155181
98
1
10
34.90568961886538
20
22.81183545379326
450
0
451
0
460
0
461
0
452
1
462
1
453
2
463
0
63
5
421
255
463
1
63
7
421
16777215
470
LINEAR
1001
ACAD
1010
0
1020
0
1030
0
0
HATCH
5
668
100
AcDbEntity
8
TopLayer
100
AcDbHatch
10
0
20
0
30
0
210
0
220
0
230
1
2
SOLID
70
1
71
0
91
1
92
7
72
0
73
1
93
4
10
34.76428752857506
20
5.6202946405892815
10
35.043688087376175
20
5.6202946405892815
10
35.043688087376175
20
4.1470916941833895
10
34.76428752857506
20
4.1470916941833895
97
1
330

75
0
76
1
47
0.4128176842155181
98
1
10
34.90568961886538
20
22.81183545379326
450
0
451
0
460
0
461
0
452
1
462
1
453
2
463
0
63
5
421
255
463
1
63
7
421
16777215
470
LINEAR
1001
ACAD
1010
0
1020
0
1030
0
0
HATCH
5
66b
100
AcDbEntity
8
TopLayer
100
AcDbHatch
10
0
20
0
30
0
210
0
220
0
230
1
2
SOLID
70
1
71
0
91
1
92
7
72
0
73
1
93
4
10
35.272288544577094
20
5.6202946405892815
10
35.55168910337821
20
5.6202946405892815
10
35.55168910337821
20
4.1470916941833895
10
35.272288544577094
20
4.1470916941833895
97
1
330

75
0
76
1
47
0.4128176842155181
98
1
10
34.90568961886538
20
22.81183545379326
450
0
451
0
460
0
461
0
452
1
462
1
453
2
463
0
63
5
421
255
463
1
63
7
421
16777215
470
LINEAR
1001
ACAD
1010
0
1020
0
1030
0
0
HATCH
5
66e
100
AcDbEntity
8
TopLayer
100
AcDbHatch
10
0
20
0
30
0
210
0
220
0
230
1
2
SOLID
70
1
71
0
91
1
92
7
72
0
73
1
93
4
10
35.75488950977903
20
5.6202946405892815
10
36.03429006858014
20
5.6202946405892815
10
36.03429006858014
20
4.1470916941833895
10
35.75488950977903
20
4.1470916941833895
97
1
330

75
0
76
1
47
0.4128176842155181
98
1
10
34.90568961886538
20
22.81183545379326
450
0
451
0
460
0
461
0
452
1
462
1
453
2
463
0
63
5
421
255
463
1
63
7
421
16777215
470
LINEAR
1001
ACAD
1010
0
1020
0
1030
0
0
HATCH
5
671
100
AcDbEntity
8
TopLayer
100
AcDbHatch
10
0
20
0
30
0
210
0
220
0
230
1
2
SOLID
70
1
71
0
91
1
92
7
72
0
73
1
93
4
10
36.26289052578106
20
5.6202946405892815
10
36.542291084582175
20
5.6202946405892815
10
36.542291084582175
20
4.1470916941833895
10
36.26289052578106
20
4.1470916941833895
97
1
330

75
0
76
1
47
0.4128176842155181
98
1
10
34.90568961886538
20
22.81183545379326
450
0
451
0
460
0
461
0
452
1
462
1
453
2
463
0
63
5
421
255
463
1
63
7
421
16777215
470
LINEAR
1001
ACAD
1010
0
1020
0
1030
0
0
HATCH
5
674
100
AcDbEntity
8
TopLayer
100
AcDbHatch
10
0
20
0
30
0
210
0
220
0
230
1
2
SOLID
70
1
71
0
91
1
92
7
72
0
73
1
93
4
10
36.770891541783094
20
5.6202946405892815
10
37.05029210058421
20
5.6202946405892815
10
37.05029210058421
20
4.1470916941833895
10
36.770891541783094
20
4.1470916941833895
97
1
330

75
0
76
1
47
0.4128176842155181
98
1
10
34.90568961886538
20
22.81183545379326
450
0
451
0
460
0
461
0
452
1
462
1
453
2
463
0
63
5
421
255
463
1
63
7
421
16777215
470
LINEAR
1001
ACAD
1010
0
1020
0
1030
0
0
HATCH
5
677
100
AcDbEntity
8
TopLayer
100
AcDbHatch
10
0
20
0
30
0
210
0
220
0
230
1
2
SOLID
70
1
71
0
91
1
92
7
72
0
73
1
93
4
10
37.25349250698502
20
5.6202946405892815
10
37.53289306578614
20
5.6202946405892815
10
37.53289306578614
20
4.1470916941833895
10
37.25349250698502
20
4.1470916941833895
97
1
330

75
0
76
1
47
0.4128176842155181
98
1
10
34.90568961886538
20
22.81183545379326
450
0
451
0
460
0
461
0
452
1
462
1
453
2
463
0
63
5
421
255
463
1
63
7
421
16777215
470
LINEAR
1001
ACAD
1010
0
1020
0
1030
0
0
HATCH
5
67a
100
AcDbEntity
8
TopLayer
100
AcDbHatch
10
0
20
0
30
0
210
0
220
0
230
1
2
SOLID
70
1
71
0
91
1
92
7
72
0
73
1
93
4
10
40.54000508001017
20
6.840005080010161
10
40.54000508001017
20
7.240055880111761
10
42.73990347980697
20
7.240055880111761
10
42.73990347980697
20
6.840005080010161
97
1
330

75
0
76
1
47
0.4128176842155181
98
1
10
34.90568961886538
20
22.81183545379326
450
0
451
0
460
0
461
0
452
1
462
1
453
2
463
0
63
5
421
255
463
1
63
7
421
16777215
470
LINEAR
1001
ACAD
1010
0
1020
0
1030
0
0
HATCH
5
67d
100
AcDbEntity
8
TopLayer
100
AcDbHatch
10
0
20
0
30
0
210
0
220
0
230
1
2
SOLID
70
1
71
0
91
1
92
7
72
0
73
1
93
4
10
40.54000508001017
20
8.039903479806961
10
40.54000508001017
20
8.43995427990856
10
42.73990347980697
20
8.43995427990856
10
42.73990347980697
20
8.039903479806961
97
1
330

75
0
76
1
47
0.4128176842155181
98
1
10
34.90568961886538
20
22.81183545379326
450
0
451
0
460
0
461
0
452
1
462
1
453
2
463
0
63
5
421
255
463
1
63
7
421
16777215
470
LINEAR
1001
ACAD
1010
0
1020
0
1030
0
0
HATCH
5
680
100
AcDbEntity
8
TopLayer
100
AcDbHatch
10
0
20
0
30
0
210
0
220
0
230
1
2
SOLID
70
1
71
0
91
1
92
7
72
0
73
1
93
4
10
40.54000508001017
20
9.240055880111763
10
40.54000508001017
20
9.64010668021336
10
42.73990347980697
20
9.64010668021336
10
42.73990347980697
20
9.240055880111763
97
1
330

75
0
76
1
47
0.4128176842155181
98
1
10
34.90568961886538
20
22.81183545379326
450
0
451
0
460
0
461
0
452
1
462
1
453
2
463
0
63
5
421
255
463
1
63
7
421
16777215
470
LINEAR
1001
ACAD
1010
0
1020
0
1030
0
0
HATCH
5
683
100
AcDbEntity
8
TopLayer
100
AcDbHatch
10
0
20
0
30
0
210
0
220
0
230
1
2
SOLID
70
1
71
0
91
1
92
7
72
0
73
1
93
4
10
17.549911099822204
20
4.29491998983998
10
17.549911099822204
20
3.595148590297181
10
16.5499110998222
20
3.595148590297181
10
16.5499110998222
20
4.29491998983998
97
1
330

75
0
76
1
47
0.4128176842155181
98
1
10
34.90568961886538
20
22.81183545379326
450
0
451
0
460
0
461
0
452
1
462
1
453
2
463
0
63
5
421
255
463
1
63
7
421
16777215
470
LINEAR
1001
ACAD
1010
0
1020
0
1030
0
0
HATCH
5
686
100
AcDbEntity
8
TopLayer
100
AcDbHatch
10
0
20
0
30
0
210
0
220
0
230
1
2
SOLID
70
1
71
0
91
1
92
7
72
0
73
1
93
4
10
17.549911099822204
20
3.3449580899161804
10
17.549911099822204
20
2.64493268986538
10
16.5499110998222
20
2.64493268986538
10
16.5499110998222
20
3.3449580899161804
97
1
330

75
0
76
1
47
0.4128176842155181
98
1
10
34.90568961886538
20
22.81183545379326
450
0
451
0
460
0
461
0
452
1
462
1
453
2
463
0
63
5
421
255
463
1
63
7
421
16777215
470
LINEAR
1001
ACAD
1010
0
1020
0
1030
0
0
HATCH
5
689
100
AcDbEntity
8
TopLayer
100
AcDbHatch
10
0
20
0
30
0
210
0
220
0
230
1
2
SOLID
70
1
71
0
91
1
92
7
72
0
73
1
93
4
10
17.549911099822204
20
2.3949961899923804
10
17.549911099822204
20
1.69497078994158
10
16.5499110998222
20
1.69497078994158
10
16.5499110998222
20
2.3949961899923804
97
1
330

75
0
76
1
47
0.4128176842155181
98
1
10
34.90568961886538
20
22.81183545379326
450
0
451
0
460
0
461
0
452
1
462
1
453
2
463
0
63
5
421
255
463
1
63
7
421
16777215
470
LINEAR
1001
ACAD
1010
0
1020
0
1030
0
0
HATCH
5
68c
100
AcDbEntity
8
TopLayer
100
AcDbHatch
10
0
20
0
30
0
210
0
220
0
230
1
2
SOLID
70
1
71
0
91
1
92
7
72
0
73
1
93
4
10
19.949961899923803
20
2.3949961899923804
10
19.949961899923803
20
1.69497078994158
10
18.949961899923803
20
1.69497078994158
10
18.949961899923803
20
2.3949961899923804
97
1
330

75
0
76
1
47
0.4128176842155181
98
1
10
34.90568961886538
20
22.81183545379326
450
0
451
0
460
0
461
0
452
1
462
1
453
2
463
0
63
5
421
255
463
1
63
7
421
16777215
470
LINEAR
1001
ACAD
1010
0
1020
0
1030
0
0
HATCH
5
68f
100
AcDbEntity
8
TopLayer
100
AcDbHatch
10
0
20
0
30
0
210
0
220
0
230
1
2
SOLID
70
1
71
0
91
1
92
7
72
0
73
1
93
4
10
19.949961899923803
20
4.29491998983998
10
19.949961899923803
20
3.595148590297181
10
18.949961899923803
20
3.595148590297181
10
18.949961899923803
20
4.29491998983998
97
1
330

75
0
76
1
47
0.4128176842155181
98
1
10
34.90568961886538
20
22.81183545379326
450
0
451
0
460
0
461
0
452
1
462
1
453
2
463
0
63
5
421
255
463
1
63
7
421
16777215
470
LINEAR
1001
ACAD
1010
0
1020
0
1030
0
0
HATCH
5
692
100
AcDbEntity
8
TopLayer
100
AcDbHatch
10
0
20
0
30
0
210
0
220
0
230
1
2
SOLID
70
1
71
0
91
1
92
7
72
0
73
1
93
4
10
25.949961899923803
20
0.40007620015240036
10
25.949961899923803
20
1.7000508001016006
10
27.449834899669803
20
1.7000508001016006
10
27.449834899669803
20
0.40007620015240036
97
1
330

75
0
76
1
47
0.4128176842155181
98
1
10
34.90568961886538
20
22.81183545379326
450
0
451
0
460
0
461
0
452
1
462
1
453
2
463
0
63
5
421
255
463
1
63
7
421
16777215
470
LINEAR
1001
ACAD
1010
0
1020
0
1030
0
0
HATCH
5
695
100
AcDbEntity
8
TopLayer
100
AcDbHatch
10
0
20
0
30
0
210
0
220
0
230
1
2
SOLID
70
1
71
0
91
1
92
7
72
0
73
1
93
4
10
25.949961899923803
20
2.100101600203201
10
25.949961899923803
20
3.4000762001524008
10
27.449834899669803
20
3.4000762001524008
10
27.449834899669803
20
2.100101600203201
97
1
330

75
0
76
1
47
0.4128176842155181
98
1
10
34.90568961886538
20
22.81183545379326
450
0
451
0
460
0
461
0
452
1
462
1
453
2
463
0
63
5
421
255
463
1
63
7
421
16777215
470
LINEAR
1001
ACAD
1010
0
1020
0
1030
0
0
HATCH
5
698
100
AcDbEntity
8
TopLayer
100
AcDbHatch
10
0
20
0
30
0
210
0
220
0
230
1
2
SOLID
70
1
71
0
91
1
92
7
72
0
73
1
93
4
10
20.679959359918723
20
4.370104140208281
10
21.97993395986792
20
4.370104140208281
10
21.97993395986792
20
2.86997713995428
10
20.679959359918723
20
2.86997713995428
97
1
330

75
0
76
1
47
0.4128176842155181
98
1
10
34.90568961886538
20
22.81183545379326
450
0
451
0
460
0
461
0
452
1
462
1
453
2
463
0
63
5
421
255
463
1
63
7
421
16777215
470
LINEAR
1001
ACAD
1010
0
1020
0
1030
0
0
HATCH
5
69b
100
AcDbEntity
8
TopLayer
100
AcDbHatch
10
0
20
0
30
0
210
0
220
0
230
1
2
SOLID
70
1
71
0
91
1
92
7
72
0
73
1
93
4
10
22.37998475996952
20
4.370104140208281
10
23.679959359918726
20
4.370104140208281
10
23.679959359918726
20
2.86997713995428
10
22.37998475996952
20
2.86997713995428
97
1
330

75
0
76
1
47
0.4128176842155181
98
1
10
34.90568961886538
20
22.81183545379326
450
0
451
0
460
0
461
0
452
1
462
1
453
2
463
0
63
5
421
255
463
1
63
7
421
16777215
470
LINEAR
1001
ACAD
1010
0
1020
0
1030
0
0
HATCH
5
69e
100
AcDbEntity
8
TopSolderMaskLayer
100
AcDbHatch
10
0
20
0
30
0
210
0
220
0
230
1
2
SOLID
70
1
71
0
91
1
92
7
72
0
73
1
93
4
10
24.423849228441934
20
0.44414399796541526
10
24.423849228441934
20
1.6559881635892306
10
25.516206651669833
20
1.6559881635892306
10
25.516206651669833
20
0.44414399796541526
97
1
330

75
0
76
1
47
0.4128176842155181
98
1
10
34.90568961886538
20
22.81183545379326
450
0
451
0
460
0
461
0
452
1
462
1
453
2
463
0
63
5
421
255
463
1
63
7
421
16777215
470
LINEAR
1001
ACAD
1010
0
1020
0
1030
0
0
HATCH
5
6a1
100
AcDbEntity
8
TopPasteMaskLayer
100
AcDbHatch
10
0
20
0
30
0
210
0
220
0
230
1
2
SOLID
70
1
71
0
91
1
92
7
72
0
73
1
93
4
10
24.470027940055882
20
0.5000254000508001
10
24.470027940055882
20
1.6001016002032005
10
25.470027940055886
20
1.6001016002032005
10
25.470027940055886
20
0.5000254000508001
97
1
330

75
0
76
1
47
0.4128176842155181
98
1
10
34.90568961886538
20
22.81183545379326
450
0
451
0
460
0
461
0
452
1
462
1
453
2
463
0
63
5
421
255
463
1
63
7
421
16777215
470
LINEAR
1001
ACAD
1010
0
1020
0
1030
0
0
HATCH
5
6a4
100
AcDbEntity
8
TopLayer
100
AcDbHatch
10
0
20
0
30
0
210
0
220
0
230
1
2
SOLID
70
1
71
0
91
1
92
7
72
0
73
1
93
4
10
24.470027940055882
20
0.5000254000508001
10
24.470027940055882
20
1.6001016002032005
10
25.470027940055886
20
1.6001016002032005
10
25.470027940055886
20
0.5000254000508001
97
1
330

75
0
76
1
47
0.4128176842155181
98
1
10
34.90568961886538
20
22.81183545379326
450
0
451
0
460
0
461
0
452
1
462
1
453
2
463
0
63
5
421
255
463
1
63
7
421
16777215
470
LINEAR
1001
ACAD
1010
0
1020
0
1030
0
0
HATCH
5
6a7
100
AcDbEntity
8
TopSolderMaskLayer
100
AcDbHatch
10
0
20
0
30
0
210
0
220
0
230
1
2
SOLID
70
1
71
0
91
1
92
7
72
0
73
1
93
4
10
24.423849228441934
20
2.1441693980162153
10
24.423849228441934
20
3.356013563640031
10
25.516206651669833
20
3.356013563640031
10
25.516206651669833
20
2.1441693980162153
97
1
330

75
0
76
1
47
0.4128176842155181
98
1
10
34.90568961886538
20
22.81183545379326
450
0
451
0
460
0
461
0
452
1
462
1
453
2
463
0
63
5
421
255
463
1
63
7
421
16777215
470
LINEAR
1001
ACAD
1010
0
1020
0
1030
0
0
HATCH
5
6aa
100
AcDbEntity
8
TopPasteMaskLayer
100
AcDbHatch
10
0
20
0
30
0
210
0
220
0
230
1
2
SOLID
70
1
71
0
91
1
92
7
72
0
73
1
93
4
10
24.470027940055882
20
2.2000508001016006
10
24.470027940055882
20
3.3001270002540006
10
25.470027940055886
20
3.3001270002540006
10
25.470027940055886
20
2.2000508001016006
97
1
330

75
0
76
1
47
0.4128176842155181
98
1
10
34.90568961886538
20
22.81183545379326
450
0
451
0
460
0
461
0
452
1
462
1
453
2
463
0
63
5
421
255
463
1
63
7
421
16777215
470
LINEAR
1001
ACAD
1010
0
1020
0
1030
0
0
HATCH
5
6ad
100
AcDbEntity
8
TopLayer
100
AcDbHatch
10
0
20
0
30
0
210
0
220
0
230
1
2
SOLID
70
1
71
0
91
1
92
7
72
0
73
1
93
4
10
24.470027940055882
20
2.2000508001016006
10
24.470027940055882
20
3.3001270002540006
10
25.470027940055886
20
3.3001270002540006
10
25.470027940055886
20
2.2000508001016006
97
1
330

75
0
76
1
47
0.4128176842155181
98
1
10
34.90568961886538
20
22.81183545379326
450
0
451
0
460
0
461
0
452
1
462
1
453
2
463
0
63
5
421
255
463
1
63
7
421
16777215
470
LINEAR
1001
ACAD
1010
0
1020
0
1030
0
0
HATCH
5
6b0
100
AcDbEntity
8
TopSolderMaskLayer
100
AcDbHatch
10
0
20
0
30
0
210
0
220
0
230
1
2
SOLID
70
1
71
0
91
1
92
7
72
0
73
1
93
4
10
20.72910845821692
20
5.733454447554057
10
21.930784861569727
20
5.733454447554057
10
21.930784861569727
20
4.631854244353651
10
20.72910845821692
20
4.631854244353651
97
1
330

75
0
76
1
47
0.4128176842155181
98
1
10
34.90568961886538
20
22.81183545379326
450
0
451
0
460
0
461
0
452
1
462
1
453
2
463
0
63
5
421
255
463
1
63
7
421
16777215
470
LINEAR
1001
ACAD
1010
0
1020
0
1030
0
0
HATCH
5
6b3
100
AcDbEntity
8
TopPasteMaskLayer
100
AcDbHatch
10
0
20
0
30
0
210
0
220
0
230
1
2
SOLID
70
1
71
0
91
1
92
7
72
0
73
1
93
4
10
20.779908559817123
20
5.682651765303531
10
21.879984759969524
20
5.682651765303531
10
21.879984759969524
20
4.6826517653035316
10
20.779908559817123
20
4.6826517653035316
97
1
330

75
0
76
1
47
0.4128176842155181
98
1
10
34.90568961886538
20
22.81183545379326
450
0
451
0
460
0
461
0
452
1
462
1
453
2
463
0
63
5
421
255
463
1
63
7
421
16777215
470
LINEAR
1001
ACAD
1010
0
1020
0
1030
0
0
HATCH
5
6b6
100
AcDbEntity
8
TopLayer
100
AcDbHatch
10
0
20
0
30
0
210
0
220
0
230
1
2
SOLID
70
1
71
0
91
1
92
7
72
0
73
1
93
4
10
20.779908559817123
20
5.682651765303531
10
21.879984759969524
20
5.682651765303531
10
21.879984759969524
20
4.6826517653035316
10
20.779908559817123
20
4.6826517653035316
97
1
330

75
0
76
1
47
0.4128176842155181
98
1
10
34.90568961886538
20
22.81183545379326
450
0
451
0
460
0
461
0
452
1
462
1
453
2
463
0
63
5
421
255
463
1
63
7
421
16777215
470
LINEAR
1001
ACAD
1010
0
1020
0
1030
0
0
HATCH
5
6b9
100
AcDbEntity
8
TopSolderMaskLayer
100
AcDbHatch
10
0
20
0
30
0
210
0
220
0
230
1
2
SOLID
70
1
71
0
91
1
92
7
72
0
73
1
93
4
10
22.42913385826772
20
5.733454447554057
10
23.630810261620528
20
5.733454447554057
10
23.630810261620528
20
4.631854244353651
10
22.42913385826772
20
4.631854244353651
97
1
330

75
0
76
1
47
0.4128176842155181
98
1
10
34.90568961886538
20
22.81183545379326
450
0
451
0
460
0
461
0
452
1
462
1
453
2
463
0
63
5
421
255
463
1
63
7
421
16777215
470
LINEAR
1001
ACAD
1010
0
1020
0
1030
0
0
HATCH
5
6bc
100
AcDbEntity
8
TopPasteMaskLayer
100
AcDbHatch
10
0
20
0
30
0
210
0
220
0
230
1
2
SOLID
70
1
71
0
91
1
92
7
72
0
73
1
93
4
10
22.47993395986792
20
5.682651765303531
10
23.580010160020326
20
5.682651765303531
10
23.580010160020326
20
4.6826517653035316
10
22.47993395986792
20
4.6826517653035316
97
1
330

75
0
76
1
47
0.4128176842155181
98
1
10
34.90568961886538
20
22.81183545379326
450
0
451
0
460
0
461
0
452
1
462
1
453
2
463
0
63
5
421
255
463
1
63
7
421
16777215
470
LINEAR
1001
ACAD
1010
0
1020
0
1030
0
0
HATCH
5
6bf
100
AcDbEntity
8
TopLayer
100
AcDbHatch
10
0
20
0
30
0
210
0
220
0
230
1
2
SOLID
70
1
71
0
91
1
92
7
72
0
73
1
93
4
10
22.47993395986792
20
5.682651765303531
10
23.580010160020326
20
5.682651765303531
10
23.580010160020326
20
4.6826517653035316
10
22.47993395986792
20
4.6826517653035316
97
1
330

75
0
76
1
47
0.4128176842155181
98
1
10
34.90568961886538
20
22.81183545379326
450
0
451
0
460
0
461
0
452
1
462
1
453
2
463
0
63
5
421
255
463
1
63
7
421
16777215
470
LINEAR
1001
ACAD
1010
0
1020
0
1030
0
0
HATCH
5
6c2
100
AcDbEntity
8
TopSolderMaskLayer
100
AcDbHatch
10
0
20
0
30
0
210
0
220
0
230
1
2
SOLID
70
1
71
0
91
1
92
7
72
0
73
1
93
4
10
20.72910845821692
20
2.608232197109556
10
21.930784861569727
20
2.608232197109556
10
21.930784861569727
20
1.5066319939091493
10
20.72910845821692
20
1.5066319939091493
97
1
330

75
0
76
1
47
0.4128176842155181
98
1
10
34.90568961886538
20
22.81183545379326
450
0
451
0
460
0
461
0
452
1
462
1
453
2
463
0
63
5
421
255
463
1
63
7
421
16777215
470
LINEAR
1001
ACAD
1010
0
1020
0
1030
0
0
HATCH
5
6c5
100
AcDbEntity
8
TopPasteMaskLayer
100
AcDbHatch
10
0
20
0
30
0
210
0
220
0
230
1
2
SOLID
70
1
71
0
91
1
92
7
72
0
73
1
93
4
10
20.779908559817123
20
2.55742951485903
10
21.879984759969524
20
2.55742951485903
10
21.879984759969524
20
1.5574295148590298
10
20.779908559817123
20
1.5574295148590298
97
1
330

75
0
76
1
47
0.4128176842155181
98
1
10
34.90568961886538
20
22.81183545379326
450
0
451
0
460
0
461
0
452
1
462
1
453
2
463
0
63
5
421
255
463
1
63
7
421
16777215
470
LINEAR
1001
ACAD
1010
0
1020
0
1030
0
0
HATCH
5
6c8
100
AcDbEntity
8
TopLayer
100
AcDbHatch
10
0
20
0
30
0
210
0
220
0
230
1
2
SOLID
70
1
71
0
91
1
92
7
72
0
73
1
93
4
10
20.779908559817123
20
2.55742951485903
10
21.879984759969524
20
2.55742951485903
10
21.879984759969524
20
1.5574295148590298
10
20.779908559817123
20
1.5574295148590298
97
1
330

75
0
76
1
47
0.4128176842155181
98
1
10
34.90568961886538
20
22.81183545379326
450
0
451
0
460
0
461
0
452
1
462
1
453
2
463
0
63
5
421
255
463
1
63
7
421
16777215
470
LINEAR
1001
ACAD
1010
0
1020
0
1030
0
0
HATCH
5
6cb
100
AcDbEntity
8
TopSolderMaskLayer
100
AcDbHatch
10
0
20
0
30
0
210
0
220
0
230
1
2
SOLID
70
1
71
0
91
1
92
7
72
0
73
1
93
4
10
22.42913385826772
20
2.608232197109556
10
23.630810261620528
20
2.608232197109556
10
23.630810261620528
20
1.5066319939091493
10
22.42913385826772
20
1.5066319939091493
97
1
330

75
0
76
1
47
0.4128176842155181
98
1
10
34.90568961886538
20
22.81183545379326
450
0
451
0
460
0
461
0
452
1
462
1
453
2
463
0
63
5
421
255
463
1
63
7
421
16777215
470
LINEAR
1001
ACAD
1010
0
1020
0
1030
0
0
HATCH
5
6ce
100
AcDbEntity
8
TopPasteMaskLayer
100
AcDbHatch
10
0
20
0
30
0
210
0
220
0
230
1
2
SOLID
70
1
71
0
91
1
92
7
72
0
73
1
93
4
10
22.47993395986792
20
2.55742951485903
10
23.580010160020326
20
2.55742951485903
10
23.580010160020326
20
1.5574295148590298
10
22.47993395986792
20
1.5574295148590298
97
1
330

75
0
76
1
47
0.4128176842155181
98
1
10
34.90568961886538
20
22.81183545379326
450
0
451
0
460
0
461
0
452
1
462
1
453
2
463
0
63
5
421
255
463
1
63
7
421
16777215
470
LINEAR
1001
ACAD
1010
0
1020
0
1030
0
0
HATCH
5
6d1
100
AcDbEntity
8
TopLayer
100
AcDbHatch
10
0
20
0
30
0
210
0
220
0
230
1
2
SOLID
70
1
71
0
91
1
92
7
72
0
73
1
93
4
10
22.47993395986792
20
2.55742951485903
10
23.580010160020326
20
2.55742951485903
10
23.580010160020326
20
1.5574295148590298
10
22.47993395986792
20
1.5574295148590298
97
1
330

75
0
76
1
47
0.4128176842155181
98
1
10
34.90568961886538
20
22.81183545379326
450
0
451
0
460
0
461
0
452
1
462
1
453
2
463
0
63
5
421
255
463
1
63
7
421
16777215
470
LINEAR
1001
ACAD
1010
0
1020
0
1030
0
0
HATCH
5
6d4
100
AcDbEntity
8
TopLayer
100
AcDbHatch
10
0
20
0
30
0
210
0
220
0
230
1
2
SOLID
70
1
71
0
91
1
92
7
72
0
73
1
93
4
10
41.599974599949206
20
12.050088900177803
10
42.89994919989841
20
12.050088900177803
10
42.89994919989841
20
10.549961899923803
10
41.599974599949206
20
10.549961899923803
97
1
330

75
0
76
1
47
0.4128176842155181
98
1
10
34.90568961886538
20
22.81183545379326
450
0
451
0
460
0
461
0
452
1
462
1
453
2
463
0
63
5
421
255
463
1
63
7
421
16777215
470
LINEAR
1001
ACAD
1010
0
1020
0
1030
0
0
HATCH
5
6d7
100
AcDbEntity
8
TopSolderMaskLayer
100
AcDbHatch
10
0
20
0
30
0
210
0
220
0
230
1
2
SOLID
70
1
71
0
91
1
92
7
72
0
73
1
93
4
10
43.24920188355422
20
12.1008924423538
10
44.65077668670382
20
12.1008924423538
10
44.65077668670382
20
10.499165238899394
10
43.24920188355422
20
10.499165238899394
97
1
330

75
0
76
1
47
0.4128176842155181
98
1
10
34.90568961886538
20
22.81183545379326
450
0
451
0
460
0
461
0
452
1
462
1
453
2
463
0
63
5
421
255
463
1
63
7
421
16777215
470
LINEAR
1001
ACAD
1010
0
1020
0
1030
0
0
HATCH
5
6da
100
AcDbEntity
8
TopPasteMaskLayer
100
AcDbHatch
10
0
20
0
30
0
210
0
220
0
230
1
2
SOLID
70
1
71
0
91
1
92
7
72
0
73
1
93
4
10
43.300000000000004
20
12.050088900177803
10
44.599974599949206
20
12.050088900177803
10
44.599974599949206
20
10.549961899923803
10
43.300000000000004
20
10.549961899923803
97
1
330

75
0
76
1
47
0.4128176842155181
98
1
10
34.90568961886538
20
22.81183545379326
450
0
451
0
460
0
461
0
452
1
462
1
453
2
463
0
63
5
421
255
463
1
63
7
421
16777215
470
LINEAR
1001
ACAD
1010
0
1020
0
1030
0
0
HATCH
5
6dd
100
AcDbEntity
8
TopLayer
100
AcDbHatch
10
0
20
0
30
0
210
0
220
0
230
1
2
SOLID
70
1
71
0
91
1
92
7
72
0
73
1
93
4
10
43.300000000000004
20
12.050088900177803
10
44.599974599949206
20
12.050088900177803
10
44.599974599949206
20
10.549961899923803
10
43.300000000000004
20
10.549961899923803
97
1
330

75
0
76
1
47
0.4128176842155181
98
1
10
34.90568961886538
20
22.81183545379326
450
0
451
0
460
0
461
0
452
1
462
1
453
2
463
0
63
5
421
255
463
1
63
7
421
16777215
470
LINEAR
1001
ACAD
1010
0
1020
0
1030
0
0
HATCH
5
6e0
100
AcDbEntity
8
TopLayer
100
AcDbHatch
10
0
20
0
30
0
210
0
220
0
230
1
2
SOLID
70
1
71
0
91
1
92
7
72
0
73
1
93
4
10
37.599974599949206
20
14.749987299974602
10
36.300000000000004
20
14.749987299974602
10
36.300000000000004
20
16.250114300228603
10
37.599974599949206
20
16.250114300228603
97
1
330

75
0
76
1
47
0.4128176842155181
98
1
10
34.90568961886538
20
22.81183545379326
450
0
451
0
460
0
461
0
452
1
462
1
453
2
463
0
63
5
421
255
463
1
63
7
421
16777215
470
LINEAR
1001
ACAD
1010
0
1020
0
1030
0
0
HATCH
5
6e3
100
AcDbEntity
8
TopSolderMaskLayer
100
AcDbHatch
10
0
20
0
30
0
210
0
220
0
230
1
2
SOLID
70
1
71
0
91
1
92
7
72
0
73
1
93
4
10
35.94424429085906
20
14.691371187430793
10
34.55595415295132
20
14.691371187430793
10
34.55595415295132
20
16.3087185041727
10
35.94424429085906
20
16.3087185041727
97
1
330

75
0
76
1
47
0.4128176842155181
98
1
10
34.90568961886538
20
22.81183545379326
450
0
451
0
460
0
461
0
452
1
462
1
453
2
463
0
63
5
421
255
463
1
63
7
421
16777215
470
LINEAR
1001
ACAD
1010
0
1020
0
1030
0
0
HATCH
5
6e6
100
AcDbEntity
8
TopPasteMaskLayer
100
AcDbHatch
10
0
20
0
30
0
210
0
220
0
230
1
2
SOLID
70
1
71
0
91
1
92
7
72
0
73
1
93
4
10
35.90020320040641
20
14.749987299974602
10
34.599974599949206
20
14.749987299974602
10
34.599974599949206
20
16.250114300228603
10
35.90020320040641
20
16.250114300228603
97
1
330

75
0
76
1
47
0.4128176842155181
98
1
10
34.90568961886538
20
22.81183545379326
450
0
451
0
460
0
461
0
452
1
462
1
453
2
463
0
63
5
421
255
463
1
63
7
421
16777215
470
LINEAR
1001
ACAD
1010
0
1020
0
1030
0
0
HATCH
5
6e9
100
AcDbEntity
8
TopLayer
100
AcDbHatch
10
0
20
0
30
0
210
0
220
0
230
1
2
SOLID
70
1
71
0
91
1
92
7
72
0
73
1
93
4
10
35.90020320040641
20
14.749987299974602
10
34.599974599949206
20
14.749987299974602
10
34.599974599949206
20
16.250114300228603
10
35.90020320040641
20
16.250114300228603
97
1
330

75
0
76
1
47
0.4128176842155181
98
1
10
34.90568961886538
20
22.81183545379326
450
0
451
0
460
0
461
0
452
1
462
1
453
2
463
0
63
5
421
255
463
1
63
7
421
16777215
470
LINEAR
1001
ACAD
1010
0
1020
0
1030
0
0
HATCH
5
6ec
100
AcDbEntity
8
TopSolderMaskLayer
100
AcDbHatch
10
0
20
0
30
0
210
0
220
0
230
1
2
SOLID
70
1
71
0
91
1
92
7
72
0
73
1
93
4
10
0.9991109982219961
20
6.300636721849227
10
8.600584201168404
20
6.300636721849227
10
8.600584201168404
20
4.6991635189028225
10
0.9991109982219961
20
4.6991635189028225
97
1
330

75
0
76
1
47
0.4128176842155181
98
1
10
34.90568961886538
20
22.81183545379326
450
0
451
0
460
0
461
0
452
1
462
1
453
2
463
0
63
5
421
255
463
1
63
7
421
16777215
470
LINEAR
1001
ACAD
1010
0
1020
0
1030
0
0
HATCH
5
6ef
100
AcDbEntity
8
TopPasteMaskLayer
100
AcDbHatch
10
0
20
0
30
0
210
0
220
0
230
1
2
SOLID
70
1
71
0
91
1
92
7
72
0
73
1
93
4
10
1.0499110998221997
20
6.2498348996698
10
8.5497840995682
20
6.2498348996698
10
8.5497840995682
20
4.749961899923801
10
1.0499110998221997
20
4.749961899923801
97
1
330

75
0
76
1
47
0.4128176842155181
98
1
10
34.90568961886538
20
22.81183545379326
450
0
451
0
460
0
461
0
452
1
462
1
453
2
463
0
63
5
421
255
463
1
63
7
421
16777215
470
LINEAR
1001
ACAD
1010
0
1020
0
1030
0
0
HATCH
5
6f2
100
AcDbEntity
8
TopLayer
100
AcDbHatch
10
0
20
0
30
0
210
0
220
0
230
1
2
SOLID
70
1
71
0
91
1
92
7
72
0
73
1
93
4
10
1.0499110998221997
20
6.2498348996698
10
8.5497840995682
20
6.2498348996698
10
8.5497840995682
20
4.749961899923801
10
1.0499110998221997
20
4.749961899923801
97
1
330

75
0
76
1
47
0.4128176842155181
98
1
10
34.90568961886538
20
22.81183545379326
450
0
451
0
460
0
461
0
452
1
462
1
453
2
463
0
63
5
421
255
463
1
63
7
421
16777215
470
LINEAR
1001
ACAD
1010
0
1020
0
1030
0
0
HATCH
5
6f5
100
AcDbEntity
8
TopSolderMaskLayer
100
AcDbHatch
10
0
20
0
30
0
210
0
220
0
230
1
2
SOLID
70
1
71
0
91
1
92
7
72
0
73
1
93
4
10
1.9992379984759978
20
8.550828082301326
10
8.600711201422403
20
8.550828082301326
10
8.600711201422403
20
7.4492278791009205
10
1.9992379984759978
20
7.4492278791009205
97
1
330

75
0
76
1
47
0.4128176842155181
98
1
10
34.90568961886538
20
22.81183545379326
450
0
451
0
460
0
461
0
452
1
462
1
453
2
463
0
63
5
421
255
463
1
63
7
421
16777215
470
LINEAR
1001
ACAD
1010
0
1020
0
1030
0
0
HATCH
5
6f8
100
AcDbEntity
8
TopPasteMaskLayer
100
AcDbHatch
10
0
20
0
30
0
210
0
220
0
230
1
2
SOLID
70
1
71
0
91
1
92
7
72
0
73
1
93
4
10
2.0500381000762005
20
8.5000254000508
10
8.5499110998222
20
8.5000254000508
10
8.5499110998222
20
7.500025400050801
10
2.0500381000762005
20
7.500025400050801
97
1
330

75
0
76
1
47
0.4128176842155181
98
1
10
34.90568961886538
20
22.81183545379326
450
0
451
0
460
0
461
0
452
1
462
1
453
2
463
0
63
5
421
255
463
1
63
7
421
16777215
470
LINEAR
1001
ACAD
1010
0
1020
0
1030
0
0
HATCH
5
6fb
100
AcDbEntity
8
TopLayer
100
AcDbHatch
10
0
20
0
30
0
210
0
220
0
230
1
2
SOLID
70
1
71
0
91
1
92
7
72
0
73
1
93
4
10
2.0500381000762005
20
8.5000254000508
10
8.5499110998222
20
8.5000254000508
10
8.5499110998222
20
7.500025400050801
10
2.0500381000762005
20
7.500025400050801
97
1
330

75
0
76
1
47
0.4128176842155181
98
1
10
34.90568961886538
20
22.81183545379326
450
0
451
0
460
0
461
0
452
1
462
1
453
2
463
0
63
5
421
255
463
1
63
7
421
16777215
470
LINEAR
1001
ACAD
1010
0
1020
0
1030
0
0
HATCH
5
6fe
100
AcDbEntity
8
TopSolderMaskLayer
100
AcDbHatch
10
0
20
0
30
0
210
0
220
0
230
1
2
SOLID
70
1
71
0
91
1
92
7
72
0
73
1
93
4
10
1.9992379984759978
20
10.550828082301328
10
8.600711201422403
20
10.550828082301328
10
8.600711201422403
20
9.44922787910092
10
1.9992379984759978
20
9.44922787910092
97
1
330

75
0
76
1
47
0.4128176842155181
98
1
10
34.90568961886538
20
22.81183545379326
450
0
451
0
460
0
461
0
452
1
462
1
453
2
463
0
63
5
421
255
463
1
63
7
421
16777215
470
LINEAR
1001
ACAD
1010
0
1020
0
1030
0
0
HATCH
5
701
100
AcDbEntity
8
TopPasteMaskLayer
100
AcDbHatch
10
0
20
0
30
0
210
0
220
0
230
1
2
SOLID
70
1
71
0
91
1
92
7
72
0
73
1
93
4
10
2.0500381000762005
20
10.500025400050802
10
8.5499110998222
20
10.500025400050802
10
8.5499110998222
20
9.500025400050802
10
2.0500381000762005
20
9.500025400050802
97
1
330

75
0
76
1
47
0.4128176842155181
98
1
10
34.90568961886538
20
22.81183545379326
450
0
451
0
460
0
461
0
452
1
462
1
453
2
463
0
63
5
421
255
463
1
63
7
421
16777215
470
LINEAR
1001
ACAD
1010
0
1020
0
1030
0
0
HATCH
5
704
100
AcDbEntity
8
TopLayer
100
AcDbHatch
10
0
20
0
30
0
210
0
220
0
230
1
2
SOLID
70
1
71
0
91
1
92
7
72
0
73
1
93
4
10
2.0500381000762005
20
10.500025400050802
10
8.5499110998222
20
10.500025400050802
10
8.5499110998222
20
9.500025400050802
10
2.0500381000762005
20
9.500025400050802
97
1
330

75
0
76
1
47
0.4128176842155181
98
1
10
34.90568961886538
20
22.81183545379326
450
0
451
0
460
0
461
0
452
1
462
1
453
2
463
0
63
5
421
255
463
1
63
7
421
16777215
470
LINEAR
1001
ACAD
1010
0
1020
0
1030
0
0
HATCH
5
707
100
AcDbEntity
8
TopSolderMaskLayer
100
AcDbHatch
10
0
20
0
30
0
210
0
220
0
230
1
2
SOLID
70
1
71
0
91
1
92
7
72
0
73
1
93
4
10
0.9991109982219961
20
13.300636721849228
10
8.600584201168404
20
13.300636721849228
10
8.600584201168404
20
11.699163518902823
10
0.9991109982219961
20
11.699163518902823
97
1
330

75
0
76
1
47
0.4128176842155181
98
1
10
34.90568961886538
20
22.81183545379326
450
0
451
0
460
0
461
0
452
1
462
1
453
2
463
0
63
5
421
255
463
1
63
7
421
16777215
470
LINEAR
1001
ACAD
1010
0
1020
0
1030
0
0
HATCH
5
70a
100
AcDbEntity
8
TopPasteMaskLayer
100
AcDbHatch
10
0
20
0
30
0
210
0
220
0
230
1
2
SOLID
70
1
71
0
91
1
92
7
72
0
73
1
93
4
10
1.0499110998221997
20
13.249834899669802
10
8.5497840995682
20
13.249834899669802
10
8.5497840995682
20
11.7499618999238
10
1.0499110998221997
20
11.7499618999238
97
1
330

75
0
76
1
47
0.4128176842155181
98
1
10
34.90568961886538
20
22.81183545379326
450
0
451
0
460
0
461
0
452
1
462
1
453
2
463
0
63
5
421
255
463
1
63
7
421
16777215
470
LINEAR
1001
ACAD
1010
0
1020
0
1030
0
0
HATCH
5
70d
100
AcDbEntity
8
TopLayer
100
AcDbHatch
10
0
20
0
30
0
210
0
220
0
230
1
2
SOLID
70
1
71
0
91
1
92
7
72
0
73
1
93
4
10
1.0499110998221997
20
13.249834899669802
10
8.5497840995682
20
13.249834899669802
10
8.5497840995682
20
11.7499618999238
10
1.0499110998221997
20
11.7499618999238
97
1
330

75
0
76
1
47
0.4128176842155181
98
1
10
34.90568961886538
20
22.81183545379326
450
0
451
0
460
0
461
0
452
1
462
1
453
2
463
0
63
5
421
255
463
1
63
7
421
16777215
470
LINEAR
1001
ACAD
1010
0
1020
0
1030
0
 0
ARC
  5
710
330
1F
100
AcDbEntity
  8
TopSolderMaskLayer
100
AcDbCircle
 10
46.04272922600778
 20
7.830073660147321
 30
0.0
 40
0.5354939677542729
100
AcDbArc
 50
180
 51
0
 0
ARC
  5
711
330
1F
100
AcDbEntity
  8
TopSolderMaskLayer
100
AcDbCircle
 10
46.037374286330234
 20
7.830073660147321
 30
0.0
 40
0.5354939677542729
100
AcDbArc
 50
0
 51
180
 0
LWPOLYLINE
  5
712
330
1F
100
AcDbEntity
  8
TopSolderMaskLayer
100
AcDbPolyline
 90
1
 70
 1
 43
0
 10
45.50723525825351
 20
7.830073660147321
 10
45.501880318575964
 20
7.830073660147321
 0
LWPOLYLINE
  5
713
330
1F
100
AcDbEntity
  8
TopSolderMaskLayer
100
AcDbPolyline
 90
1
 70
 1
 43
0
 10
46.57822319376205
 20
7.830073660147321
 10
46.572868254084504
 20
7.830073660147321
0
HATCH
5
714
100
AcDbEntity
8
TopSolderMaskLayer
100
AcDbHatch
10
0
20
0
30
0
210
0
220
0
230
1
2
SOLID
70
1
71
0
91
1
92
7
72
0
73
1
93
8
10
47.02937686159502
20
8.239991445350856
10
46.44970464150102
20
8.819659639319282
10
45.630131123853104
20
8.819659639319282
10
45.0504589037591
20
8.239991445350856
10
45.0504589037591
20
7.420155874943785
10
45.630131123853104
20
6.840487680975363
10
46.44970464150102
20
6.840487680975363
10
47.02937686159502
20
7.420155874943785
97
1
330

75
0
76
1
47
0.4128176842155181
98
1
10
34.90568961886538
20
22.81183545379326
450
0
451
0
460
0
461
0
452
1
462
1
453
2
463
0
63
5
421
255
463
1
63
7
421
16777215
470
LINEAR
1001
ACAD
1010
0
1020
0
1030
0
 0
ARC
  5
717
330
1F
100
AcDbEntity
  8
BottomSolderMaskLayer
100
AcDbCircle
 10
46.04272922600778
 20
7.830073660147321
 30
0.0
 40
0.5354939677542729
100
AcDbArc
 50
180
 51
0
 0
ARC
  5
718
330
1F
100
AcDbEntity
  8
BottomSolderMaskLayer
100
AcDbCircle
 10
46.037374286330234
 20
7.830073660147321
 30
0.0
 40
0.5354939677542729
100
AcDbArc
 50
0
 51
180
 0
LWPOLYLINE
  5
719
330
1F
100
AcDbEntity
  8
BottomSolderMaskLayer
100
AcDbPolyline
 90
1
 70
 1
 43
0
 10
45.50723525825351
 20
7.830073660147321
 10
45.501880318575964
 20
7.830073660147321
 0
LWPOLYLINE
  5
71a
330
1F
100
AcDbEntity
  8
BottomSolderMaskLayer
100
AcDbPolyline
 90
1
 70
 1
 43
0
 10
46.57822319376205
 20
7.830073660147321
 10
46.572868254084504
 20
7.830073660147321
0
HATCH
5
71b
100
AcDbEntity
8
BottomSolderMaskLayer
100
AcDbHatch
10
0
20
0
30
0
210
0
220
0
230
1
2
SOLID
70
1
71
0
91
1
92
7
72
0
73
1
93
8
10
47.02937686159502
20
8.239991445350856
10
46.44970464150102
20
8.819659639319282
10
45.630131123853104
20
8.819659639319282
10
45.0504589037591
20
8.239991445350856
10
45.0504589037591
20
7.420155874943785
10
45.630131123853104
20
6.840487680975363
10
46.44970464150102
20
6.840487680975363
10
47.02937686159502
20
7.420155874943785
97
1
330

75
0
76
1
47
0.4128176842155181
98
1
10
34.90568961886538
20
22.81183545379326
450
0
451
0
460
0
461
0
452
1
462
1
453
2
463
0
63
5
421
255
463
1
63
7
421
16777215
470
LINEAR
1001
ACAD
1010
0
1020
0
1030
0
 0
ARC
  5
71e
330
1F
100
AcDbEntity
  8
Multi-Layer
100
AcDbCircle
 10
46.04259588519178
 20
7.830073660147321
 30
0.0
 40
0.5080010160020321
100
AcDbArc
 50
180
 51
0
 0
ARC
  5
71f
330
1F
100
AcDbEntity
  8
Multi-Layer
100
AcDbCircle
 10
46.03751587503176
 20
7.830073660147321
 30
0.0
 40
0.5080010160020321
100
AcDbArc
 50
0
 51
180
 0
LWPOLYLINE
  5
720
330
1F
100
AcDbEntity
  8
Multi-Layer
100
AcDbPolyline
 90
1
 70
 1
 43
0
 10
45.534594869189746
 20
7.830073660147321
 10
45.529514859029725
 20
7.830073660147321
 0
LWPOLYLINE
  5
721
330
1F
100
AcDbEntity
  8
Multi-Layer
100
AcDbPolyline
 90
1
 70
 1
 43
0
 10
46.55059690119381
 20
7.830073660147321
 10
46.54551689103379
 20
7.830073660147321
0
HATCH
5
722
100
AcDbEntity
8
Multi-Layer
100
AcDbHatch
10
0
20
0
30
0
210
0
220
0
230
1
2
SOLID
70
1
71
0
91
1
92
7
72
0
73
1
93
8
10
46.97858775717552
20
8.218948437896875
10
46.42867665735332
20
8.768859537719077
10
45.65118110236221
20
8.768859537719077
10
45.10127000254001
20
8.218948437896875
10
45.10127000254001
20
7.4411988823977655
10
45.65118110236221
20
6.891287782575566
10
46.42867665735332
20
6.891287782575566
10
46.97858775717552
20
7.4411988823977655
97
1
330

75
0
76
1
47
0.4128176842155181
98
1
10
34.90568961886538
20
22.81183545379326
450
0
451
0
460
0
461
0
452
1
462
1
453
2
463
0
63
5
421
255
463
1
63
7
421
16777215
470
LINEAR
1001
ACAD
1010
0
1020
0
1030
0
 0
ARC
  5
725
330
1F
100
AcDbEntity
  8
Multi-Layer
100
AcDbCircle
 10
46.03751587503176
 20
10.370078740157481
 30
0.0
 40
0.5080010160020321
100
AcDbArc
 50
90
 51
270
 0
ARC
  5
726
330
1F
100
AcDbEntity
  8
Multi-Layer
100
AcDbCircle
 10
46.04259588519178
 20
10.370078740157481
 30
0.0
 40
0.5080010160020321
100
AcDbArc
 50
270
 51
90
 0
LWPOLYLINE
  5
727
330
1F
100
AcDbEntity
  8
Multi-Layer
100
AcDbPolyline
 90
1
 70
 1
 43
0
 10
46.04259588519178
 20
10.878079756159513
 10
46.03751587503176
 20
10.878079756159513
 0
LWPOLYLINE
  5
728
330
1F
100
AcDbEntity
  8
Multi-Layer
100
AcDbPolyline
 90
1
 70
 1
 43
0
 10
46.04259588519178
 20
9.86207772415545
 10
46.03751587503176
 20
9.86207772415545
0
HATCH
5
729
100
AcDbEntity
8
Multi-Layer
100
AcDbHatch
10
0
20
0
30
0
210
0
220
0
230
1
2
SOLID
70
1
71
0
91
1
92
7
72
0
73
1
93
8
10
46.97858775717552
20
10.758953517907036
10
46.42867665735332
20
11.308864617729238
10
45.65118110236221
20
11.308864617729238
10
45.10127000254001
20
10.758953517907036
10
45.10127000254001
20
9.981203962407927
10
45.65118110236221
20
9.431292862585726
10
46.42867665735332
20
9.431292862585726
10
46.97858775717552
20
9.981203962407927
97
1
330

75
0
76
1
47
0.4128176842155181
98
1
10
34.90568961886538
20
22.81183545379326
450
0
451
0
460
0
461
0
452
1
462
1
453
2
463
0
63
5
421
255
463
1
63
7
421
16777215
470
LINEAR
1001
ACAD
1010
0
1020
0
1030
0
 0
ARC
  5
72c
330
1F
100
AcDbEntity
  8
Multi-Layer
100
AcDbCircle
 10
48.57752095504192
 20
7.830073660147321
 30
0.0
 40
0.5080010160020321
100
AcDbArc
 50
90
 51
270
 0
ARC
  5
72d
330
1F
100
AcDbEntity
  8
Multi-Layer
100
AcDbCircle
 10
48.58260096520194
 20
7.830073660147321
 30
0.0
 40
0.5080010160020321
100
AcDbArc
 50
270
 51
90
 0
LWPOLYLINE
  5
72e
330
1F
100
AcDbEntity
  8
Multi-Layer
100
AcDbPolyline
 90
1
 70
 1
 43
0
 10
48.58260096520194
 20
8.338074676149354
 10
48.57752095504192
 20
8.338074676149354
 0
LWPOLYLINE
  5
72f
330
1F
100
AcDbEntity
  8
Multi-Layer
100
AcDbPolyline
 90
1
 70
 1
 43
0
 10
48.58260096520194
 20
7.3220726441452895
 10
48.57752095504192
 20
7.3220726441452895
0
HATCH
5
730
100
AcDbEntity
8
Multi-Layer
100
AcDbHatch
10
0
20
0
30
0
210
0
220
0
230
1
2
SOLID
70
1
71
0
91
1
92
7
72
0
73
1
93
8
10
49.51859283718568
20
8.218948437896875
10
48.96868173736348
20
8.768859537719077
10
48.19118618237237
20
8.768859537719077
10
47.64127508255017
20
8.218948437896875
10
47.64127508255017
20
7.4411988823977655
10
48.19118618237237
20
6.891287782575566
10
48.96868173736348
20
6.891287782575566
10
49.51859283718568
20
7.4411988823977655
97
1
330

75
0
76
1
47
0.4128176842155181
98
1
10
34.90568961886538
20
22.81183545379326
450
0
451
0
460
0
461
0
452
1
462
1
453
2
463
0
63
5
421
255
463
1
63
7
421
16777215
470
LINEAR
1001
ACAD
1010
0
1020
0
1030
0
 0
ARC
  5
733
330
1F
100
AcDbEntity
  8
TopSolderMaskLayer
100
AcDbCircle
 10
48.58273430601794
 20
10.370078740157481
 30
0.0
 40
0.5354939677542729
100
AcDbArc
 50
180
 51
0
 0
ARC
  5
734
330
1F
100
AcDbEntity
  8
TopSolderMaskLayer
100
AcDbCircle
 10
48.577379366340395
 20
10.370078740157481
 30
0.0
 40
0.5354939677542729
100
AcDbArc
 50
0
 51
180
 0
LWPOLYLINE
  5
735
330
1F
100
AcDbEntity
  8
TopSolderMaskLayer
100
AcDbPolyline
 90
1
 70
 1
 43
0
 10
48.04724033826367
 20
10.370078740157481
 10
48.041885398586125
 20
10.370078740157481
 0
LWPOLYLINE
  5
736
330
1F
100
AcDbEntity
  8
TopSolderMaskLayer
100
AcDbPolyline
 90
1
 70
 1
 43
0
 10
49.11822827377221
 20
10.370078740157481
 10
49.112873334094665
 20
10.370078740157481
0
HATCH
5
737
100
AcDbEntity
8
TopSolderMaskLayer
100
AcDbHatch
10
0
20
0
30
0
210
0
220
0
230
1
2
SOLID
70
1
71
0
91
1
92
7
72
0
73
1
93
8
10
49.56938194160518
20
10.779996525361017
10
48.98970972151118
20
11.35966471932944
10
48.170136203863265
20
11.35966471932944
10
47.59046398376926
20
10.779996525361017
10
47.59046398376926
20
9.960160954953945
10
48.170136203863265
20
9.380492760985522
10
48.98970972151118
20
9.380492760985522
10
49.56938194160518
20
9.960160954953945
97
1
330

75
0
76
1
47
0.4128176842155181
98
1
10
34.90568961886538
20
22.81183545379326
450
0
451
0
460
0
461
0
452
1
462
1
453
2
463
0
63
5
421
255
463
1
63
7
421
16777215
470
LINEAR
1001
ACAD
1010
0
1020
0
1030
0
 0
ARC
  5
73a
330
1F
100
AcDbEntity
  8
BottomSolderMaskLayer
100
AcDbCircle
 10
48.58273430601794
 20
10.370078740157481
 30
0.0
 40
0.5354939677542729
100
AcDbArc
 50
180
 51
0
 0
ARC
  5
73b
330
1F
100
AcDbEntity
  8
BottomSolderMaskLayer
100
AcDbCircle
 10
48.577379366340395
 20
10.370078740157481
 30
0.0
 40
0.5354939677542729
100
AcDbArc
 50
0
 51
180
 0
LWPOLYLINE
  5
73c
330
1F
100
AcDbEntity
  8
BottomSolderMaskLayer
100
AcDbPolyline
 90
1
 70
 1
 43
0
 10
48.04724033826367
 20
10.370078740157481
 10
48.041885398586125
 20
10.370078740157481
 0
LWPOLYLINE
  5
73d
330
1F
100
AcDbEntity
  8
BottomSolderMaskLayer
100
AcDbPolyline
 90
1
 70
 1
 43
0
 10
49.11822827377221
 20
10.370078740157481
 10
49.112873334094665
 20
10.370078740157481
0
HATCH
5
73e
100
AcDbEntity
8
BottomSolderMaskLayer
100
AcDbHatch
10
0
20
0
30
0
210
0
220
0
230
1
2
SOLID
70
1
71
0
91
1
92
7
72
0
73
1
93
8
10
49.56938194160518
20
10.779996525361017
10
48.98970972151118
20
11.35966471932944
10
48.170136203863265
20
11.35966471932944
10
47.59046398376926
20
10.779996525361017
10
47.59046398376926
20
9.960160954953945
10
48.170136203863265
20
9.380492760985522
10
48.98970972151118
20
9.380492760985522
10
49.56938194160518
20
9.960160954953945
97
1
330

75
0
76
1
47
0.4128176842155181
98
1
10
34.90568961886538
20
22.81183545379326
450
0
451
0
460
0
461
0
452
1
462
1
453
2
463
0
63
5
421
255
463
1
63
7
421
16777215
470
LINEAR
1001
ACAD
1010
0
1020
0
1030
0
 0
ARC
  5
741
330
1F
100
AcDbEntity
  8
Multi-Layer
100
AcDbCircle
 10
48.58260096520194
 20
10.370078740157481
 30
0.0
 40
0.5080010160020321
100
AcDbArc
 50
180
 51
0
 0
ARC
  5
742
330
1F
100
AcDbEntity
  8
Multi-Layer
100
AcDbCircle
 10
48.57752095504192
 20
10.370078740157481
 30
0.0
 40
0.5080010160020321
100
AcDbArc
 50
0
 51
180
 0
LWPOLYLINE
  5
743
330
1F
100
AcDbEntity
  8
Multi-Layer
100
AcDbPolyline
 90
1
 70
 1
 43
0
 10
48.07459994919991
 20
10.370078740157481
 10
48.069519939039886
 20
10.370078740157481
 0
LWPOLYLINE
  5
744
330
1F
100
AcDbEntity
  8
Multi-Layer
100
AcDbPolyline
 90
1
 70
 1
 43
0
 10
49.090601981203974
 20
10.370078740157481
 10
49.08552197104395
 20
10.370078740157481
0
HATCH
5
745
100
AcDbEntity
8
Multi-Layer
100
AcDbHatch
10
0
20
0
30
0
210
0
220
0
230
1
2
SOLID
70
1
71
0
91
1
92
7
72
0
73
1
93
8
10
49.51859283718568
20
10.758953517907036
10
48.96868173736348
20
11.308864617729238
10
48.19118618237237
20
11.308864617729238
10
47.64127508255017
20
10.758953517907036
10
47.64127508255017
20
9.981203962407927
10
48.19118618237237
20
9.431292862585726
10
48.96868173736348
20
9.431292862585726
10
49.51859283718568
20
9.981203962407927
97
1
330

75
0
76
1
47
0.4128176842155181
98
1
10
34.90568961886538
20
22.81183545379326
450
0
451
0
460
0
461
0
452
1
462
1
453
2
463
0
63
5
421
255
463
1
63
7
421
16777215
470
LINEAR
1001
ACAD
1010
0
1020
0
1030
0
 0
ARC
  5
748
330
1F
100
AcDbEntity
  8
Multi-Layer
100
AcDbCircle
 10
51.11752603505208
 20
7.830073660147321
 30
0.0
 40
0.5080010160020321
100
AcDbArc
 50
90
 51
270
 0
ARC
  5
749
330
1F
100
AcDbEntity
  8
Multi-Layer
100
AcDbCircle
 10
51.1226060452121
 20
7.830073660147321
 30
0.0
 40
0.5080010160020321
100
AcDbArc
 50
270
 51
90
 0
LWPOLYLINE
  5
74a
330
1F
100
AcDbEntity
  8
Multi-Layer
100
AcDbPolyline
 90
1
 70
 1
 43
0
 10
51.1226060452121
 20
8.338074676149354
 10
51.11752603505208
 20
8.338074676149354
 0
LWPOLYLINE
  5
74b
330
1F
100
AcDbEntity
  8
Multi-Layer
100
AcDbPolyline
 90
1
 70
 1
 43
0
 10
51.1226060452121
 20
7.3220726441452895
 10
51.11752603505208
 20
7.3220726441452895
0
HATCH
5
74c
100
AcDbEntity
8
Multi-Layer
100
AcDbHatch
10
0
20
0
30
0
210
0
220
0
230
1
2
SOLID
70
1
71
0
91
1
92
7
72
0
73
1
93
8
10
52.05859791719584
20
8.218948437896875
10
51.50868681737364
20
8.768859537719077
10
50.73119126238253
20
8.768859537719077
10
50.18128016256033
20
8.218948437896875
10
50.18128016256033
20
7.4411988823977655
10
50.73119126238253
20
6.891287782575566
10
51.50868681737364
20
6.891287782575566
10
52.05859791719584
20
7.4411988823977655
97
1
330

75
0
76
1
47
0.4128176842155181
98
1
10
34.90568961886538
20
22.81183545379326
450
0
451
0
460
0
461
0
452
1
462
1
453
2
463
0
63
5
421
255
463
1
63
7
421
16777215
470
LINEAR
1001
ACAD
1010
0
1020
0
1030
0
 0
ARC
  5
74f
330
1F
100
AcDbEntity
  8
Multi-Layer
100
AcDbCircle
 10
51.11752603505208
 20
10.370078740157481
 30
0.0
 40
0.5080010160020321
100
AcDbArc
 50
90
 51
270
 0
ARC
  5
750
330
1F
100
AcDbEntity
  8
Multi-Layer
100
AcDbCircle
 10
51.1226060452121
 20
10.370078740157481
 30
0.0
 40
0.5080010160020321
100
AcDbArc
 50
270
 51
90
 0
LWPOLYLINE
  5
751
330
1F
100
AcDbEntity
  8
Multi-Layer
100
AcDbPolyline
 90
1
 70
 1
 43
0
 10
51.1226060452121
 20
10.878079756159513
 10
51.11752603505208
 20
10.878079756159513
 0
LWPOLYLINE
  5
752
330
1F
100
AcDbEntity
  8
Multi-Layer
100
AcDbPolyline
 90
1
 70
 1
 43
0
 10
51.1226060452121
 20
9.86207772415545
 10
51.11752603505208
 20
9.86207772415545
0
HATCH
5
753
100
AcDbEntity
8
Multi-Layer
100
AcDbHatch
10
0
20
0
30
0
210
0
220
0
230
1
2
SOLID
70
1
71
0
91
1
92
7
72
0
73
1
93
8
10
52.05859791719584
20
10.758953517907036
10
51.50868681737364
20
11.308864617729238
10
50.73119126238253
20
11.308864617729238
10
50.18128016256033
20
10.758953517907036
10
50.18128016256033
20
9.981203962407927
10
50.73119126238253
20
9.431292862585726
10
51.50868681737364
20
9.431292862585726
10
52.05859791719584
20
9.981203962407927
97
1
330

75
0
76
1
47
0.4128176842155181
98
1
10
34.90568961886538
20
22.81183545379326
450
0
451
0
460
0
461
0
452
1
462
1
453
2
463
0
63
5
421
255
463
1
63
7
421
16777215
470
LINEAR
1001
ACAD
1010
0
1020
0
1030
0
 0
ARC
  5
756
330
1F
100
AcDbEntity
  8
Multi-Layer
100
AcDbCircle
 10
53.657531115062234
 20
7.830073660147321
 30
0.0
 40
0.5080010160020321
100
AcDbArc
 50
90
 51
270
 0
ARC
  5
757
330
1F
100
AcDbEntity
  8
Multi-Layer
100
AcDbCircle
 10
53.66261112522226
 20
7.830073660147321
 30
0.0
 40
0.5080010160020321
100
AcDbArc
 50
270
 51
90
 0
LWPOLYLINE
  5
758
330
1F
100
AcDbEntity
  8
Multi-Layer
100
AcDbPolyline
 90
1
 70
 1
 43
0
 10
53.66261112522226
 20
8.338074676149354
 10
53.657531115062234
 20
8.338074676149354
 0
LWPOLYLINE
  5
759
330
1F
100
AcDbEntity
  8
Multi-Layer
100
AcDbPolyline
 90
1
 70
 1
 43
0
 10
53.66261112522226
 20
7.3220726441452895
 10
53.657531115062234
 20
7.3220726441452895
0
HATCH
5
75a
100
AcDbEntity
8
Multi-Layer
100
AcDbHatch
10
0
20
0
30
0
210
0
220
0
230
1
2
SOLID
70
1
71
0
91
1
92
7
72
0
73
1
93
8
10
54.598602997206
20
8.218948437896875
10
54.0486918973838
20
8.768859537719077
10
53.27119634239269
20
8.768859537719077
10
52.72128524257049
20
8.218948437896875
10
52.72128524257049
20
7.4411988823977655
10
53.27119634239269
20
6.891287782575566
10
54.0486918973838
20
6.891287782575566
10
54.598602997206
20
7.4411988823977655
97
1
330

75
0
76
1
47
0.4128176842155181
98
1
10
34.90568961886538
20
22.81183545379326
450
0
451
0
460
0
461
0
452
1
462
1
453
2
463
0
63
5
421
255
463
1
63
7
421
16777215
470
LINEAR
1001
ACAD
1010
0
1020
0
1030
0
 0
ARC
  5
75d
330
1F
100
AcDbEntity
  8
Multi-Layer
100
AcDbCircle
 10
53.657531115062234
 20
10.370078740157481
 30
0.0
 40
0.5080010160020321
100
AcDbArc
 50
90
 51
270
 0
ARC
  5
75e
330
1F
100
AcDbEntity
  8
Multi-Layer
100
AcDbCircle
 10
53.66261112522226
 20
10.370078740157481
 30
0.0
 40
0.5080010160020321
100
AcDbArc
 50
270
 51
90
 0
LWPOLYLINE
  5
75f
330
1F
100
AcDbEntity
  8
Multi-Layer
100
AcDbPolyline
 90
1
 70
 1
 43
0
 10
53.66261112522226
 20
10.878079756159513
 10
53.657531115062234
 20
10.878079756159513
 0
LWPOLYLINE
  5
760
330
1F
100
AcDbEntity
  8
Multi-Layer
100
AcDbPolyline
 90
1
 70
 1
 43
0
 10
53.66261112522226
 20
9.86207772415545
 10
53.657531115062234
 20
9.86207772415545
0
HATCH
5
761
100
AcDbEntity
8
Multi-Layer
100
AcDbHatch
10
0
20
0
30
0
210
0
220
0
230
1
2
SOLID
70
1
71
0
91
1
92
7
72
0
73
1
93
8
10
54.598602997206
20
10.758953517907036
10
54.0486918973838
20
11.308864617729238
10
53.27119634239269
20
11.308864617729238
10
52.72128524257049
20
10.758953517907036
10
52.72128524257049
20
9.981203962407927
10
53.27119634239269
20
9.431292862585726
10
54.0486918973838
20
9.431292862585726
10
54.598602997206
20
9.981203962407927
97
1
330

75
0
76
1
47
0.4128176842155181
98
1
10
34.90568961886538
20
22.81183545379326
450
0
451
0
460
0
461
0
452
1
462
1
453
2
463
0
63
5
421
255
463
1
63
7
421
16777215
470
LINEAR
1001
ACAD
1010
0
1020
0
1030
0
0
HATCH
5
764
100
AcDbEntity
8
TopLayer
100
AcDbHatch
10
0
20
0
30
0
210
0
220
0
230
1
2
SOLID
70
1
71
0
91
1
92
7
72
0
73
1
93
4
10
58.700279400558806
20
10.249961899923802
10
57.40030480060961
20
10.249961899923802
10
57.40030480060961
20
11.750088900177802
10
58.700279400558806
20
11.750088900177802
97
1
330

75
0
76
1
47
0.4128176842155181
98
1
10
34.90568961886538
20
22.81183545379326
450
0
451
0
460
0
461
0
452
1
462
1
453
2
463
0
63
5
421
255
463
1
63
7
421
16777215
470
LINEAR
1001
ACAD
1010
0
1020
0
1030
0
0
HATCH
5
767
100
AcDbEntity
8
TopLayer
100
AcDbHatch
10
0
20
0
30
0
210
0
220
0
230
1
2
SOLID
70
1
71
0
91
1
92
7
72
0
73
1
93
4
10
57.00025400050801
20
10.249961899923802
10
55.70027940055881
20
10.249961899923802
10
55.70027940055881
20
11.750088900177802
10
57.00025400050801
20
11.750088900177802
97
1
330

75
0
76
1
47
0.4128176842155181
98
1
10
34.90568961886538
20
22.81183545379326
450
0
451
0
460
0
461
0
452
1
462
1
453
2
463
0
63
5
421
255
463
1
63
7
421
16777215
470
LINEAR
1001
ACAD
1010
0
1020
0
1030
0
0
HATCH
5
76a
100
AcDbEntity
8
TopLayer
100
AcDbHatch
10
0
20
0
30
0
210
0
220
0
230
1
2
SOLID
70
1
71
0
91
1
92
7
72
0
73
1
93
4
10
58.700279400558806
20
8.349961899923802
10
57.40030480060961
20
8.349961899923802
10
57.40030480060961
20
9.850088900177802
10
58.700279400558806
20
9.850088900177802
97
1
330

75
0
76
1
47
0.4128176842155181
98
1
10
34.90568961886538
20
22.81183545379326
450
0
451
0
460
0
461
0
452
1
462
1
453
2
463
0
63
5
421
255
463
1
63
7
421
16777215
470
LINEAR
1001
ACAD
1010
0
1020
0
1030
0
0
HATCH
5
76d
100
AcDbEntity
8
TopLayer
100
AcDbHatch
10
0
20
0
30
0
210
0
220
0
230
1
2
SOLID
70
1
71
0
91
1
92
7
72
0
73
1
93
4
10
57.00025400050801
20
8.349961899923802
10
55.70027940055881
20
8.349961899923802
10
55.70027940055881
20
9.850088900177802
10
57.00025400050801
20
9.850088900177802
97
1
330

75
0
76
1
47
0.4128176842155181
98
1
10
34.90568961886538
20
22.81183545379326
450
0
451
0
460
0
461
0
452
1
462
1
453
2
463
0
63
5
421
255
463
1
63
7
421
16777215
470
LINEAR
1001
ACAD
1010
0
1020
0
1030
0
0
HATCH
5
770
100
AcDbEntity
8
TopLayer
100
AcDbHatch
10
0
20
0
30
0
210
0
220
0
230
1
2
SOLID
70
1
71
0
91
1
92
7
72
0
73
1
93
4
10
58.700279400558806
20
6.4499618999238
10
57.40030480060961
20
6.4499618999238
10
57.40030480060961
20
7.949834899669801
10
58.700279400558806
20
7.949834899669801
97
1
330

75
0
76
1
47
0.4128176842155181
98
1
10
34.90568961886538
20
22.81183545379326
450
0
451
0
460
0
461
0
452
1
462
1
453
2
463
0
63
5
421
255
463
1
63
7
421
16777215
470
LINEAR
1001
ACAD
1010
0
1020
0
1030
0
0
HATCH
5
773
100
AcDbEntity
8
TopLayer
100
AcDbHatch
10
0
20
0
30
0
210
0
220
0
230
1
2
SOLID
70
1
71
0
91
1
92
7
72
0
73
1
93
4
10
57.00025400050801
20
6.4499618999238
10
55.70027940055881
20
6.4499618999238
10
55.70027940055881
20
7.949834899669801
10
57.00025400050801
20
7.949834899669801
97
1
330

75
0
76
1
47
0.4128176842155181
98
1
10
34.90568961886538
20
22.81183545379326
450
0
451
0
460
0
461
0
452
1
462
1
453
2
463
0
63
5
421
255
463
1
63
7
421
16777215
470
LINEAR
1001
ACAD
1010
0
1020
0
1030
0
0
HATCH
5
776
100
AcDbEntity
8
TopLayer
100
AcDbHatch
10
0
20
0
30
0
210
0
220
0
230
1
2
SOLID
70
1
71
0
91
1
92
7
72
0
73
1
93
4
10
57.35008890017781
20
2.5998729997459997
10
57.35008890017781
20
3.8998475996952
10
58.85021590043181
20
3.8998475996952
10
58.85021590043181
20
2.5998729997459997
97
1
330

75
0
76
1
47
0.4128176842155181
98
1
10
34.90568961886538
20
22.81183545379326
450
0
451
0
460
0
461
0
452
1
462
1
453
2
463
0
63
5
421
255
463
1
63
7
421
16777215
470
LINEAR
1001
ACAD
1010
0
1020
0
1030
0
0
HATCH
5
779
100
AcDbEntity
8
TopLayer
100
AcDbHatch
10
0
20
0
30
0
210
0
220
0
230
1
2
SOLID
70
1
71
0
91
1
92
7
72
0
73
1
93
4
10
57.35008890017781
20
4.2998983997968
10
57.35008890017781
20
5.599872999746
10
58.85021590043181
20
5.599872999746
10
58.85021590043181
20
4.2998983997968
97
1
330

75
0
76
1
47
0.4128176842155181
98
1
10
34.90568961886538
20
22.81183545379326
450
0
451
0
460
0
461
0
452
1
462
1
453
2
463
0
63
5
421
255
463
1
63
7
421
16777215
470
LINEAR
1001
ACAD
1010
0
1020
0
1030
0
0
HATCH
5
77c
100
AcDbEntity
8
TopSolderMaskLayer
100
AcDbHatch
10
0
20
0
30
0
210
0
220
0
230
1
2
SOLID
70
1
71
0
91
1
92
7
72
0
73
1
93
4
10
15.899243953939258
20
8.500889001778006
10
17.300818757088866
20
8.500889001778006
10
17.300818757088866
20
6.899161798323597
10
15.899243953939258
20
6.899161798323597
97
1
330

75
0
76
1
47
0.4128176842155181
98
1
10
34.90568961886538
20
22.81183545379326
450
0
451
0
460
0
461
0
452
1
462
1
453
2
463
0
63
5
421
255
463
1
63
7
421
16777215
470
LINEAR
1001
ACAD
1010
0
1020
0
1030
0
0
HATCH
5
77f
100
AcDbEntity
8
TopPasteMaskLayer
100
AcDbHatch
10
0
20
0
30
0
210
0
220
0
230
1
2
SOLID
70
1
71
0
91
1
92
7
72
0
73
1
93
4
10
15.950038100076203
20
8.450088900177802
10
17.250012700025405
20
8.450088900177802
10
17.250012700025405
20
6.9499618999238
10
15.950038100076203
20
6.9499618999238
97
1
330

75
0
76
1
47
0.4128176842155181
98
1
10
34.90568961886538
20
22.81183545379326
450
0
451
0
460
0
461
0
452
1
462
1
453
2
463
0
63
5
421
255
463
1
63
7
421
16777215
470
LINEAR
1001
ACAD
1010
0
1020
0
1030
0
0
HATCH
5
782
100
AcDbEntity
8
TopLayer
100
AcDbHatch
10
0
20
0
30
0
210
0
220
0
230
1
2
SOLID
70
1
71
0
91
1
92
7
72
0
73
1
93
4
10
15.950038100076203
20
8.450088900177802
10
17.250012700025405
20
8.450088900177802
10
17.250012700025405
20
6.9499618999238
10
15.950038100076203
20
6.9499618999238
97
1
330

75
0
76
1
47
0.4128176842155181
98
1
10
34.90568961886538
20
22.81183545379326
450
0
451
0
460
0
461
0
452
1
462
1
453
2
463
0
63
5
421
255
463
1
63
7
421
16777215
470
LINEAR
1001
ACAD
1010
0
1020
0
1030
0
0
HATCH
5
785
100
AcDbEntity
8
TopSolderMaskLayer
100
AcDbHatch
10
0
20
0
30
0
210
0
220
0
230
1
2
SOLID
70
1
71
0
91
1
92
7
72
0
73
1
93
4
10
17.59900542848556
20
8.500889001778006
10
19.00083423214317
20
8.500889001778006
10
19.00083423214317
20
6.899161798323597
10
17.59900542848556
20
6.899161798323597
97
1
330

75
0
76
1
47
0.4128176842155181
98
1
10
34.90568961886538
20
22.81183545379326
450
0
451
0
460
0
461
0
452
1
462
1
453
2
463
0
63
5
421
255
463
1
63
7
421
16777215
470
LINEAR
1001
ACAD
1010
0
1020
0
1030
0
0
HATCH
5
788
100
AcDbEntity
8
TopPasteMaskLayer
100
AcDbHatch
10
0
20
0
30
0
210
0
220
0
230
1
2
SOLID
70
1
71
0
91
1
92
7
72
0
73
1
93
4
10
17.649809499619003
20
8.450088900177802
10
18.950038100076203
20
8.450088900177802
10
18.950038100076203
20
6.9499618999238
10
17.649809499619003
20
6.9499618999238
97
1
330

75
0
76
1
47
0.4128176842155181
98
1
10
34.90568961886538
20
22.81183545379326
450
0
451
0
460
0
461
0
452
1
462
1
453
2
463
0
63
5
421
255
463
1
63
7
421
16777215
470
LINEAR
1001
ACAD
1010
0
1020
0
1030
0
0
HATCH
5
78b
100
AcDbEntity
8
TopLayer
100
AcDbHatch
10
0
20
0
30
0
210
0
220
0
230
1
2
SOLID
70
1
71
0
91
1
92
7
72
0
73
1
93
4
10
17.649809499619003
20
8.450088900177802
10
18.950038100076203
20
8.450088900177802
10
18.950038100076203
20
6.9499618999238
10
17.649809499619003
20
6.9499618999238
97
1
330

75
0
76
1
47
0.4128176842155181
98
1
10
34.90568961886538
20
22.81183545379326
450
0
451
0
460
0
461
0
452
1
462
1
453
2
463
0
63
5
421
255
463
1
63
7
421
16777215
470
LINEAR
1001
ACAD
1010
0
1020
0
1030
0
0
HATCH
5
78e
100
AcDbEntity
8
TopLayer
100
AcDbHatch
10
0
20
0
30
0
210
0
220
0
230
1
2
SOLID
70
1
71
0
91
1
92
7
72
0
73
1
93
4
10
16.0001778003556
20
13.450088900177803
10
17.300152400304803
20
13.450088900177803
10
17.300152400304803
20
11.949961899923801
10
16.0001778003556
20
11.949961899923801
97
1
330

75
0
76
1
47
0.4128176842155181
98
1
10
34.90568961886538
20
22.81183545379326
450
0
451
0
460
0
461
0
452
1
462
1
453
2
463
0
63
5
421
255
463
1
63
7
421
16777215
470
LINEAR
1001
ACAD
1010
0
1020
0
1030
0
0
HATCH
5
791
100
AcDbEntity
8
TopSolderMaskLayer
100
AcDbHatch
10
0
20
0
30
0
210
0
220
0
230
1
2
SOLID
70
1
71
0
91
1
92
7
72
0
73
1
93
4
10
17.649133220165254
20
13.500889001778006
10
19.05096202382286
20
13.500889001778006
10
19.05096202382286
20
11.899161798323597
10
17.649133220165254
20
11.899161798323597
97
1
330

75
0
76
1
47
0.4128176842155181
98
1
10
34.90568961886538
20
22.81183545379326
450
0
451
0
460
0
461
0
452
1
462
1
453
2
463
0
63
5
421
255
463
1
63
7
421
16777215
470
LINEAR
1001
ACAD
1010
0
1020
0
1030
0
0
HATCH
5
794
100
AcDbEntity
8
TopPasteMaskLayer
100
AcDbHatch
10
0
20
0
30
0
210
0
220
0
230
1
2
SOLID
70
1
71
0
91
1
92
7
72
0
73
1
93
4
10
17.699949199898402
20
13.450088900177803
10
19.000177800355605
20
13.450088900177803
10
19.000177800355605
20
11.949961899923801
10
17.699949199898402
20
11.949961899923801
97
1
330

75
0
76
1
47
0.4128176842155181
98
1
10
34.90568961886538
20
22.81183545379326
450
0
451
0
460
0
461
0
452
1
462
1
453
2
463
0
63
5
421
255
463
1
63
7
421
16777215
470
LINEAR
1001
ACAD
1010
0
1020
0
1030
0
0
HATCH
5
797
100
AcDbEntity
8
TopLayer
100
AcDbHatch
10
0
20
0
30
0
210
0
220
0
230
1
2
SOLID
70
1
71
0
91
1
92
7
72
0
73
1
93
4
10
17.699949199898402
20
13.450088900177803
10
19.000177800355605
20
13.450088900177803
10
19.000177800355605
20
11.949961899923801
10
17.699949199898402
20
11.949961899923801
97
1
330

75
0
76
1
47
0.4128176842155181
98
1
10
34.90568961886538
20
22.81183545379326
450
0
451
0
460
0
461
0
452
1
462
1
453
2
463
0
63
5
421
255
463
1
63
7
421
16777215
470
LINEAR
1001
ACAD
1010
0
1020
0
1030
0
0
HATCH
5
79a
100
AcDbEntity
8
TopLayer
100
AcDbHatch
10
0
20
0
30
0
210
0
220
0
230
1
2
SOLID
70
1
71
0
91
1
92
7
72
0
73
1
93
4
10
16.0001778003556
20
10.7500889001778
10
17.300152400304803
20
10.7500889001778
10
17.300152400304803
20
9.2499618999238
10
16.0001778003556
20
9.2499618999238
97
1
330

75
0
76
1
47
0.4128176842155181
98
1
10
34.90568961886538
20
22.81183545379326
450
0
451
0
460
0
461
0
452
1
462
1
453
2
463
0
63
5
421
255
463
1
63
7
421
16777215
470
LINEAR
1001
ACAD
1010
0
1020
0
1030
0
0
HATCH
5
79d
100
AcDbEntity
8
TopLayer
100
AcDbHatch
10
0
20
0
30
0
210
0
220
0
230
1
2
SOLID
70
1
71
0
91
1
92
7
72
0
73
1
93
4
10
17.699949199898402
20
10.7500889001778
10
19.000177800355605
20
10.7500889001778
10
19.000177800355605
20
9.2499618999238
10
17.699949199898402
20
9.2499618999238
97
1
330

75
0
76
1
47
0.4128176842155181
98
1
10
34.90568961886538
20
22.81183545379326
450
0
451
0
460
0
461
0
452
1
462
1
453
2
463
0
63
5
421
255
463
1
63
7
421
16777215
470
LINEAR
1001
ACAD
1010
0
1020
0
1030
0
 0
ARC
  5
7a0
330
1F
100
AcDbEntity
  8
TopSolderMaskLayer
100
AcDbCircle
 10
44.7727266860027
 20
2.90007070156205
 30
0.0
 40
0.5354939677542729
100
AcDbArc
 50
270
 51
450
 0
ARC
  5
7a1
330
1F
100
AcDbEntity
  8
TopSolderMaskLayer
100
AcDbCircle
 10
44.76737174632515
 20
2.90007070156205
 30
0.0
 40
0.5354939677542729
100
AcDbArc
 50
450
 51
270
 0
LWPOLYLINE
  5
7a2
330
1F
100
AcDbEntity
  8
TopSolderMaskLayer
100
AcDbPolyline
 90
1
 70
 1
 43
0
 10
44.76737174632515
 20
2.364576733807777
 10
44.7727266860027
 20
2.364576733807777
 0
LWPOLYLINE
  5
7a3
330
1F
100
AcDbEntity
  8
TopSolderMaskLayer
100
AcDbPolyline
 90
1
 70
 1
 43
0
 10
44.76737174632515
 20
3.435564669316323
 10
44.7727266860027
 20
3.435564669316323
0
HATCH
5
7a4
100
AcDbEntity
8
TopSolderMaskLayer
100
AcDbHatch
10
0
20
0
30
0
210
0
220
0
230
1
2
SOLID
70
1
71
0
91
1
92
7
72
0
73
1
93
8
10
43.78045636375402
20
2.490417816230032
10
44.360128583848024
20
1.9107455961360307
10
45.17970210149594
20
1.9107455961360307
10
45.75937432158994
20
2.490417816230032
10
45.75937432158994
20
3.3099913338779468
10
45.17970210149594
20
3.8896635539719466
10
44.360128583848024
20
3.8896635539719466
10
43.78045636375402
20
3.3099913338779468
97
1
330

75
0
76
1
47
0.4128176842155181
98
1
10
34.90568961886538
20
22.81183545379326
450
0
451
0
460
0
461
0
452
1
462
1
453
2
463
0
63
5
421
255
463
1
63
7
421
16777215
470
LINEAR
1001
ACAD
1010
0
1020
0
1030
0
 0
ARC
  5
7a7
330
1F
100
AcDbEntity
  8
BottomSolderMaskLayer
100
AcDbCircle
 10
44.7727266860027
 20
2.90007070156205
 30
0.0
 40
0.5354939677542729
100
AcDbArc
 50
270
 51
450
 0
ARC
  5
7a8
330
1F
100
AcDbEntity
  8
BottomSolderMaskLayer
100
AcDbCircle
 10
44.76737174632515
 20
2.90007070156205
 30
0.0
 40
0.5354939677542729
100
AcDbArc
 50
450
 51
270
 0
LWPOLYLINE
  5
7a9
330
1F
100
AcDbEntity
  8
BottomSolderMaskLayer
100
AcDbPolyline
 90
1
 70
 1
 43
0
 10
44.76737174632515
 20
2.364576733807777
 10
44.7727266860027
 20
2.364576733807777
 0
LWPOLYLINE
  5
7aa
330
1F
100
AcDbEntity
  8
BottomSolderMaskLayer
100
AcDbPolyline
 90
1
 70
 1
 43
0
 10
44.76737174632515
 20
3.435564669316323
 10
44.7727266860027
 20
3.435564669316323
0
HATCH
5
7ab
100
AcDbEntity
8
BottomSolderMaskLayer
100
AcDbHatch
10
0
20
0
30
0
210
0
220
0
230
1
2
SOLID
70
1
71
0
91
1
92
7
72
0
73
1
93
8
10
43.78045636375402
20
2.490417816230032
10
44.360128583848024
20
1.9107455961360307
10
45.17970210149594
20
1.9107455961360307
10
45.75937432158994
20
2.490417816230032
10
45.75937432158994
20
3.3099913338779468
10
45.17970210149594
20
3.8896635539719466
10
44.360128583848024
20
3.8896635539719466
10
43.78045636375402
20
3.3099913338779468
97
1
330

75
0
76
1
47
0.4128176842155181
98
1
10
34.90568961886538
20
22.81183545379326
450
0
451
0
460
0
461
0
452
1
462
1
453
2
463
0
63
5
421
255
463
1
63
7
421
16777215
470
LINEAR
1001
ACAD
1010
0
1020
0
1030
0
 0
ARC
  5
7ae
330
1F
100
AcDbEntity
  8
Multi-Layer
100
AcDbCircle
 10
44.7725933451867
 20
2.9000762001524008
 30
0.0
 40
0.5080010160020321
100
AcDbArc
 50
270
 51
450
 0
ARC
  5
7af
330
1F
100
AcDbEntity
  8
Multi-Layer
100
AcDbCircle
 10
44.76751333502668
 20
2.9000762001524008
 30
0.0
 40
0.5080010160020321
100
AcDbArc
 50
450
 51
270
 0
LWPOLYLINE
  5
7b0
330
1F
100
AcDbEntity
  8
Multi-Layer
100
AcDbPolyline
 90
1
 70
 1
 43
0
 10
44.76751333502668
 20
2.392075184150369
 10
44.7725933451867
 20
2.392075184150369
 0
LWPOLYLINE
  5
7b1
330
1F
100
AcDbEntity
  8
Multi-Layer
100
AcDbPolyline
 90
1
 70
 1
 43
0
 10
44.76751333502668
 20
3.4080772161544326
 10
44.7725933451867
 20
3.4080772161544326
0
HATCH
5
7b2
100
AcDbEntity
8
Multi-Layer
100
AcDbHatch
10
0
20
0
30
0
210
0
220
0
230
1
2
SOLID
70
1
71
0
91
1
92
7
72
0
73
1
93
8
10
43.83126746253493
20
2.5114554229108466
10
44.38117856235713
20
1.9615443230886465
10
45.15867411734824
20
1.9615443230886465
10
45.70858521717044
20
2.5114554229108466
10
45.70858521717044
20
3.2889509779019566
10
45.15867411734824
20
3.8388620777241558
10
44.38117856235713
20
3.8388620777241558
10
43.83126746253493
20
3.2889509779019566
97
1
330

75
0
76
1
47
0.4128176842155181
98
1
10
34.90568961886538
20
22.81183545379326
450
0
451
0
460
0
461
0
452
1
462
1
453
2
463
0
63
5
421
255
463
1
63
7
421
16777215
470
LINEAR
1001
ACAD
1010
0
1020
0
1030
0
 0
ARC
  5
7b5
330
1F
100
AcDbEntity
  8
TopSolderMaskLayer
100
AcDbCircle
 10
42.22736666631499
 20
2.90007070156205
 30
0.0
 40
0.5354939677542729
100
AcDbArc
 50
90
 51
270
 0
ARC
  5
7b6
330
1F
100
AcDbEntity
  8
TopSolderMaskLayer
100
AcDbCircle
 10
42.23272160599254
 20
2.90007070156205
 30
0.0
 40
0.5354939677542729
100
AcDbArc
 50
270
 51
90
 0
LWPOLYLINE
  5
7b7
330
1F
100
AcDbEntity
  8
TopSolderMaskLayer
100
AcDbPolyline
 90
1
 70
 1
 43
0
 10
42.23272160599254
 20
3.435564669316323
 10
42.22736666631499
 20
3.435564669316323
 0
LWPOLYLINE
  5
7b8
330
1F
100
AcDbEntity
  8
TopSolderMaskLayer
100
AcDbPolyline
 90
1
 70
 1
 43
0
 10
42.23272160599254
 20
2.364576733807777
 10
42.22736666631499
 20
2.364576733807777
0
HATCH
5
7b9
100
AcDbEntity
8
TopSolderMaskLayer
100
AcDbHatch
10
0
20
0
30
0
210
0
220
0
230
1
2
SOLID
70
1
71
0
91
1
92
7
72
0
73
1
93
8
10
43.21936924157978
20
3.3099913338779468
10
42.63969702148578
20
3.8896635539719466
10
41.82012350383786
20
3.8896635539719466
10
41.240451283743866
20
3.3099913338779468
10
41.240451283743866
20
2.490417816230032
10
41.82012350383786
20
1.9107455961360307
10
42.63969702148578
20
1.9107455961360307
10
43.21936924157978
20
2.490417816230032
97
1
330

75
0
76
1
47
0.4128176842155181
98
1
10
34.90568961886538
20
22.81183545379326
450
0
451
0
460
0
461
0
452
1
462
1
453
2
463
0
63
5
421
255
463
1
63
7
421
16777215
470
LINEAR
1001
ACAD
1010
0
1020
0
1030
0
 0
ARC
  5
7bc
330
1F
100
AcDbEntity
  8
BottomSolderMaskLayer
100
AcDbCircle
 10
42.22736666631499
 20
2.90007070156205
 30
0.0
 40
0.5354939677542729
100
AcDbArc
 50
90
 51
270
 0
ARC
  5
7bd
330
1F
100
AcDbEntity
  8
BottomSolderMaskLayer
100
AcDbCircle
 10
42.23272160599254
 20
2.90007070156205
 30
0.0
 40
0.5354939677542729
100
AcDbArc
 50
270
 51
90
 0
LWPOLYLINE
  5
7be
330
1F
100
AcDbEntity
  8
BottomSolderMaskLayer
100
AcDbPolyline
 90
1
 70
 1
 43
0
 10
42.23272160599254
 20
3.435564669316323
 10
42.22736666631499
 20
3.435564669316323
 0
LWPOLYLINE
  5
7bf
330
1F
100
AcDbEntity
  8
BottomSolderMaskLayer
100
AcDbPolyline
 90
1
 70
 1
 43
0
 10
42.23272160599254
 20
2.364576733807777
 10
42.22736666631499
 20
2.364576733807777
0
HATCH
5
7c0
100
AcDbEntity
8
BottomSolderMaskLayer
100
AcDbHatch
10
0
20
0
30
0
210
0
220
0
230
1
2
SOLID
70
1
71
0
91
1
92
7
72
0
73
1
93
8
10
43.21936924157978
20
3.3099913338779468
10
42.63969702148578
20
3.8896635539719466
10
41.82012350383786
20
3.8896635539719466
10
41.240451283743866
20
3.3099913338779468
10
41.240451283743866
20
2.490417816230032
10
41.82012350383786
20
1.9107455961360307
10
42.63969702148578
20
1.9107455961360307
10
43.21936924157978
20
2.490417816230032
97
1
330

75
0
76
1
47
0.4128176842155181
98
1
10
34.90568961886538
20
22.81183545379326
450
0
451
0
460
0
461
0
452
1
462
1
453
2
463
0
63
5
421
255
463
1
63
7
421
16777215
470
LINEAR
1001
ACAD
1010
0
1020
0
1030
0
 0
ARC
  5
7c3
330
1F
100
AcDbEntity
  8
Multi-Layer
100
AcDbCircle
 10
42.22750825501652
 20
2.9000762001524008
 30
0.0
 40
0.5080010160020321
100
AcDbArc
 50
90
 51
270
 0
ARC
  5
7c4
330
1F
100
AcDbEntity
  8
Multi-Layer
100
AcDbCircle
 10
42.23258826517654
 20
2.9000762001524008
 30
0.0
 40
0.5080010160020321
100
AcDbArc
 50
270
 51
90
 0
LWPOLYLINE
  5
7c5
330
1F
100
AcDbEntity
  8
Multi-Layer
100
AcDbPolyline
 90
1
 70
 1
 43
0
 10
42.23258826517654
 20
3.4080772161544326
 10
42.22750825501652
 20
3.4080772161544326
 0
LWPOLYLINE
  5
7c6
330
1F
100
AcDbEntity
  8
Multi-Layer
100
AcDbPolyline
 90
1
 70
 1
 43
0
 10
42.23258826517654
 20
2.392075184150369
 10
42.22750825501652
 20
2.392075184150369
0
HATCH
5
7c7
100
AcDbEntity
8
Multi-Layer
100
AcDbHatch
10
0
20
0
30
0
210
0
220
0
230
1
2
SOLID
70
1
71
0
91
1
92
7
72
0
73
1
93
8
10
43.168580137160276
20
3.2889509779019566
10
42.61866903733808
20
3.8388620777241558
10
41.84117348234697
20
3.8388620777241558
10
41.29126238252477
20
3.2889509779019566
10
41.29126238252477
20
2.5114554229108466
10
41.84117348234697
20
1.9615443230886465
10
42.61866903733808
20
1.9615443230886465
10
43.168580137160276
20
2.5114554229108466
97
1
330

75
0
76
1
47
0.4128176842155181
98
1
10
34.90568961886538
20
22.81183545379326
450
0
451
0
460
0
461
0
452
1
462
1
453
2
463
0
63
5
421
255
463
1
63
7
421
16777215
470
LINEAR
1001
ACAD
1010
0
1020
0
1030
0
 0
ARC
  5
7ca
330
1F
100
AcDbEntity
  8
TopSolderMaskLayer
100
AcDbCircle
 10
41.970027940055886
 20
15.10278044468956
 30
0.0
 40
0.5354939677542729
100
AcDbArc
 50
360
 51
540
 0
ARC
  5
7cb
330
1F
100
AcDbEntity
  8
TopSolderMaskLayer
100
AcDbCircle
 10
41.970027940055886
 20
15.09742550501202
 30
0.0
 40
0.5354939677542729
100
AcDbArc
 50
540
 51
360
 0
LWPOLYLINE
  5
7cc
330
1F
100
AcDbEntity
  8
TopSolderMaskLayer
100
AcDbPolyline
 90
1
 70
 1
 43
0
 10
41.434533972301615
 20
15.09742550501202
 10
41.434533972301615
 20
15.10278044468956
 0
LWPOLYLINE
  5
7cd
330
1F
100
AcDbEntity
  8
TopSolderMaskLayer
100
AcDbPolyline
 90
1
 70
 1
 43
0
 10
42.505521907810156
 20
15.09742550501202
 10
42.505521907810156
 20
15.10278044468956
0
HATCH
5
7ce
100
AcDbEntity
8
TopSolderMaskLayer
100
AcDbHatch
10
0
20
0
30
0
210
0
220
0
230
1
2
SOLID
70
1
71
0
91
1
92
7
72
0
73
1
93
8
10
42.37968082538791
20
14.110510122440894
10
42.9593530454819
20
14.690182342534893
10
42.9593530454819
20
15.509755860182809
10
42.37968082538791
20
16.08942808027681
10
41.56010730773999
20
16.08942808027681
10
40.98043508764599
20
15.509755860182809
10
40.98043508764599
20
14.690182342534893
10
41.56010730773999
20
14.110510122440894
97
1
330

75
0
76
1
47
0.4128176842155181
98
1
10
34.90568961886538
20
22.81183545379326
450
0
451
0
460
0
461
0
452
1
462
1
453
2
463
0
63
5
421
255
463
1
63
7
421
16777215
470
LINEAR
1001
ACAD
1010
0
1020
0
1030
0
 0
ARC
  5
7d1
330
1F
100
AcDbEntity
  8
BottomSolderMaskLayer
100
AcDbCircle
 10
41.970027940055886
 20
15.10278044468956
 30
0.0
 40
0.5354939677542729
100
AcDbArc
 50
360
 51
540
 0
ARC
  5
7d2
330
1F
100
AcDbEntity
  8
BottomSolderMaskLayer
100
AcDbCircle
 10
41.970027940055886
 20
15.09742550501202
 30
0.0
 40
0.5354939677542729
100
AcDbArc
 50
540
 51
360
 0
LWPOLYLINE
  5
7d3
330
1F
100
AcDbEntity
  8
BottomSolderMaskLayer
100
AcDbPolyline
 90
1
 70
 1
 43
0
 10
41.434533972301615
 20
15.09742550501202
 10
41.434533972301615
 20
15.10278044468956
 0
LWPOLYLINE
  5
7d4
330
1F
100
AcDbEntity
  8
BottomSolderMaskLayer
100
AcDbPolyline
 90
1
 70
 1
 43
0
 10
42.505521907810156
 20
15.09742550501202
 10
42.505521907810156
 20
15.10278044468956
0
HATCH
5
7d5
100
AcDbEntity
8
BottomSolderMaskLayer
100
AcDbHatch
10
0
20
0
30
0
210
0
220
0
230
1
2
SOLID
70
1
71
0
91
1
92
7
72
0
73
1
93
8
10
42.37968082538791
20
14.110510122440894
10
42.9593530454819
20
14.690182342534893
10
42.9593530454819
20
15.509755860182809
10
42.37968082538791
20
16.08942808027681
10
41.56010730773999
20
16.08942808027681
10
40.98043508764599
20
15.509755860182809
10
40.98043508764599
20
14.690182342534893
10
41.56010730773999
20
14.110510122440894
97
1
330

75
0
76
1
47
0.4128176842155181
98
1
10
34.90568961886538
20
22.81183545379326
450
0
451
0
460
0
461
0
452
1
462
1
453
2
463
0
63
5
421
255
463
1
63
7
421
16777215
470
LINEAR
1001
ACAD
1010
0
1020
0
1030
0
 0
ARC
  5
7d8
330
1F
100
AcDbEntity
  8
Multi-Layer
100
AcDbCircle
 10
41.970027940055886
 20
15.102641605283212
 30
0.0
 40
0.5080010160020321
100
AcDbArc
 50
360
 51
540
 0
ARC
  5
7d9
330
1F
100
AcDbEntity
  8
Multi-Layer
100
AcDbCircle
 10
41.970027940055886
 20
15.097561595123192
 30
0.0
 40
0.5080010160020321
100
AcDbArc
 50
540
 51
360
 0
LWPOLYLINE
  5
7da
330
1F
100
AcDbEntity
  8
Multi-Layer
100
AcDbPolyline
 90
1
 70
 1
 43
0
 10
41.46202692405385
 20
15.097561595123192
 10
41.46202692405385
 20
15.102641605283212
 0
LWPOLYLINE
  5
7db
330
1F
100
AcDbEntity
  8
Multi-Layer
100
AcDbPolyline
 90
1
 70
 1
 43
0
 10
42.47802895605792
 20
15.097561595123192
 10
42.47802895605792
 20
15.102641605283212
0
HATCH
5
7dc
100
AcDbEntity
8
Multi-Layer
100
AcDbHatch
10
0
20
0
30
0
210
0
220
0
230
1
2
SOLID
70
1
71
0
91
1
92
7
72
0
73
1
93
8
10
42.35864871729744
20
14.161315722631448
10
42.90855981711964
20
14.711226822453648
10
42.90855981711964
20
15.488722377444757
10
42.35864871729744
20
16.038633477266956
10
41.58115316230633
20
16.038633477266956
10
41.03124206248413
20
15.488722377444757
10
41.03124206248413
20
14.711226822453648
10
41.58115316230633
20
14.161315722631448
97
1
330

75
0
76
1
47
0.4128176842155181
98
1
10
34.90568961886538
20
22.81183545379326
450
0
451
0
460
0
461
0
452
1
462
1
453
2
463
0
63
5
421
255
463
1
63
7
421
16777215
470
LINEAR
1001
ACAD
1010
0
1020
0
1030
0
 0
ARC
  5
7df
330
1F
100
AcDbEntity
  8
TopSolderMaskLayer
100
AcDbCircle
 10
39.43270032988449
 20
15.10010297485079
 30
0.0
 40
0.5354939677542729
100
AcDbArc
 50
270
 51
450
 0
ARC
  5
7e0
330
1F
100
AcDbEntity
  8
TopSolderMaskLayer
100
AcDbCircle
 10
39.42734539020696
 20
15.10010297485079
 30
0.0
 40
0.5354939677542729
100
AcDbArc
 50
450
 51
270
 0
LWPOLYLINE
  5
7e1
330
1F
100
AcDbEntity
  8
TopSolderMaskLayer
100
AcDbPolyline
 90
1
 70
 1
 43
0
 10
39.42734539020696
 20
14.564609007096518
 10
39.43270032988449
 20
14.564609007096518
 0
LWPOLYLINE
  5
7e2
330
1F
100
AcDbEntity
  8
TopSolderMaskLayer
100
AcDbPolyline
 90
1
 70
 1
 43
0
 10
39.42734539020696
 20
15.635596942605062
 10
39.43270032988449
 20
15.635596942605062
0
HATCH
5
7e3
100
AcDbEntity
8
TopSolderMaskLayer
100
AcDbHatch
10
0
20
0
30
0
210
0
220
0
230
1
2
SOLID
70
1
71
0
91
1
92
7
72
0
73
1
93
8
10
38.44043000763583
20
14.690182342534893
10
39.02010222772983
20
14.110510122440894
10
39.83967574537775
20
14.110510122440894
10
40.41934796547174
20
14.690182342534893
10
40.41934796547174
20
15.509755860182809
10
39.83967574537775
20
16.08942808027681
10
39.02010222772983
20
16.08942808027681
10
38.44043000763583
20
15.509755860182809
97
1
330

75
0
76
1
47
0.4128176842155181
98
1
10
34.90568961886538
20
22.81183545379326
450
0
451
0
460
0
461
0
452
1
462
1
453
2
463
0
63
5
421
255
463
1
63
7
421
16777215
470
LINEAR
1001
ACAD
1010
0
1020
0
1030
0
 0
ARC
  5
7e6
330
1F
100
AcDbEntity
  8
BottomSolderMaskLayer
100
AcDbCircle
 10
39.43270032988449
 20
15.10010297485079
 30
0.0
 40
0.5354939677542729
100
AcDbArc
 50
270
 51
450
 0
ARC
  5
7e7
330
1F
100
AcDbEntity
  8
BottomSolderMaskLayer
100
AcDbCircle
 10
39.42734539020696
 20
15.10010297485079
 30
0.0
 40
0.5354939677542729
100
AcDbArc
 50
450
 51
270
 0
LWPOLYLINE
  5
7e8
330
1F
100
AcDbEntity
  8
BottomSolderMaskLayer
100
AcDbPolyline
 90
1
 70
 1
 43
0
 10
39.42734539020696
 20
14.564609007096518
 10
39.43270032988449
 20
14.564609007096518
 0
LWPOLYLINE
  5
7e9
330
1F
100
AcDbEntity
  8
BottomSolderMaskLayer
100
AcDbPolyline
 90
1
 70
 1
 43
0
 10
39.42734539020696
 20
15.635596942605062
 10
39.43270032988449
 20
15.635596942605062
0
HATCH
5
7ea
100
AcDbEntity
8
BottomSolderMaskLayer
100
AcDbHatch
10
0
20
0
30
0
210
0
220
0
230
1
2
SOLID
70
1
71
0
91
1
92
7
72
0
73
1
93
8
10
38.44043000763583
20
14.690182342534893
10
39.02010222772983
20
14.110510122440894
10
39.83967574537775
20
14.110510122440894
10
40.41934796547174
20
14.690182342534893
10
40.41934796547174
20
15.509755860182809
10
39.83967574537775
20
16.08942808027681
10
39.02010222772983
20
16.08942808027681
10
38.44043000763583
20
15.509755860182809
97
1
330

75
0
76
1
47
0.4128176842155181
98
1
10
34.90568961886538
20
22.81183545379326
450
0
451
0
460
0
461
0
452
1
462
1
453
2
463
0
63
5
421
255
463
1
63
7
421
16777215
470
LINEAR
1001
ACAD
1010
0
1020
0
1030
0
 0
ARC
  5
7ed
330
1F
100
AcDbEntity
  8
Multi-Layer
100
AcDbCircle
 10
39.43256286512573
 20
15.100101600203203
 30
0.0
 40
0.5080010160020321
100
AcDbArc
 50
270
 51
450
 0
ARC
  5
7ee
330
1F
100
AcDbEntity
  8
Multi-Layer
100
AcDbCircle
 10
39.42748285496572
 20
15.100101600203203
 30
0.0
 40
0.5080010160020321
100
AcDbArc
 50
450
 51
270
 0
LWPOLYLINE
  5
7ef
330
1F
100
AcDbEntity
  8
Multi-Layer
100
AcDbPolyline
 90
1
 70
 1
 43
0
 10
39.42748285496572
 20
14.592100584201171
 10
39.43256286512573
 20
14.592100584201171
 0
LWPOLYLINE
  5
7f0
330
1F
100
AcDbEntity
  8
Multi-Layer
100
AcDbPolyline
 90
1
 70
 1
 43
0
 10
39.42748285496572
 20
15.608102616205235
 10
39.43256286512573
 20
15.608102616205235
0
HATCH
5
7f1
100
AcDbEntity
8
Multi-Layer
100
AcDbHatch
10
0
20
0
30
0
210
0
220
0
230
1
2
SOLID
70
1
71
0
91
1
92
7
72
0
73
1
93
8
10
38.49123698247397
20
14.711226822453648
10
39.04114808229617
20
14.161315722631448
10
39.81864363728728
20
14.161315722631448
10
40.36855473710948
20
14.711226822453648
10
40.36855473710948
20
15.488722377444757
10
39.81864363728728
20
16.038633477266956
10
39.04114808229617
20
16.038633477266956
10
38.49123698247397
20
15.488722377444757
97
1
330

75
0
76
1
47
0.4128176842155181
98
1
10
34.90568961886538
20
22.81183545379326
450
0
451
0
460
0
461
0
452
1
462
1
453
2
463
0
63
5
421
255
463
1
63
7
421
16777215
470
LINEAR
1001
ACAD
1010
0
1020
0
1030
0
 0
ARC
  5
7f4
330
1F
100
AcDbEntity
  8
TopSolderMaskLayer
100
AcDbCircle
 10
44.51271048990481
 20
15.10010297485079
 30
0.0
 40
0.5354939677542729
100
AcDbArc
 50
270
 51
450
 0
ARC
  5
7f5
330
1F
100
AcDbEntity
  8
TopSolderMaskLayer
100
AcDbCircle
 10
44.50735555022728
 20
15.10010297485079
 30
0.0
 40
0.5354939677542729
100
AcDbArc
 50
450
 51
270
 0
LWPOLYLINE
  5
7f6
330
1F
100
AcDbEntity
  8
TopSolderMaskLayer
100
AcDbPolyline
 90
1
 70
 1
 43
0
 10
44.50735555022728
 20
14.564609007096518
 10
44.51271048990481
 20
14.564609007096518
 0
LWPOLYLINE
  5
7f7
330
1F
100
AcDbEntity
  8
TopSolderMaskLayer
100
AcDbPolyline
 90
1
 70
 1
 43
0
 10
44.50735555022728
 20
15.635596942605062
 10
44.51271048990481
 20
15.635596942605062
0
HATCH
5
7f8
100
AcDbEntity
8
TopSolderMaskLayer
100
AcDbHatch
10
0
20
0
30
0
210
0
220
0
230
1
2
SOLID
70
1
71
0
91
1
92
7
72
0
73
1
93
8
10
43.520440167656155
20
14.690182342534893
10
44.10011238775015
20
14.110510122440894
10
44.91968590539806
20
14.110510122440894
10
45.49935812549206
20
14.690182342534893
10
45.49935812549206
20
15.509755860182809
10
44.91968590539806
20
16.08942808027681
10
44.10011238775015
20
16.08942808027681
10
43.520440167656155
20
15.509755860182809
97
1
330

75
0
76
1
47
0.4128176842155181
98
1
10
34.90568961886538
20
22.81183545379326
450
0
451
0
460
0
461
0
452
1
462
1
453
2
463
0
63
5
421
255
463
1
63
7
421
16777215
470
LINEAR
1001
ACAD
1010
0
1020
0
1030
0
 0
ARC
  5
7fb
330
1F
100
AcDbEntity
  8
BottomSolderMaskLayer
100
AcDbCircle
 10
44.51271048990481
 20
15.10010297485079
 30
0.0
 40
0.5354939677542729
100
AcDbArc
 50
270
 51
450
 0
ARC
  5
7fc
330
1F
100
AcDbEntity
  8
BottomSolderMaskLayer
100
AcDbCircle
 10
44.50735555022728
 20
15.10010297485079
 30
0.0
 40
0.5354939677542729
100
AcDbArc
 50
450
 51
270
 0
LWPOLYLINE
  5
7fd
330
1F
100
AcDbEntity
  8
BottomSolderMaskLayer
100
AcDbPolyline
 90
1
 70
 1
 43
0
 10
44.50735555022728
 20
14.564609007096518
 10
44.51271048990481
 20
14.564609007096518
 0
LWPOLYLINE
  5
7fe
330
1F
100
AcDbEntity
  8
BottomSolderMaskLayer
100
AcDbPolyline
 90
1
 70
 1
 43
0
 10
44.50735555022728
 20
15.635596942605062
 10
44.51271048990481
 20
15.635596942605062
0
HATCH
5
7ff
100
AcDbEntity
8
BottomSolderMaskLayer
100
AcDbHatch
10
0
20
0
30
0
210
0
220
0
230
1
2
SOLID
70
1
71
0
91
1
92
7
72
0
73
1
93
8
10
43.520440167656155
20
14.690182342534893
10
44.10011238775015
20
14.110510122440894
10
44.91968590539806
20
14.110510122440894
10
45.49935812549206
20
14.690182342534893
10
45.49935812549206
20
15.509755860182809
10
44.91968590539806
20
16.08942808027681
10
44.10011238775015
20
16.08942808027681
10
43.520440167656155
20
15.509755860182809
97
1
330

75
0
76
1
47
0.4128176842155181
98
1
10
34.90568961886538
20
22.81183545379326
450
0
451
0
460
0
461
0
452
1
462
1
453
2
463
0
63
5
421
255
463
1
63
7
421
16777215
470
LINEAR
1001
ACAD
1010
0
1020
0
1030
0
 0
ARC
  5
802
330
1F
100
AcDbEntity
  8
Multi-Layer
100
AcDbCircle
 10
44.512573025146054
 20
15.100101600203203
 30
0.0
 40
0.5080010160020321
100
AcDbArc
 50
270
 51
450
 0
ARC
  5
803
330
1F
100
AcDbEntity
  8
Multi-Layer
100
AcDbCircle
 10
44.50749301498604
 20
15.100101600203203
 30
0.0
 40
0.5080010160020321
100
AcDbArc
 50
450
 51
270
 0
LWPOLYLINE
  5
804
330
1F
100
AcDbEntity
  8
Multi-Layer
100
AcDbPolyline
 90
1
 70
 1
 43
0
 10
44.50749301498604
 20
14.592100584201171
 10
44.512573025146054
 20
14.592100584201171
 0
LWPOLYLINE
  5
805
330
1F
100
AcDbEntity
  8
Multi-Layer
100
AcDbPolyline
 90
1
 70
 1
 43
0
 10
44.50749301498604
 20
15.608102616205235
 10
44.512573025146054
 20
15.608102616205235
0
HATCH
5
806
100
AcDbEntity
8
Multi-Layer
100
AcDbHatch
10
0
20
0
30
0
210
0
220
0
230
1
2
SOLID
70
1
71
0
91
1
92
7
72
0
73
1
93
8
10
43.57124714249429
20
14.711226822453648
10
44.12115824231649
20
14.161315722631448
10
44.8986537973076
20
14.161315722631448
10
45.4485648971298
20
14.711226822453648
10
45.4485648971298
20
15.488722377444757
10
44.8986537973076
20
16.038633477266956
10
44.12115824231649
20
16.038633477266956
10
43.57124714249429
20
15.488722377444757
97
1
330

75
0
76
1
47
0.4128176842155181
98
1
10
34.90568961886538
20
22.81183545379326
450
0
451
0
460
0
461
0
452
1
462
1
453
2
463
0
63
5
421
255
463
1
63
7
421
16777215
470
LINEAR
1001
ACAD
1010
0
1020
0
1030
0
 0
ARC
  5
809
330
1F
100
AcDbEntity
  8
TopSolderMaskLayer
100
AcDbCircle
 10
47.05271556991497
 20
15.10010297485079
 30
0.0
 40
0.5354939677542729
100
AcDbArc
 50
270
 51
450
 0
ARC
  5
80a
330
1F
100
AcDbEntity
  8
TopSolderMaskLayer
100
AcDbCircle
 10
47.04736063023744
 20
15.10010297485079
 30
0.0
 40
0.5354939677542729
100
AcDbArc
 50
450
 51
270
 0
LWPOLYLINE
  5
80b
330
1F
100
AcDbEntity
  8
TopSolderMaskLayer
100
AcDbPolyline
 90
1
 70
 1
 43
0
 10
47.04736063023744
 20
14.564609007096518
 10
47.05271556991497
 20
14.564609007096518
 0
LWPOLYLINE
  5
80c
330
1F
100
AcDbEntity
  8
TopSolderMaskLayer
100
AcDbPolyline
 90
1
 70
 1
 43
0
 10
47.04736063023744
 20
15.635596942605062
 10
47.05271556991497
 20
15.635596942605062
0
HATCH
5
80d
100
AcDbEntity
8
TopSolderMaskLayer
100
AcDbHatch
10
0
20
0
30
0
210
0
220
0
230
1
2
SOLID
70
1
71
0
91
1
92
7
72
0
73
1
93
8
10
46.060445247666316
20
14.690450089518771
10
46.640117467760305
20
14.110777869424771
10
47.45969098540822
20
14.110777869424771
10
48.03936320550222
20
14.690450089518771
10
48.03936320550222
20
15.510023607166687
10
47.45969098540822
20
16.089695827260684
10
46.640117467760305
20
16.089695827260684
10
46.060445247666316
20
15.510023607166687
97
1
330

75
0
76
1
47
0.4128176842155181
98
1
10
34.90568961886538
20
22.81183545379326
450
0
451
0
460
0
461
0
452
1
462
1
453
2
463
0
63
5
421
255
463
1
63
7
421
16777215
470
LINEAR
1001
ACAD
1010
0
1020
0
1030
0
 0
ARC
  5
810
330
1F
100
AcDbEntity
  8
BottomSolderMaskLayer
100
AcDbCircle
 10
47.05271556991497
 20
15.10010297485079
 30
0.0
 40
0.5354939677542729
100
AcDbArc
 50
270
 51
450
 0
ARC
  5
811
330
1F
100
AcDbEntity
  8
BottomSolderMaskLayer
100
AcDbCircle
 10
47.04736063023744
 20
15.10010297485079
 30
0.0
 40
0.5354939677542729
100
AcDbArc
 50
450
 51
270
 0
LWPOLYLINE
  5
812
330
1F
100
AcDbEntity
  8
BottomSolderMaskLayer
100
AcDbPolyline
 90
1
 70
 1
 43
0
 10
47.04736063023744
 20
14.564609007096518
 10
47.05271556991497
 20
14.564609007096518
 0
LWPOLYLINE
  5
813
330
1F
100
AcDbEntity
  8
BottomSolderMaskLayer
100
AcDbPolyline
 90
1
 70
 1
 43
0
 10
47.04736063023744
 20
15.635596942605062
 10
47.05271556991497
 20
15.635596942605062
0
HATCH
5
814
100
AcDbEntity
8
BottomSolderMaskLayer
100
AcDbHatch
10
0
20
0
30
0
210
0
220
0
230
1
2
SOLID
70
1
71
0
91
1
92
7
72
0
73
1
93
8
10
46.060445247666316
20
14.690450089518771
10
46.640117467760305
20
14.110777869424771
10
47.45969098540822
20
14.110777869424771
10
48.03936320550222
20
14.690450089518771
10
48.03936320550222
20
15.510023607166687
10
47.45969098540822
20
16.089695827260684
10
46.640117467760305
20
16.089695827260684
10
46.060445247666316
20
15.510023607166687
97
1
330

75
0
76
1
47
0.4128176842155181
98
1
10
34.90568961886538
20
22.81183545379326
450
0
451
0
460
0
461
0
452
1
462
1
453
2
463
0
63
5
421
255
463
1
63
7
421
16777215
470
LINEAR
1001
ACAD
1010
0
1020
0
1030
0
 0
ARC
  5
817
330
1F
100
AcDbEntity
  8
Multi-Layer
100
AcDbCircle
 10
47.052578105156215
 20
15.100101600203203
 30
0.0
 40
0.5080010160020321
100
AcDbArc
 50
270
 51
450
 0
ARC
  5
818
330
1F
100
AcDbEntity
  8
Multi-Layer
100
AcDbCircle
 10
47.0474980949962
 20
15.100101600203203
 30
0.0
 40
0.5080010160020321
100
AcDbArc
 50
450
 51
270
 0
LWPOLYLINE
  5
819
330
1F
100
AcDbEntity
  8
Multi-Layer
100
AcDbPolyline
 90
1
 70
 1
 43
0
 10
47.0474980949962
 20
14.592100584201171
 10
47.052578105156215
 20
14.592100584201171
 0
LWPOLYLINE
  5
81a
330
1F
100
AcDbEntity
  8
Multi-Layer
100
AcDbPolyline
 90
1
 70
 1
 43
0
 10
47.0474980949962
 20
15.608102616205235
 10
47.052578105156215
 20
15.608102616205235
0
HATCH
5
81b
100
AcDbEntity
8
Multi-Layer
100
AcDbHatch
10
0
20
0
30
0
210
0
220
0
230
1
2
SOLID
70
1
71
0
91
1
92
7
72
0
73
1
93
8
10
46.111252222504454
20
14.711480822961647
10
46.66116332232665
20
14.161569723139449
10
47.43865887731776
20
14.161569723139449
10
47.98856997713996
20
14.711480822961647
10
47.98856997713996
20
15.488976377952758
10
47.43865887731776
20
16.038887477774956
10
46.66116332232665
20
16.038887477774956
10
46.111252222504454
20
15.488976377952758
97
1
330

75
0
76
1
47
0.4128176842155181
98
1
10
34.90568961886538
20
22.81183545379326
450
0
451
0
460
0
461
0
452
1
462
1
453
2
463
0
63
5
421
255
463
1
63
7
421
16777215
470
LINEAR
1001
ACAD
1010
0
1020
0
1030
0
 0
ARC
  5
81e
330
1F
100
AcDbEntity
  8
Multi-Layer
100
AcDbCircle
 10
25.61239522479045
 20
5.100101600203201
 30
0.0
 40
0.5080010160020321
100
AcDbArc
 50
270
 51
450
 0
ARC
  5
81f
330
1F
100
AcDbEntity
  8
Multi-Layer
100
AcDbCircle
 10
25.607315214630432
 20
5.100101600203201
 30
0.0
 40
0.5080010160020321
100
AcDbArc
 50
450
 51
270
 0
LWPOLYLINE
  5
820
330
1F
100
AcDbEntity
  8
Multi-Layer
100
AcDbPolyline
 90
1
 70
 1
 43
0
 10
25.607315214630432
 20
4.5921005842011695
 10
25.61239522479045
 20
4.5921005842011695
 0
LWPOLYLINE
  5
821
330
1F
100
AcDbEntity
  8
Multi-Layer
100
AcDbPolyline
 90
1
 70
 1
 43
0
 10
25.607315214630432
 20
5.608102616205233
 10
25.61239522479045
 20
5.608102616205233
0
HATCH
5
822
100
AcDbEntity
8
Multi-Layer
100
AcDbHatch
10
0
20
0
30
0
210
0
220
0
230
1
2
SOLID
70
1
71
0
91
1
92
7
72
0
73
1
93
8
10
24.671323342646687
20
4.7112268224536455
10
25.22123444246889
20
4.1613157226314454
10
25.998729997459996
20
4.1613157226314454
10
26.5486410972822
20
4.7112268224536455
10
26.5486410972822
20
5.4887223774447556
10
25.998729997459996
20
6.038633477266956
10
25.22123444246889
20
6.038633477266956
10
24.671323342646687
20
5.4887223774447556
97
1
330

75
0
76
1
47
0.4128176842155181
98
1
10
34.90568961886538
20
22.81183545379326
450
0
451
0
460
0
461
0
452
1
462
1
453
2
463
0
63
5
421
255
463
1
63
7
421
16777215
470
LINEAR
1001
ACAD
1010
0
1020
0
1030
0
 0
ARC
  5
825
330
1F
100
AcDbEntity
  8
TopSolderMaskLayer
100
AcDbCircle
 10
25.612532689549212
 20
7.640108054860949
 30
0.0
 40
0.5354939677542729
100
AcDbArc
 50
270
 51
450
 0
ARC
  5
826
330
1F
100
AcDbEntity
  8
TopSolderMaskLayer
100
AcDbCircle
 10
25.60717774987167
 20
7.640108054860949
 30
0.0
 40
0.5354939677542729
100
AcDbArc
 50
450
 51
270
 0
LWPOLYLINE
  5
827
330
1F
100
AcDbEntity
  8
TopSolderMaskLayer
100
AcDbPolyline
 90
1
 70
 1
 43
0
 10
25.60717774987167
 20
7.104614087106676
 10
25.612532689549212
 20
7.104614087106676
 0
LWPOLYLINE
  5
828
330
1F
100
AcDbEntity
  8
TopSolderMaskLayer
100
AcDbPolyline
 90
1
 70
 1
 43
0
 10
25.60717774987167
 20
8.175602022615223
 10
25.612532689549212
 20
8.175602022615223
0
HATCH
5
829
100
AcDbEntity
8
TopSolderMaskLayer
100
AcDbHatch
10
0
20
0
30
0
210
0
220
0
230
1
2
SOLID
70
1
71
0
91
1
92
7
72
0
73
1
93
8
10
24.620530114284424
20
7.230187422545053
10
25.200202334378424
20
6.650515202451053
10
26.01977585202634
20
6.650515202451053
10
26.599448072120342
20
7.230187422545053
10
26.599448072120342
20
8.049760940192968
10
26.01977585202634
20
8.629433160286968
10
25.200202334378424
20
8.629433160286968
10
24.620530114284424
20
8.049760940192968
97
1
330

75
0
76
1
47
0.4128176842155181
98
1
10
34.90568961886538
20
22.81183545379326
450
0
451
0
460
0
461
0
452
1
462
1
453
2
463
0
63
5
421
255
463
1
63
7
421
16777215
470
LINEAR
1001
ACAD
1010
0
1020
0
1030
0
 0
ARC
  5
82c
330
1F
100
AcDbEntity
  8
BottomSolderMaskLayer
100
AcDbCircle
 10
25.612532689549212
 20
7.640108054860949
 30
0.0
 40
0.5354939677542729
100
AcDbArc
 50
270
 51
450
 0
ARC
  5
82d
330
1F
100
AcDbEntity
  8
BottomSolderMaskLayer
100
AcDbCircle
 10
25.60717774987167
 20
7.640108054860949
 30
0.0
 40
0.5354939677542729
100
AcDbArc
 50
450
 51
270
 0
LWPOLYLINE
  5
82e
330
1F
100
AcDbEntity
  8
BottomSolderMaskLayer
100
AcDbPolyline
 90
1
 70
 1
 43
0
 10
25.60717774987167
 20
7.104614087106676
 10
25.612532689549212
 20
7.104614087106676
 0
LWPOLYLINE
  5
82f
330
1F
100
AcDbEntity
  8
BottomSolderMaskLayer
100
AcDbPolyline
 90
1
 70
 1
 43
0
 10
25.60717774987167
 20
8.175602022615223
 10
25.612532689549212
 20
8.175602022615223
0
HATCH
5
830
100
AcDbEntity
8
BottomSolderMaskLayer
100
AcDbHatch
10
0
20
0
30
0
210
0
220
0
230
1
2
SOLID
70
1
71
0
91
1
92
7
72
0
73
1
93
8
10
24.620530114284424
20
7.230187422545053
10
25.200202334378424
20
6.650515202451053
10
26.01977585202634
20
6.650515202451053
10
26.599448072120342
20
7.230187422545053
10
26.599448072120342
20
8.049760940192968
10
26.01977585202634
20
8.629433160286968
10
25.200202334378424
20
8.629433160286968
10
24.620530114284424
20
8.049760940192968
97
1
330

75
0
76
1
47
0.4128176842155181
98
1
10
34.90568961886538
20
22.81183545379326
450
0
451
0
460
0
461
0
452
1
462
1
453
2
463
0
63
5
421
255
463
1
63
7
421
16777215
470
LINEAR
1001
ACAD
1010
0
1020
0
1030
0
 0
ARC
  5
833
330
1F
100
AcDbEntity
  8
Multi-Layer
100
AcDbCircle
 10
25.61239522479045
 20
7.6401066802133615
 30
0.0
 40
0.5080010160020321
100
AcDbArc
 50
270
 51
450
 0
ARC
  5
834
330
1F
100
AcDbEntity
  8
Multi-Layer
100
AcDbCircle
 10
25.607315214630432
 20
7.6401066802133615
 30
0.0
 40
0.5080010160020321
100
AcDbArc
 50
450
 51
270
 0
LWPOLYLINE
  5
835
330
1F
100
AcDbEntity
  8
Multi-Layer
100
AcDbPolyline
 90
1
 70
 1
 43
0
 10
25.607315214630432
 20
7.13210566421133
 10
25.61239522479045
 20
7.13210566421133
 0
LWPOLYLINE
  5
836
330
1F
100
AcDbEntity
  8
Multi-Layer
100
AcDbPolyline
 90
1
 70
 1
 43
0
 10
25.607315214630432
 20
8.148107696215394
 10
25.61239522479045
 20
8.148107696215394
0
HATCH
5
837
100
AcDbEntity
8
Multi-Layer
100
AcDbHatch
10
0
20
0
30
0
210
0
220
0
230
1
2
SOLID
70
1
71
0
91
1
92
7
72
0
73
1
93
8
10
24.671323342646687
20
7.2512319024638066
10
25.22123444246889
20
6.701320802641606
10
25.998729997459996
20
6.701320802641606
10
26.5486410972822
20
7.2512319024638066
10
26.5486410972822
20
8.028727457454917
10
25.998729997459996
20
8.578638557277115
10
25.22123444246889
20
8.578638557277115
10
24.671323342646687
20
8.028727457454917
97
1
330

75
0
76
1
47
0.4128176842155181
98
1
10
34.90568961886538
20
22.81183545379326
450
0
451
0
460
0
461
0
452
1
462
1
453
2
463
0
63
5
421
255
463
1
63
7
421
16777215
470
LINEAR
1001
ACAD
1010
0
1020
0
1030
0
 0
ARC
  5
83a
330
1F
100
AcDbEntity
  8
Multi-Layer
100
AcDbCircle
 10
25.61239522479045
 20
10.180111760223522
 30
0.0
 40
0.5080010160020321
100
AcDbArc
 50
270
 51
450
 0
ARC
  5
83b
330
1F
100
AcDbEntity
  8
Multi-Layer
100
AcDbCircle
 10
25.607315214630432
 20
10.180111760223522
 30
0.0
 40
0.5080010160020321
100
AcDbArc
 50
450
 51
270
 0
LWPOLYLINE
  5
83c
330
1F
100
AcDbEntity
  8
Multi-Layer
100
AcDbPolyline
 90
1
 70
 1
 43
0
 10
25.607315214630432
 20
9.67211074422149
 10
25.61239522479045
 20
9.67211074422149
 0
LWPOLYLINE
  5
83d
330
1F
100
AcDbEntity
  8
Multi-Layer
100
AcDbPolyline
 90
1
 70
 1
 43
0
 10
25.607315214630432
 20
10.688112776225553
 10
25.61239522479045
 20
10.688112776225553
0
HATCH
5
83e
100
AcDbEntity
8
Multi-Layer
100
AcDbHatch
10
0
20
0
30
0
210
0
220
0
230
1
2
SOLID
70
1
71
0
91
1
92
7
72
0
73
1
93
8
10
24.671323342646687
20
9.791236982473965
10
25.22123444246889
20
9.241325882651767
10
25.998729997459996
20
9.241325882651767
10
26.5486410972822
20
9.791236982473965
10
26.5486410972822
20
10.568732537465076
10
25.998729997459996
20
11.118643637287276
10
25.22123444246889
20
11.118643637287276
10
24.671323342646687
20
10.568732537465076
97
1
330

75
0
76
1
47
0.4128176842155181
98
1
10
34.90568961886538
20
22.81183545379326
450
0
451
0
460
0
461
0
452
1
462
1
453
2
463
0
63
5
421
255
463
1
63
7
421
16777215
470
LINEAR
1001
ACAD
1010
0
1020
0
1030
0
 0
ARC
  5
841
330
1F
100
AcDbEntity
  8
TopSolderMaskLayer
100
AcDbCircle
 10
25.612532689549212
 20
12.72011821488127
 30
0.0
 40
0.5354939677542729
100
AcDbArc
 50
270
 51
450
 0
ARC
  5
842
330
1F
100
AcDbEntity
  8
TopSolderMaskLayer
100
AcDbCircle
 10
25.60717774987167
 20
12.72011821488127
 30
0.0
 40
0.5354939677542729
100
AcDbArc
 50
450
 51
270
 0
LWPOLYLINE
  5
843
330
1F
100
AcDbEntity
  8
TopSolderMaskLayer
100
AcDbPolyline
 90
1
 70
 1
 43
0
 10
25.60717774987167
 20
12.184624247126997
 10
25.612532689549212
 20
12.184624247126997
 0
LWPOLYLINE
  5
844
330
1F
100
AcDbEntity
  8
TopSolderMaskLayer
100
AcDbPolyline
 90
1
 70
 1
 43
0
 10
25.60717774987167
 20
13.255612182635542
 10
25.612532689549212
 20
13.255612182635542
0
HATCH
5
845
100
AcDbEntity
8
TopSolderMaskLayer
100
AcDbHatch
10
0
20
0
30
0
210
0
220
0
230
1
2
SOLID
70
1
71
0
91
1
92
7
72
0
73
1
93
8
10
24.620530114284424
20
12.310197582565372
10
25.200202334378424
20
11.730525362471374
10
26.01977585202634
20
11.730525362471374
10
26.599448072120342
20
12.310197582565372
10
26.599448072120342
20
13.129771100213286
10
26.01977585202634
20
13.709443320307289
10
25.200202334378424
20
13.709443320307289
10
24.620530114284424
20
13.129771100213286
97
1
330

75
0
76
1
47
0.4128176842155181
98
1
10
34.90568961886538
20
22.81183545379326
450
0
451
0
460
0
461
0
452
1
462
1
453
2
463
0
63
5
421
255
463
1
63
7
421
16777215
470
LINEAR
1001
ACAD
1010
0
1020
0
1030
0
 0
ARC
  5
848
330
1F
100
AcDbEntity
  8
BottomSolderMaskLayer
100
AcDbCircle
 10
25.612532689549212
 20
12.72011821488127
 30
0.0
 40
0.5354939677542729
100
AcDbArc
 50
270
 51
450
 0
ARC
  5
849
330
1F
100
AcDbEntity
  8
BottomSolderMaskLayer
100
AcDbCircle
 10
25.60717774987167
 20
12.72011821488127
 30
0.0
 40
0.5354939677542729
100
AcDbArc
 50
450
 51
270
 0
LWPOLYLINE
  5
84a
330
1F
100
AcDbEntity
  8
BottomSolderMaskLayer
100
AcDbPolyline
 90
1
 70
 1
 43
0
 10
25.60717774987167
 20
12.184624247126997
 10
25.612532689549212
 20
12.184624247126997
 0
LWPOLYLINE
  5
84b
330
1F
100
AcDbEntity
  8
BottomSolderMaskLayer
100
AcDbPolyline
 90
1
 70
 1
 43
0
 10
25.60717774987167
 20
13.255612182635542
 10
25.612532689549212
 20
13.255612182635542
0
HATCH
5
84c
100
AcDbEntity
8
BottomSolderMaskLayer
100
AcDbHatch
10
0
20
0
30
0
210
0
220
0
230
1
2
SOLID
70
1
71
0
91
1
92
7
72
0
73
1
93
8
10
24.620530114284424
20
12.310197582565372
10
25.200202334378424
20
11.730525362471374
10
26.01977585202634
20
11.730525362471374
10
26.599448072120342
20
12.310197582565372
10
26.599448072120342
20
13.129771100213286
10
26.01977585202634
20
13.709443320307289
10
25.200202334378424
20
13.709443320307289
10
24.620530114284424
20
13.129771100213286
97
1
330

75
0
76
1
47
0.4128176842155181
98
1
10
34.90568961886538
20
22.81183545379326
450
0
451
0
460
0
461
0
452
1
462
1
453
2
463
0
63
5
421
255
463
1
63
7
421
16777215
470
LINEAR
1001
ACAD
1010
0
1020
0
1030
0
 0
ARC
  5
84f
330
1F
100
AcDbEntity
  8
Multi-Layer
100
AcDbCircle
 10
25.61239522479045
 20
12.72011684023368
 30
0.0
 40
0.5080010160020321
100
AcDbArc
 50
270
 51
450
 0
ARC
  5
850
330
1F
100
AcDbEntity
  8
Multi-Layer
100
AcDbCircle
 10
25.607315214630432
 20
12.72011684023368
 30
0.0
 40
0.5080010160020321
100
AcDbArc
 50
450
 51
270
 0
LWPOLYLINE
  5
851
330
1F
100
AcDbEntity
  8
Multi-Layer
100
AcDbPolyline
 90
1
 70
 1
 43
0
 10
25.607315214630432
 20
12.212115824231649
 10
25.61239522479045
 20
12.212115824231649
 0
LWPOLYLINE
  5
852
330
1F
100
AcDbEntity
  8
Multi-Layer
100
AcDbPolyline
 90
1
 70
 1
 43
0
 10
25.607315214630432
 20
13.228117856235713
 10
25.61239522479045
 20
13.228117856235713
0
HATCH
5
853
100
AcDbEntity
8
Multi-Layer
100
AcDbHatch
10
0
20
0
30
0
210
0
220
0
230
1
2
SOLID
70
1
71
0
91
1
92
7
72
0
73
1
93
8
10
24.671323342646687
20
12.331242062484126
10
25.22123444246889
20
11.781330962661926
10
25.998729997459996
20
11.781330962661926
10
26.5486410972822
20
12.331242062484126
10
26.5486410972822
20
13.108737617475237
10
25.998729997459996
20
13.658648717297435
10
25.22123444246889
20
13.658648717297435
10
24.671323342646687
20
13.108737617475237
97
1
330

75
0
76
1
47
0.4128176842155181
98
1
10
34.90568961886538
20
22.81183545379326
450
0
451
0
460
0
461
0
452
1
462
1
453
2
463
0
63
5
421
255
463
1
63
7
421
16777215
470
LINEAR
1001
ACAD
1010
0
1020
0
1030
0
 0
ARC
  5
856
330
1F
100
AcDbEntity
  8
TopSolderMaskLayer
100
AcDbCircle
 10
60.297671257634505
 20
10.310134620269242
 30
0.0
 40
0.5354939677542729
100
AcDbArc
 50
90
 51
270
 0
ARC
  5
857
330
1F
100
AcDbEntity
  8
TopSolderMaskLayer
100
AcDbCircle
 10
60.30302619731205
 20
10.310134620269242
 30
0.0
 40
0.5354939677542729
100
AcDbArc
 50
270
 51
90
 0
LWPOLYLINE
  5
858
330
1F
100
AcDbEntity
  8
TopSolderMaskLayer
100
AcDbPolyline
 90
1
 70
 1
 43
0
 10
60.30302619731205
 20
10.845628588023516
 10
60.297671257634505
 20
10.845628588023516
 0
LWPOLYLINE
  5
859
330
1F
100
AcDbEntity
  8
TopSolderMaskLayer
100
AcDbPolyline
 90
1
 70
 1
 43
0
 10
60.30302619731205
 20
9.774640652514968
 10
60.297671257634505
 20
9.774640652514968
0
HATCH
5
85a
100
AcDbEntity
8
TopSolderMaskLayer
100
AcDbHatch
10
0
20
0
30
0
210
0
220
0
230
1
2
SOLID
70
1
71
0
91
1
92
7
72
0
73
1
93
8
10
61.2896738328993
20
10.720055252585139
10
60.710001612805286
20
11.299459725695261
10
59.890428095157375
20
11.299459725695261
10
59.31075587506337
20
10.720055252585139
10
59.31075587506337
20
9.900213987953347
10
59.890428095157375
20
9.320541767859346
10
60.710001612805286
20
9.320541767859346
10
61.2896738328993
20
9.900213987953347
97
1
330

75
0
76
1
47
0.4128176842155181
98
1
10
34.90568961886538
20
22.81183545379326
450
0
451
0
460
0
461
0
452
1
462
1
453
2
463
0
63
5
421
255
463
1
63
7
421
16777215
470
LINEAR
1001
ACAD
1010
0
1020
0
1030
0
 0
ARC
  5
85d
330
1F
100
AcDbEntity
  8
BottomSolderMaskLayer
100
AcDbCircle
 10
60.297671257634505
 20
10.310134620269242
 30
0.0
 40
0.5354939677542729
100
AcDbArc
 50
90
 51
270
 0
ARC
  5
85e
330
1F
100
AcDbEntity
  8
BottomSolderMaskLayer
100
AcDbCircle
 10
60.30302619731205
 20
10.310134620269242
 30
0.0
 40
0.5354939677542729
100
AcDbArc
 50
270
 51
90
 0
LWPOLYLINE
  5
85f
330
1F
100
AcDbEntity
  8
BottomSolderMaskLayer
100
AcDbPolyline
 90
1
 70
 1
 43
0
 10
60.30302619731205
 20
10.845628588023516
 10
60.297671257634505
 20
10.845628588023516
 0
LWPOLYLINE
  5
860
330
1F
100
AcDbEntity
  8
BottomSolderMaskLayer
100
AcDbPolyline
 90
1
 70
 1
 43
0
 10
60.30302619731205
 20
9.774640652514968
 10
60.297671257634505
 20
9.774640652514968
0
HATCH
5
861
100
AcDbEntity
8
BottomSolderMaskLayer
100
AcDbHatch
10
0
20
0
30
0
210
0
220
0
230
1
2
SOLID
70
1
71
0
91
1
92
7
72
0
73
1
93
8
10
61.2896738328993
20
10.720055252585139
10
60.710001612805286
20
11.299459725695261
10
59.890428095157375
20
11.299459725695261
10
59.31075587506337
20
10.720055252585139
10
59.31075587506337
20
9.900213987953347
10
59.890428095157375
20
9.320541767859346
10
60.710001612805286
20
9.320541767859346
10
61.2896738328993
20
9.900213987953347
97
1
330

75
0
76
1
47
0.4128176842155181
98
1
10
34.90568961886538
20
22.81183545379326
450
0
451
0
460
0
461
0
452
1
462
1
453
2
463
0
63
5
421
255
463
1
63
7
421
16777215
470
LINEAR
1001
ACAD
1010
0
1020
0
1030
0
 0
ARC
  5
864
330
1F
100
AcDbEntity
  8
Multi-Layer
100
AcDbCircle
 10
60.2978155956312
 20
10.310134620269242
 30
0.0
 40
0.5080010160020321
100
AcDbArc
 50
90
 51
270
 0
ARC
  5
865
330
1F
100
AcDbEntity
  8
Multi-Layer
100
AcDbCircle
 10
60.30289560579122
 20
10.310134620269242
 30
0.0
 40
0.5080010160020321
100
AcDbArc
 50
270
 51
90
 0
LWPOLYLINE
  5
866
330
1F
100
AcDbEntity
  8
Multi-Layer
100
AcDbPolyline
 90
1
 70
 1
 43
0
 10
60.30289560579122
 20
10.818135636271274
 10
60.2978155956312
 20
10.818135636271274
 0
LWPOLYLINE
  5
867
330
1F
100
AcDbEntity
  8
Multi-Layer
100
AcDbPolyline
 90
1
 70
 1
 43
0
 10
60.30289560579122
 20
9.80213360426721
 10
60.2978155956312
 20
9.80213360426721
0
HATCH
5
868
100
AcDbEntity
8
Multi-Layer
100
AcDbHatch
10
0
20
0
30
0
210
0
220
0
230
1
2
SOLID
70
1
71
0
91
1
92
7
72
0
73
1
93
8
10
61.238887477774966
20
10.699009398018797
10
60.68897637795276
20
11.248666497332996
10
59.91148082296166
20
11.248666497332996
10
59.36156972313945
20
10.699009398018797
10
59.36156972313945
20
9.921259842519687
10
59.91148082296166
20
9.371348742697487
10
60.68897637795276
20
9.371348742697487
10
61.238887477774966
20
9.921259842519687
97
1
330

75
0
76
1
47
0.4128176842155181
98
1
10
34.90568961886538
20
22.81183545379326
450
0
451
0
460
0
461
0
452
1
462
1
453
2
463
0
63
5
421
255
463
1
63
7
421
16777215
470
LINEAR
1001
ACAD
1010
0
1020
0
1030
0
 0
ARC
  5
86b
330
1F
100
AcDbEntity
  8
TopSolderMaskLayer
100
AcDbCircle
 10
60.30036247394914
 20
15.392822250128335
 30
0.0
 40
0.5354939677542729
100
AcDbArc
 50
360
 51
540
 0
ARC
  5
86c
330
1F
100
AcDbEntity
  8
TopSolderMaskLayer
100
AcDbCircle
 10
60.30036247394914
 20
15.387467310450791
 30
0.0
 40
0.5354939677542729
100
AcDbArc
 50
540
 51
360
 0
LWPOLYLINE
  5
86d
330
1F
100
AcDbEntity
  8
TopSolderMaskLayer
100
AcDbPolyline
 90
1
 70
 1
 43
0
 10
59.76486850619487
 20
15.387467310450791
 10
59.76486850619487
 20
15.392822250128335
 0
LWPOLYLINE
  5
86e
330
1F
100
AcDbEntity
  8
TopSolderMaskLayer
100
AcDbPolyline
 90
1
 70
 1
 43
0
 10
60.83585644170341
 20
15.387467310450791
 10
60.83585644170341
 20
15.392822250128335
0
HATCH
5
86f
100
AcDbEntity
8
TopSolderMaskLayer
100
AcDbHatch
10
0
20
0
30
0
210
0
220
0
230
1
2
SOLID
70
1
71
0
91
1
92
7
72
0
73
1
93
8
10
60.710283106265045
20
14.400819674863543
10
61.28995532635904
20
14.980224147973667
10
61.28995532635904
20
15.80006541260546
10
60.710283106265045
20
16.379737632699463
10
59.890709588617135
20
16.379737632699463
10
59.311037368523124
20
15.80006541260546
10
59.311037368523124
20
14.980224147973667
10
59.890709588617135
20
14.400819674863543
97
1
330

75
0
76
1
47
0.4128176842155181
98
1
10
34.90568961886538
20
22.81183545379326
450
0
451
0
460
0
461
0
452
1
462
1
453
2
463
0
63
5
421
255
463
1
63
7
421
16777215
470
LINEAR
1001
ACAD
1010
0
1020
0
1030
0
 0
ARC
  5
872
330
1F
100
AcDbEntity
  8
BottomSolderMaskLayer
100
AcDbCircle
 10
60.30036247394914
 20
15.392822250128335
 30
0.0
 40
0.5354939677542729
100
AcDbArc
 50
360
 51
540
 0
ARC
  5
873
330
1F
100
AcDbEntity
  8
BottomSolderMaskLayer
100
AcDbCircle
 10
60.30036247394914
 20
15.387467310450791
 30
0.0
 40
0.5354939677542729
100
AcDbArc
 50
540
 51
360
 0
LWPOLYLINE
  5
874
330
1F
100
AcDbEntity
  8
BottomSolderMaskLayer
100
AcDbPolyline
 90
1
 70
 1
 43
0
 10
59.76486850619487
 20
15.387467310450791
 10
59.76486850619487
 20
15.392822250128335
 0
LWPOLYLINE
  5
875
330
1F
100
AcDbEntity
  8
BottomSolderMaskLayer
100
AcDbPolyline
 90
1
 70
 1
 43
0
 10
60.83585644170341
 20
15.387467310450791
 10
60.83585644170341
 20
15.392822250128335
0
HATCH
5
876
100
AcDbEntity
8
BottomSolderMaskLayer
100
AcDbHatch
10
0
20
0
30
0
210
0
220
0
230
1
2
SOLID
70
1
71
0
91
1
92
7
72
0
73
1
93
8
10
60.710283106265045
20
14.400819674863543
10
61.28995532635904
20
14.980224147973667
10
61.28995532635904
20
15.80006541260546
10
60.710283106265045
20
16.379737632699463
10
59.890709588617135
20
16.379737632699463
10
59.311037368523124
20
15.80006541260546
10
59.311037368523124
20
14.980224147973667
10
59.890709588617135
20
14.400819674863543
97
1
330

75
0
76
1
47
0.4128176842155181
98
1
10
34.90568961886538
20
22.81183545379326
450
0
451
0
460
0
461
0
452
1
462
1
453
2
463
0
63
5
421
255
463
1
63
7
421
16777215
470
LINEAR
1001
ACAD
1010
0
1020
0
1030
0
 0
ARC
  5
879
330
1F
100
AcDbEntity
  8
Multi-Layer
100
AcDbCircle
 10
60.30035560071121
 20
15.392684785369573
 30
0.0
 40
0.5080010160020321
100
AcDbArc
 50
360
 51
540
 0
ARC
  5
87a
330
1F
100
AcDbEntity
  8
Multi-Layer
100
AcDbCircle
 10
60.30035560071121
 20
15.387604775209553
 30
0.0
 40
0.5080010160020321
100
AcDbArc
 50
540
 51
360
 0
LWPOLYLINE
  5
87b
330
1F
100
AcDbEntity
  8
Multi-Layer
100
AcDbPolyline
 90
1
 70
 1
 43
0
 10
59.79235458470917
 20
15.387604775209553
 10
59.79235458470917
 20
15.392684785369573
 0
LWPOLYLINE
  5
87c
330
1F
100
AcDbEntity
  8
Multi-Layer
100
AcDbPolyline
 90
1
 70
 1
 43
0
 10
60.80835661671324
 20
15.387604775209553
 10
60.80835661671324
 20
15.392684785369573
0
HATCH
5
87d
100
AcDbEntity
8
Multi-Layer
100
AcDbHatch
10
0
20
0
30
0
210
0
220
0
230
1
2
SOLID
70
1
71
0
91
1
92
7
72
0
73
1
93
8
10
60.68923037846076
20
14.451612903225808
10
61.23914147828297
20
15.001270002540007
10
61.23914147828297
20
15.779019558039119
10
60.68923037846076
20
16.32893065786132
10
59.91173482346966
20
16.32893065786132
10
59.361823723647454
20
15.779019558039119
10
59.361823723647454
20
15.001270002540007
10
59.91173482346966
20
14.451612903225808
97
1
330

75
0
76
1
47
0.4128176842155181
98
1
10
34.90568961886538
20
22.81183545379326
450
0
451
0
460
0
461
0
452
1
462
1
453
2
463
0
63
5
421
255
463
1
63
7
421
16777215
470
LINEAR
1001
ACAD
1010
0
1020
0
1030
0
 0
ARC
  5
880
330
1F
100
AcDbEntity
  8
TopSolderMaskLayer
100
AcDbCircle
 10
60.30302619731205
 20
7.770129540259082
 30
0.0
 40
0.5354939677542729
100
AcDbArc
 50
180
 51
0
 0
ARC
  5
881
330
1F
100
AcDbEntity
  8
TopSolderMaskLayer
100
AcDbCircle
 10
60.297671257634505
 20
7.770129540259082
 30
0.0
 40
0.5354939677542729
100
AcDbArc
 50
0
 51
180
 0
LWPOLYLINE
  5
882
330
1F
100
AcDbEntity
  8
TopSolderMaskLayer
100
AcDbPolyline
 90
1
 70
 1
 43
0
 10
59.76753222955778
 20
7.770129540259082
 10
59.762177289880235
 20
7.770129540259082
 0
LWPOLYLINE
  5
883
330
1F
100
AcDbEntity
  8
TopSolderMaskLayer
100
AcDbPolyline
 90
1
 70
 1
 43
0
 10
60.83852016506632
 20
7.770129540259082
 10
60.833165225388775
 20
7.770129540259082
0
HATCH
5
884
100
AcDbEntity
8
TopSolderMaskLayer
100
AcDbHatch
10
0
20
0
30
0
210
0
220
0
230
1
2
SOLID
70
1
71
0
91
1
92
7
72
0
73
1
93
8
10
61.2896738328993
20
8.180047325462617
10
60.710001612805286
20
8.759715519431039
10
59.890428095157375
20
8.759715519431039
10
59.31075587506337
20
8.180047325462617
10
59.31075587506337
20
7.360211755055546
10
59.890428095157375
20
6.780543561087123
10
60.710001612805286
20
6.780543561087123
10
61.2896738328993
20
7.360211755055546
97
1
330

75
0
76
1
47
0.4128176842155181
98
1
10
34.90568961886538
20
22.81183545379326
450
0
451
0
460
0
461
0
452
1
462
1
453
2
463
0
63
5
421
255
463
1
63
7
421
16777215
470
LINEAR
1001
ACAD
1010
0
1020
0
1030
0
 0
ARC
  5
887
330
1F
100
AcDbEntity
  8
BottomSolderMaskLayer
100
AcDbCircle
 10
60.30302619731205
 20
7.770129540259082
 30
0.0
 40
0.5354939677542729
100
AcDbArc
 50
180
 51
0
 0
ARC
  5
888
330
1F
100
AcDbEntity
  8
BottomSolderMaskLayer
100
AcDbCircle
 10
60.297671257634505
 20
7.770129540259082
 30
0.0
 40
0.5354939677542729
100
AcDbArc
 50
0
 51
180
 0
LWPOLYLINE
  5
889
330
1F
100
AcDbEntity
  8
BottomSolderMaskLayer
100
AcDbPolyline
 90
1
 70
 1
 43
0
 10
59.76753222955778
 20
7.770129540259082
 10
59.762177289880235
 20
7.770129540259082
 0
LWPOLYLINE
  5
88a
330
1F
100
AcDbEntity
  8
BottomSolderMaskLayer
100
AcDbPolyline
 90
1
 70
 1
 43
0
 10
60.83852016506632
 20
7.770129540259082
 10
60.833165225388775
 20
7.770129540259082
0
HATCH
5
88b
100
AcDbEntity
8
BottomSolderMaskLayer
100
AcDbHatch
10
0
20
0
30
0
210
0
220
0
230
1
2
SOLID
70
1
71
0
91
1
92
7
72
0
73
1
93
8
10
61.2896738328993
20
8.180047325462617
10
60.710001612805286
20
8.759715519431039
10
59.890428095157375
20
8.759715519431039
10
59.31075587506337
20
8.180047325462617
10
59.31075587506337
20
7.360211755055546
10
59.890428095157375
20
6.780543561087123
10
60.710001612805286
20
6.780543561087123
10
61.2896738328993
20
7.360211755055546
97
1
330

75
0
76
1
47
0.4128176842155181
98
1
10
34.90568961886538
20
22.81183545379326
450
0
451
0
460
0
461
0
452
1
462
1
453
2
463
0
63
5
421
255
463
1
63
7
421
16777215
470
LINEAR
1001
ACAD
1010
0
1020
0
1030
0
 0
ARC
  5
88e
330
1F
100
AcDbEntity
  8
Multi-Layer
100
AcDbCircle
 10
60.30289560579122
 20
7.770129540259082
 30
0.0
 40
0.5080010160020321
100
AcDbArc
 50
180
 51
0
 0
ARC
  5
88f
330
1F
100
AcDbEntity
  8
Multi-Layer
100
AcDbCircle
 10
60.2978155956312
 20
7.770129540259082
 30
0.0
 40
0.5080010160020321
100
AcDbArc
 50
0
 51
180
 0
LWPOLYLINE
  5
890
330
1F
100
AcDbEntity
  8
Multi-Layer
100
AcDbPolyline
 90
1
 70
 1
 43
0
 10
59.79489458978919
 20
7.770129540259082
 10
59.789814579629166
 20
7.770129540259082
 0
LWPOLYLINE
  5
891
330
1F
100
AcDbEntity
  8
Multi-Layer
100
AcDbPolyline
 90
1
 70
 1
 43
0
 10
60.810896621793255
 20
7.770129540259082
 10
60.80581661163323
 20
7.770129540259082
0
HATCH
5
892
100
AcDbEntity
8
Multi-Layer
100
AcDbHatch
10
0
20
0
30
0
210
0
220
0
230
1
2
SOLID
70
1
71
0
91
1
92
7
72
0
73
1
93
8
10
61.238887477774966
20
8.159004318008638
10
60.68897637795276
20
8.708915417830836
10
59.91148082296166
20
8.708915417830836
10
59.36156972313945
20
8.159004318008638
10
59.36156972313945
20
7.381254762509526
10
59.91148082296166
20
6.831343662687326
10
60.68897637795276
20
6.831343662687326
10
61.238887477774966
20
7.381254762509526
97
1
330

75
0
76
1
47
0.4128176842155181
98
1
10
34.90568961886538
20
22.81183545379326
450
0
451
0
460
0
461
0
452
1
462
1
453
2
463
0
63
5
421
255
463
1
63
7
421
16777215
470
LINEAR
1001
ACAD
1010
0
1020
0
1030
0
 0
ARC
  5
895
330
1F
100
AcDbEntity
  8
TopSolderMaskLayer
100
AcDbCircle
 10
60.297671257634505
 20
5.230124460248922
 30
0.0
 40
0.5354939677542729
100
AcDbArc
 50
90
 51
270
 0
ARC
  5
896
330
1F
100
AcDbEntity
  8
TopSolderMaskLayer
100
AcDbCircle
 10
60.30302619731205
 20
5.230124460248922
 30
0.0
 40
0.5354939677542729
100
AcDbArc
 50
270
 51
90
 0
LWPOLYLINE
  5
897
330
1F
100
AcDbEntity
  8
TopSolderMaskLayer
100
AcDbPolyline
 90
1
 70
 1
 43
0
 10
60.30302619731205
 20
5.765618428003195
 10
60.297671257634505
 20
5.765618428003195
 0
LWPOLYLINE
  5
898
330
1F
100
AcDbEntity
  8
TopSolderMaskLayer
100
AcDbPolyline
 90
1
 70
 1
 43
0
 10
60.30302619731205
 20
4.694630492494649
 10
60.297671257634505
 20
4.694630492494649
0
HATCH
5
899
100
AcDbEntity
8
TopSolderMaskLayer
100
AcDbHatch
10
0
20
0
30
0
210
0
220
0
230
1
2
SOLID
70
1
71
0
91
1
92
7
72
0
73
1
93
8
10
61.2896738328993
20
5.640045092564817
10
60.710001612805286
20
6.219717312658817
10
59.890428095157375
20
6.219717312658817
10
59.31075587506337
20
5.640045092564817
10
59.31075587506337
20
4.8202038279330255
10
59.890428095157375
20
4.240799354822902
10
60.710001612805286
20
4.240799354822902
10
61.2896738328993
20
4.8202038279330255
97
1
330

75
0
76
1
47
0.4128176842155181
98
1
10
34.90568961886538
20
22.81183545379326
450
0
451
0
460
0
461
0
452
1
462
1
453
2
463
0
63
5
421
255
463
1
63
7
421
16777215
470
LINEAR
1001
ACAD
1010
0
1020
0
1030
0
 0
ARC
  5
89c
330
1F
100
AcDbEntity
  8
BottomSolderMaskLayer
100
AcDbCircle
 10
60.297671257634505
 20
5.230124460248922
 30
0.0
 40
0.5354939677542729
100
AcDbArc
 50
90
 51
270
 0
ARC
  5
89d
330
1F
100
AcDbEntity
  8
BottomSolderMaskLayer
100
AcDbCircle
 10
60.30302619731205
 20
5.230124460248922
 30
0.0
 40
0.5354939677542729
100
AcDbArc
 50
270
 51
90
 0
LWPOLYLINE
  5
89e
330
1F
100
AcDbEntity
  8
BottomSolderMaskLayer
100
AcDbPolyline
 90
1
 70
 1
 43
0
 10
60.30302619731205
 20
5.765618428003195
 10
60.297671257634505
 20
5.765618428003195
 0
LWPOLYLINE
  5
89f
330
1F
100
AcDbEntity
  8
BottomSolderMaskLayer
100
AcDbPolyline
 90
1
 70
 1
 43
0
 10
60.30302619731205
 20
4.694630492494649
 10
60.297671257634505
 20
4.694630492494649
0
HATCH
5
8a0
100
AcDbEntity
8
BottomSolderMaskLayer
100
AcDbHatch
10
0
20
0
30
0
210
0
220
0
230
1
2
SOLID
70
1
71
0
91
1
92
7
72
0
73
1
93
8
10
61.2896738328993
20
5.640045092564817
10
60.710001612805286
20
6.219717312658817
10
59.890428095157375
20
6.219717312658817
10
59.31075587506337
20
5.640045092564817
10
59.31075587506337
20
4.8202038279330255
10
59.890428095157375
20
4.240799354822902
10
60.710001612805286
20
4.240799354822902
10
61.2896738328993
20
4.8202038279330255
97
1
330

75
0
76
1
47
0.4128176842155181
98
1
10
34.90568961886538
20
22.81183545379326
450
0
451
0
460
0
461
0
452
1
462
1
453
2
463
0
63
5
421
255
463
1
63
7
421
16777215
470
LINEAR
1001
ACAD
1010
0
1020
0
1030
0
 0
ARC
  5
8a3
330
1F
100
AcDbEntity
  8
Multi-Layer
100
AcDbCircle
 10
60.2978155956312
 20
5.230124460248922
 30
0.0
 40
0.5080010160020321
100
AcDbArc
 50
90
 51
270
 0
ARC
  5
8a4
330
1F
100
AcDbEntity
  8
Multi-Layer
100
AcDbCircle
 10
60.30289560579122
 20
5.230124460248922
 30
0.0
 40
0.5080010160020321
100
AcDbArc
 50
270
 51
90
 0
LWPOLYLINE
  5
8a5
330
1F
100
AcDbEntity
  8
Multi-Layer
100
AcDbPolyline
 90
1
 70
 1
 43
0
 10
60.30289560579122
 20
5.7381254762509535
 10
60.2978155956312
 20
5.7381254762509535
 0
LWPOLYLINE
  5
8a6
330
1F
100
AcDbEntity
  8
Multi-Layer
100
AcDbPolyline
 90
1
 70
 1
 43
0
 10
60.30289560579122
 20
4.72212344424689
 10
60.2978155956312
 20
4.72212344424689
0
HATCH
5
8a7
100
AcDbEntity
8
Multi-Layer
100
AcDbHatch
10
0
20
0
30
0
210
0
220
0
230
1
2
SOLID
70
1
71
0
91
1
92
7
72
0
73
1
93
8
10
61.238887477774966
20
5.618999237998477
10
60.68897637795276
20
6.168910337820676
10
59.91148082296166
20
6.168910337820676
10
59.36156972313945
20
5.618999237998477
10
59.36156972313945
20
4.841249682499365
10
59.91148082296166
20
4.291592583185167
10
60.68897637795276
20
4.291592583185167
10
61.238887477774966
20
4.841249682499365
97
1
330

75
0
76
1
47
0.4128176842155181
98
1
10
34.90568961886538
20
22.81183545379326
450
0
451
0
460
0
461
0
452
1
462
1
453
2
463
0
63
5
421
255
463
1
63
7
421
16777215
470
LINEAR
1001
ACAD
1010
0
1020
0
1030
0
 0
ARC
  5
8aa
330
1F
100
AcDbEntity
  8
TopSolderMaskLayer
100
AcDbCircle
 10
60.297671257634505
 20
2.6901193802387606
 30
0.0
 40
0.5354939677542729
100
AcDbArc
 50
90
 51
270
 0
ARC
  5
8ab
330
1F
100
AcDbEntity
  8
TopSolderMaskLayer
100
AcDbCircle
 10
60.30302619731205
 20
2.6901193802387606
 30
0.0
 40
0.5354939677542729
100
AcDbArc
 50
270
 51
90
 0
LWPOLYLINE
  5
8ac
330
1F
100
AcDbEntity
  8
TopSolderMaskLayer
100
AcDbPolyline
 90
1
 70
 1
 43
0
 10
60.30302619731205
 20
3.2256133479930336
 10
60.297671257634505
 20
3.2256133479930336
 0
LWPOLYLINE
  5
8ad
330
1F
100
AcDbEntity
  8
TopSolderMaskLayer
100
AcDbPolyline
 90
1
 70
 1
 43
0
 10
60.30302619731205
 20
2.1546254124844877
 10
60.297671257634505
 20
2.1546254124844877
0
HATCH
5
8ae
100
AcDbEntity
8
TopSolderMaskLayer
100
AcDbHatch
10
0
20
0
30
0
210
0
220
0
230
1
2
SOLID
70
1
71
0
91
1
92
7
72
0
73
1
93
8
10
61.2896738328993
20
3.1000400125546568
10
60.710001612805286
20
3.6797122326486575
10
59.890428095157375
20
3.6797122326486575
10
59.31075587506337
20
3.1000400125546568
10
59.31075587506337
20
2.280198747922865
10
59.890428095157375
20
1.7007942748127414
10
60.710001612805286
20
1.7007942748127414
10
61.2896738328993
20
2.280198747922865
97
1
330

75
0
76
1
47
0.4128176842155181
98
1
10
34.90568961886538
20
22.81183545379326
450
0
451
0
460
0
461
0
452
1
462
1
453
2
463
0
63
5
421
255
463
1
63
7
421
16777215
470
LINEAR
1001
ACAD
1010
0
1020
0
1030
0
 0
ARC
  5
8b1
330
1F
100
AcDbEntity
  8
BottomSolderMaskLayer
100
AcDbCircle
 10
60.297671257634505
 20
2.6901193802387606
 30
0.0
 40
0.5354939677542729
100
AcDbArc
 50
90
 51
270
 0
ARC
  5
8b2
330
1F
100
AcDbEntity
  8
BottomSolderMaskLayer
100
AcDbCircle
 10
60.30302619731205
 20
2.6901193802387606
 30
0.0
 40
0.5354939677542729
100
AcDbArc
 50
270
 51
90
 0
LWPOLYLINE
  5
8b3
330
1F
100
AcDbEntity
  8
BottomSolderMaskLayer
100
AcDbPolyline
 90
1
 70
 1
 43
0
 10
60.30302619731205
 20
3.2256133479930336
 10
60.297671257634505
 20
3.2256133479930336
 0
LWPOLYLINE
  5
8b4
330
1F
100
AcDbEntity
  8
BottomSolderMaskLayer
100
AcDbPolyline
 90
1
 70
 1
 43
0
 10
60.30302619731205
 20
2.1546254124844877
 10
60.297671257634505
 20
2.1546254124844877
0
HATCH
5
8b5
100
AcDbEntity
8
BottomSolderMaskLayer
100
AcDbHatch
10
0
20
0
30
0
210
0
220
0
230
1
2
SOLID
70
1
71
0
91
1
92
7
72
0
73
1
93
8
10
61.2896738328993
20
3.1000400125546568
10
60.710001612805286
20
3.6797122326486575
10
59.890428095157375
20
3.6797122326486575
10
59.31075587506337
20
3.1000400125546568
10
59.31075587506337
20
2.280198747922865
10
59.890428095157375
20
1.7007942748127414
10
60.710001612805286
20
1.7007942748127414
10
61.2896738328993
20
2.280198747922865
97
1
330

75
0
76
1
47
0.4128176842155181
98
1
10
34.90568961886538
20
22.81183545379326
450
0
451
0
460
0
461
0
452
1
462
1
453
2
463
0
63
5
421
255
463
1
63
7
421
16777215
470
LINEAR
1001
ACAD
1010
0
1020
0
1030
0
 0
ARC
  5
8b8
330
1F
100
AcDbEntity
  8
Multi-Layer
100
AcDbCircle
 10
60.2978155956312
 20
2.6901193802387606
 30
0.0
 40
0.5080010160020321
100
AcDbArc
 50
90
 51
270
 0
ARC
  5
8b9
330
1F
100
AcDbEntity
  8
Multi-Layer
100
AcDbCircle
 10
60.30289560579122
 20
2.6901193802387606
 30
0.0
 40
0.5080010160020321
100
AcDbArc
 50
270
 51
90
 0
LWPOLYLINE
  5
8ba
330
1F
100
AcDbEntity
  8
Multi-Layer
100
AcDbPolyline
 90
1
 70
 1
 43
0
 10
60.30289560579122
 20
3.1981203962407925
 10
60.2978155956312
 20
3.1981203962407925
 0
LWPOLYLINE
  5
8bb
330
1F
100
AcDbEntity
  8
Multi-Layer
100
AcDbPolyline
 90
1
 70
 1
 43
0
 10
60.30289560579122
 20
2.182118364236729
 10
60.2978155956312
 20
2.182118364236729
0
HATCH
5
8bc
100
AcDbEntity
8
Multi-Layer
100
AcDbHatch
10
0
20
0
30
0
210
0
220
0
230
1
2
SOLID
70
1
71
0
91
1
92
7
72
0
73
1
93
8
10
61.238887477774966
20
3.0789941579883164
10
60.68897637795276
20
3.628905257810516
10
59.91148082296166
20
3.628905257810516
10
59.36156972313945
20
3.0789941579883164
10
59.36156972313945
20
2.3012446024892053
10
59.91148082296166
20
1.7515875031750066
10
60.68897637795276
20
1.7515875031750066
10
61.238887477774966
20
2.3012446024892053
97
1
330

75
0
76
1
47
0.4128176842155181
98
1
10
34.90568961886538
20
22.81183545379326
450
0
451
0
460
0
461
0
452
1
462
1
453
2
463
0
63
5
421
255
463
1
63
7
421
16777215
470
LINEAR
1001
ACAD
1010
0
1020
0
1030
0
 0
ARC
  5
8bf
330
1F
100
AcDbEntity
  8
Multi-Layer
100
AcDbCircle
 10
55.46736093472188
 20
16.000025400050802
 30
0.0
 40
0.5080010160020321
100
AcDbArc
 50
90
 51
270
 0
ARC
  5
8c0
330
1F
100
AcDbEntity
  8
Multi-Layer
100
AcDbCircle
 10
55.472440944881896
 20
16.000025400050802
 30
0.0
 40
0.5080010160020321
100
AcDbArc
 50
270
 51
90
 0
LWPOLYLINE
  5
8c1
330
1F
100
AcDbEntity
  8
Multi-Layer
100
AcDbPolyline
 90
1
 70
 1
 43
0
 10
55.472440944881896
 20
16.508026416052836
 10
55.46736093472188
 20
16.508026416052836
 0
LWPOLYLINE
  5
8c2
330
1F
100
AcDbEntity
  8
Multi-Layer
100
AcDbPolyline
 90
1
 70
 1
 43
0
 10
55.472440944881896
 20
15.49202438404877
 10
55.46736093472188
 20
15.49202438404877
0
HATCH
5
8c3
100
AcDbEntity
8
Multi-Layer
100
AcDbHatch
10
0
20
0
30
0
210
0
220
0
230
1
2
SOLID
70
1
71
0
91
1
92
7
72
0
73
1
93
8
10
56.40868681737364
20
16.38890017780036
10
55.858775717551445
20
16.93881127762256
10
55.08102616205233
20
16.93881127762256
10
54.531369062738136
20
16.38890017780036
10
54.531369062738136
20
15.611150622301247
10
55.08102616205233
20
15.061239522479047
10
55.858775717551445
20
15.061239522479047
10
56.40868681737364
20
15.611150622301247
97
1
330

75
0
76
1
47
0.4128176842155181
98
1
10
34.90568961886538
20
22.81183545379326
450
0
451
0
460
0
461
0
452
1
462
1
453
2
463
0
63
5
421
255
463
1
63
7
421
16777215
470
LINEAR
1001
ACAD
1010
0
1020
0
1030
0
 0
ARC
  5
8c6
330
1F
100
AcDbEntity
  8
Multi-Layer
100
AcDbCircle
 10
55.46736093472188
 20
2.0000254000508004
 30
0.0
 40
0.5080010160020321
100
AcDbArc
 50
90
 51
270
 0
ARC
  5
8c7
330
1F
100
AcDbEntity
  8
Multi-Layer
100
AcDbCircle
 10
55.472440944881896
 20
2.0000254000508004
 30
0.0
 40
0.5080010160020321
100
AcDbArc
 50
270
 51
90
 0
LWPOLYLINE
  5
8c8
330
1F
100
AcDbEntity
  8
Multi-Layer
100
AcDbPolyline
 90
1
 70
 1
 43
0
 10
55.472440944881896
 20
2.5080264160528323
 10
55.46736093472188
 20
2.5080264160528323
 0
LWPOLYLINE
  5
8c9
330
1F
100
AcDbEntity
  8
Multi-Layer
100
AcDbPolyline
 90
1
 70
 1
 43
0
 10
55.472440944881896
 20
1.4920243840487684
 10
55.46736093472188
 20
1.4920243840487684
0
HATCH
5
8ca
100
AcDbEntity
8
Multi-Layer
100
AcDbHatch
10
0
20
0
30
0
210
0
220
0
230
1
2
SOLID
70
1
71
0
91
1
92
7
72
0
73
1
93
8
10
56.40868681737364
20
2.388900177800356
10
55.858775717551445
20
2.9388112776225555
10
55.08102616205233
20
2.9388112776225555
10
54.531369062738136
20
2.388900177800356
10
54.531369062738136
20
1.6111506223012448
10
55.08102616205233
20
1.061239522479045
10
55.858775717551445
20
1.061239522479045
10
56.40868681737364
20
1.6111506223012448
97
1
330

75
0
76
1
47
0.4128176842155181
98
1
10
34.90568961886538
20
22.81183545379326
450
0
451
0
460
0
461
0
452
1
462
1
453
2
463
0
63
5
421
255
463
1
63
7
421
16777215
470
LINEAR
1001
ACAD
1010
0
1020
0
1030
0
 0
ARC
  5
8cd
330
1F
100
AcDbEntity
  8
Multi-Layer
100
AcDbCircle
 10
52.92735585471172
 20
2.0000254000508004
 30
0.0
 40
0.5080010160020321
100
AcDbArc
 50
90
 51
270
 0
ARC
  5
8ce
330
1F
100
AcDbEntity
  8
Multi-Layer
100
AcDbCircle
 10
52.932435864871735
 20
2.0000254000508004
 30
0.0
 40
0.5080010160020321
100
AcDbArc
 50
270
 51
90
 0
LWPOLYLINE
  5
8cf
330
1F
100
AcDbEntity
  8
Multi-Layer
100
AcDbPolyline
 90
1
 70
 1
 43
0
 10
52.932435864871735
 20
2.5080264160528323
 10
52.92735585471172
 20
2.5080264160528323
 0
LWPOLYLINE
  5
8d0
330
1F
100
AcDbEntity
  8
Multi-Layer
100
AcDbPolyline
 90
1
 70
 1
 43
0
 10
52.932435864871735
 20
1.4920243840487684
 10
52.92735585471172
 20
1.4920243840487684
0
HATCH
5
8d1
100
AcDbEntity
8
Multi-Layer
100
AcDbHatch
10
0
20
0
30
0
210
0
220
0
230
1
2
SOLID
70
1
71
0
91
1
92
7
72
0
73
1
93
8
10
53.86868173736348
20
2.388900177800356
10
53.318770637541284
20
2.9388112776225555
10
52.54102108204217
20
2.9388112776225555
10
51.991363982727975
20
2.388900177800356
10
51.991363982727975
20
1.6111506223012448
10
52.54102108204217
20
1.061239522479045
10
53.318770637541284
20
1.061239522479045
10
53.86868173736348
20
1.6111506223012448
97
1
330

75
0
76
1
47
0.4128176842155181
98
1
10
34.90568961886538
20
22.81183545379326
450
0
451
0
460
0
461
0
452
1
462
1
453
2
463
0
63
5
421
255
463
1
63
7
421
16777215
470
LINEAR
1001
ACAD
1010
0
1020
0
1030
0
 0
ARC
  5
8d4
330
1F
100
AcDbEntity
  8
Multi-Layer
100
AcDbCircle
 10
52.92735585471172
 20
16.000025400050802
 30
0.0
 40
0.5080010160020321
100
AcDbArc
 50
90
 51
270
 0
ARC
  5
8d5
330
1F
100
AcDbEntity
  8
Multi-Layer
100
AcDbCircle
 10
52.932435864871735
 20
16.000025400050802
 30
0.0
 40
0.5080010160020321
100
AcDbArc
 50
270
 51
90
 0
LWPOLYLINE
  5
8d6
330
1F
100
AcDbEntity
  8
Multi-Layer
100
AcDbPolyline
 90
1
 70
 1
 43
0
 10
52.932435864871735
 20
16.508026416052836
 10
52.92735585471172
 20
16.508026416052836
 0
LWPOLYLINE
  5
8d7
330
1F
100
AcDbEntity
  8
Multi-Layer
100
AcDbPolyline
 90
1
 70
 1
 43
0
 10
52.932435864871735
 20
15.49202438404877
 10
52.92735585471172
 20
15.49202438404877
0
HATCH
5
8d8
100
AcDbEntity
8
Multi-Layer
100
AcDbHatch
10
0
20
0
30
0
210
0
220
0
230
1
2
SOLID
70
1
71
0
91
1
92
7
72
0
73
1
93
8
10
53.86868173736348
20
16.38890017780036
10
53.318770637541284
20
16.93881127762256
10
52.54102108204217
20
16.93881127762256
10
51.991363982727975
20
16.38890017780036
10
51.991363982727975
20
15.611150622301247
10
52.54102108204217
20
15.061239522479047
10
53.318770637541284
20
15.061239522479047
10
53.86868173736348
20
15.611150622301247
97
1
330

75
0
76
1
47
0.4128176842155181
98
1
10
34.90568961886538
20
22.81183545379326
450
0
451
0
460
0
461
0
452
1
462
1
453
2
463
0
63
5
421
255
463
1
63
7
421
16777215
470
LINEAR
1001
ACAD
1010
0
1020
0
1030
0
 0
ARC
  5
8db
330
1F
100
AcDbEntity
  8
TopSolderMaskLayer
100
AcDbCircle
 10
47.31273176601286
 20
2.9002045750539893
 30
0.0
 40
0.5354939677542729
100
AcDbArc
 50
270
 51
450
 0
ARC
  5
8dc
330
1F
100
AcDbEntity
  8
TopSolderMaskLayer
100
AcDbCircle
 10
47.307376826335314
 20
2.9002045750539893
 30
0.0
 40
0.5354939677542729
100
AcDbArc
 50
450
 51
270
 0
LWPOLYLINE
  5
8dd
330
1F
100
AcDbEntity
  8
TopSolderMaskLayer
100
AcDbPolyline
 90
1
 70
 1
 43
0
 10
47.307376826335314
 20
2.3647106072997164
 10
47.31273176601286
 20
2.3647106072997164
 0
LWPOLYLINE
  5
8de
330
1F
100
AcDbEntity
  8
TopSolderMaskLayer
100
AcDbPolyline
 90
1
 70
 1
 43
0
 10
47.307376826335314
 20
3.4356985428082623
 10
47.31273176601286
 20
3.4356985428082623
0
HATCH
5
8df
100
AcDbEntity
8
TopSolderMaskLayer
100
AcDbHatch
10
0
20
0
30
0
210
0
220
0
230
1
2
SOLID
70
1
71
0
91
1
92
7
72
0
73
1
93
8
10
46.32046144376418
20
2.4905516897219697
10
46.900133663858185
20
1.9108794696279696
10
47.7197071815061
20
1.9108794696279696
10
48.2993794016001
20
2.4905516897219697
10
48.2993794016001
20
3.3101252073698846
10
47.7197071815061
20
3.889797427463886
10
46.900133663858185
20
3.889797427463886
10
46.32046144376418
20
3.3101252073698846
97
1
330

75
0
76
1
47
0.4128176842155181
98
1
10
34.90568961886538
20
22.81183545379326
450
0
451
0
460
0
461
0
452
1
462
1
453
2
463
0
63
5
421
255
463
1
63
7
421
16777215
470
LINEAR
1001
ACAD
1010
0
1020
0
1030
0
 0
ARC
  5
8e2
330
1F
100
AcDbEntity
  8
BottomSolderMaskLayer
100
AcDbCircle
 10
47.31273176601286
 20
2.9002045750539893
 30
0.0
 40
0.5354939677542729
100
AcDbArc
 50
270
 51
450
 0
ARC
  5
8e3
330
1F
100
AcDbEntity
  8
BottomSolderMaskLayer
100
AcDbCircle
 10
47.307376826335314
 20
2.9002045750539893
 30
0.0
 40
0.5354939677542729
100
AcDbArc
 50
450
 51
270
 0
LWPOLYLINE
  5
8e4
330
1F
100
AcDbEntity
  8
BottomSolderMaskLayer
100
AcDbPolyline
 90
1
 70
 1
 43
0
 10
47.307376826335314
 20
2.3647106072997164
 10
47.31273176601286
 20
2.3647106072997164
 0
LWPOLYLINE
  5
8e5
330
1F
100
AcDbEntity
  8
BottomSolderMaskLayer
100
AcDbPolyline
 90
1
 70
 1
 43
0
 10
47.307376826335314
 20
3.4356985428082623
 10
47.31273176601286
 20
3.4356985428082623
0
HATCH
5
8e6
100
AcDbEntity
8
BottomSolderMaskLayer
100
AcDbHatch
10
0
20
0
30
0
210
0
220
0
230
1
2
SOLID
70
1
71
0
91
1
92
7
72
0
73
1
93
8
10
46.32046144376418
20
2.4905516897219697
10
46.900133663858185
20
1.9108794696279696
10
47.7197071815061
20
1.9108794696279696
10
48.2993794016001
20
2.4905516897219697
10
48.2993794016001
20
3.3101252073698846
10
47.7197071815061
20
3.889797427463886
10
46.900133663858185
20
3.889797427463886
10
46.32046144376418
20
3.3101252073698846
97
1
330

75
0
76
1
47
0.4128176842155181
98
1
10
34.90568961886538
20
22.81183545379326
450
0
451
0
460
0
461
0
452
1
462
1
453
2
463
0
63
5
421
255
463
1
63
7
421
16777215
470
LINEAR
1001
ACAD
1010
0
1020
0
1030
0
 0
ARC
  5
8e9
330
1F
100
AcDbEntity
  8
Multi-Layer
100
AcDbCircle
 10
47.31259842519686
 20
2.9002032004064016
 30
0.0
 40
0.5080010160020321
100
AcDbArc
 50
270
 51
450
 0
ARC
  5
8ea
330
1F
100
AcDbEntity
  8
Multi-Layer
100
AcDbCircle
 10
47.30751841503684
 20
2.9002032004064016
 30
0.0
 40
0.5080010160020321
100
AcDbArc
 50
450
 51
270
 0
LWPOLYLINE
  5
8eb
330
1F
100
AcDbEntity
  8
Multi-Layer
100
AcDbPolyline
 90
1
 70
 1
 43
0
 10
47.30751841503684
 20
2.3922021844043693
 10
47.31259842519686
 20
2.3922021844043693
 0
LWPOLYLINE
  5
8ec
330
1F
100
AcDbEntity
  8
Multi-Layer
100
AcDbPolyline
 90
1
 70
 1
 43
0
 10
47.30751841503684
 20
3.408204216408434
 10
47.31259842519686
 20
3.408204216408434
0
HATCH
5
8ed
100
AcDbEntity
8
Multi-Layer
100
AcDbHatch
10
0
20
0
30
0
210
0
220
0
230
1
2
SOLID
70
1
71
0
91
1
92
7
72
0
73
1
93
8
10
46.37127254254509
20
2.5115824231648465
10
46.92118364236729
20
1.9616713233426468
10
47.6986791973584
20
1.9616713233426468
10
48.2485902971806
20
2.5115824231648465
10
48.2485902971806
20
3.2890779781559565
10
47.6986791973584
20
3.8389890779781566
10
46.92118364236729
20
3.8389890779781566
10
46.37127254254509
20
3.2890779781559565
97
1
330

75
0
76
1
47
0.4128176842155181
98
1
10
34.90568961886538
20
22.81183545379326
450
0
451
0
460
0
461
0
452
1
462
1
453
2
463
0
63
5
421
255
463
1
63
7
421
16777215
470
LINEAR
1001
ACAD
1010
0
1020
0
1030
0
 0
ARC
  5
8f0
330
1F
100
AcDbEntity
  8
TopSolderMaskLayer
100
AcDbCircle
 10
49.85273684602302
 20
2.90007070156205
 30
0.0
 40
0.5354939677542729
100
AcDbArc
 50
270
 51
450
 0
ARC
  5
8f1
330
1F
100
AcDbEntity
  8
TopSolderMaskLayer
100
AcDbCircle
 10
49.84738190634547
 20
2.90007070156205
 30
0.0
 40
0.5354939677542729
100
AcDbArc
 50
450
 51
270
 0
LWPOLYLINE
  5
8f2
330
1F
100
AcDbEntity
  8
TopSolderMaskLayer
100
AcDbPolyline
 90
1
 70
 1
 43
0
 10
49.84738190634547
 20
2.364576733807777
 10
49.85273684602302
 20
2.364576733807777
 0
LWPOLYLINE
  5
8f3
330
1F
100
AcDbEntity
  8
TopSolderMaskLayer
100
AcDbPolyline
 90
1
 70
 1
 43
0
 10
49.84738190634547
 20
3.435564669316323
 10
49.85273684602302
 20
3.435564669316323
0
HATCH
5
8f4
100
AcDbEntity
8
TopSolderMaskLayer
100
AcDbHatch
10
0
20
0
30
0
210
0
220
0
230
1
2
SOLID
70
1
71
0
91
1
92
7
72
0
73
1
93
8
10
48.86046652377434
20
2.490417816230032
10
49.440138743868346
20
1.9107455961360307
10
50.25971226151626
20
1.9107455961360307
10
50.83938448161026
20
2.490417816230032
10
50.83938448161026
20
3.3099913338779468
10
50.25971226151626
20
3.8896635539719466
10
49.440138743868346
20
3.8896635539719466
10
48.86046652377434
20
3.3099913338779468
97
1
330

75
0
76
1
47
0.4128176842155181
98
1
10
34.90568961886538
20
22.81183545379326
450
0
451
0
460
0
461
0
452
1
462
1
453
2
463
0
63
5
421
255
463
1
63
7
421
16777215
470
LINEAR
1001
ACAD
1010
0
1020
0
1030
0
 0
ARC
  5
8f7
330
1F
100
AcDbEntity
  8
BottomSolderMaskLayer
100
AcDbCircle
 10
49.85273684602302
 20
2.90007070156205
 30
0.0
 40
0.5354939677542729
100
AcDbArc
 50
270
 51
450
 0
ARC
  5
8f8
330
1F
100
AcDbEntity
  8
BottomSolderMaskLayer
100
AcDbCircle
 10
49.84738190634547
 20
2.90007070156205
 30
0.0
 40
0.5354939677542729
100
AcDbArc
 50
450
 51
270
 0
LWPOLYLINE
  5
8f9
330
1F
100
AcDbEntity
  8
BottomSolderMaskLayer
100
AcDbPolyline
 90
1
 70
 1
 43
0
 10
49.84738190634547
 20
2.364576733807777
 10
49.85273684602302
 20
2.364576733807777
 0
LWPOLYLINE
  5
8fa
330
1F
100
AcDbEntity
  8
BottomSolderMaskLayer
100
AcDbPolyline
 90
1
 70
 1
 43
0
 10
49.84738190634547
 20
3.435564669316323
 10
49.85273684602302
 20
3.435564669316323
0
HATCH
5
8fb
100
AcDbEntity
8
BottomSolderMaskLayer
100
AcDbHatch
10
0
20
0
30
0
210
0
220
0
230
1
2
SOLID
70
1
71
0
91
1
92
7
72
0
73
1
93
8
10
48.86046652377434
20
2.490417816230032
10
49.440138743868346
20
1.9107455961360307
10
50.25971226151626
20
1.9107455961360307
10
50.83938448161026
20
2.490417816230032
10
50.83938448161026
20
3.3099913338779468
10
50.25971226151626
20
3.8896635539719466
10
49.440138743868346
20
3.8896635539719466
10
48.86046652377434
20
3.3099913338779468
97
1
330

75
0
76
1
47
0.4128176842155181
98
1
10
34.90568961886538
20
22.81183545379326
450
0
451
0
460
0
461
0
452
1
462
1
453
2
463
0
63
5
421
255
463
1
63
7
421
16777215
470
LINEAR
1001
ACAD
1010
0
1020
0
1030
0
 0
ARC
  5
8fe
330
1F
100
AcDbEntity
  8
Multi-Layer
100
AcDbCircle
 10
49.85260350520702
 20
2.9000762001524008
 30
0.0
 40
0.5080010160020321
100
AcDbArc
 50
270
 51
450
 0
ARC
  5
8ff
330
1F
100
AcDbEntity
  8
Multi-Layer
100
AcDbCircle
 10
49.847523495047
 20
2.9000762001524008
 30
0.0
 40
0.5080010160020321
100
AcDbArc
 50
450
 51
270
 0
LWPOLYLINE
  5
900
330
1F
100
AcDbEntity
  8
Multi-Layer
100
AcDbPolyline
 90
1
 70
 1
 43
0
 10
49.847523495047
 20
2.392075184150369
 10
49.85260350520702
 20
2.392075184150369
 0
LWPOLYLINE
  5
901
330
1F
100
AcDbEntity
  8
Multi-Layer
100
AcDbPolyline
 90
1
 70
 1
 43
0
 10
49.847523495047
 20
3.4080772161544326
 10
49.85260350520702
 20
3.4080772161544326
0
HATCH
5
902
100
AcDbEntity
8
Multi-Layer
100
AcDbHatch
10
0
20
0
30
0
210
0
220
0
230
1
2
SOLID
70
1
71
0
91
1
92
7
72
0
73
1
93
8
10
48.911277622555254
20
2.5114554229108466
10
49.46118872237745
20
1.9615443230886465
10
50.23868427736856
20
1.9615443230886465
10
50.78859537719076
20
2.5114554229108466
10
50.78859537719076
20
3.2889509779019566
10
50.23868427736856
20
3.8388620777241558
10
49.46118872237745
20
3.8388620777241558
10
48.911277622555254
20
3.2889509779019566
97
1
330

75
0
76
1
47
0.4128176842155181
98
1
10
34.90568961886538
20
22.81183545379326
450
0
451
0
460
0
461
0
452
1
462
1
453
2
463
0
63
5
421
255
463
1
63
7
421
16777215
470
LINEAR
1001
ACAD
1010
0
1020
0
1030
0
  0
CIRCLE
  5
958
330
1F
100
AcDbEntity
  8
Multi-Layer
100
AcDbCircle
 10
30.492760985521972
 20
1.1000762001524005
 30
0.0
 40
0.7063754127508256
  0
CIRCLE
  5
959
330
1F
100
AcDbEntity
  8
Hole
100
AcDbCircle
 10
30.492760985521972
 20
1.1000762001524005
 30
0.0
 40
0.29997459994919995
  0
CIRCLE
  5
95a
330
1F
100
AcDbEntity
  8
Multi-Layer
100
AcDbCircle
 10
33.9001778003556
 20
7.1998983997968
 30
0.0
 40
0.7063754127508256
  0
CIRCLE
  5
95b
330
1F
100
AcDbEntity
  8
Hole
100
AcDbCircle
 10
33.9001778003556
 20
7.1998983997968
 30
0.0
 40
0.29997459994919995
  0
CIRCLE
  5
95c
330
1F
100
AcDbEntity
  8
Multi-Layer
100
AcDbCircle
 10
32.2999745999492
 20
7.100076200152401
 30
0.0
 40
0.7063754127508256
  0
CIRCLE
  5
95d
330
1F
100
AcDbEntity
  8
Hole
100
AcDbCircle
 10
32.2999745999492
 20
7.100076200152401
 30
0.0
 40
0.29997459994919995
  0
CIRCLE
  5
95e
330
1F
100
AcDbEntity
  8
Multi-Layer
100
AcDbCircle
 10
35.92557785115571
 20
2.9364998729997462
 30
0.0
 40
0.7063754127508256
  0
CIRCLE
  5
95f
330
1F
100
AcDbEntity
  8
Hole
100
AcDbCircle
 10
35.92557785115571
 20
2.9364998729997462
 30
0.0
 40
0.29997459994919995
  0
CIRCLE
  5
960
330
1F
100
AcDbEntity
  8
Multi-Layer
100
AcDbCircle
 10
37.649987299974605
 20
3.100076200152401
 30
0.0
 40
0.7063754127508256
  0
CIRCLE
  5
961
330
1F
100
AcDbEntity
  8
Hole
100
AcDbCircle
 10
37.649987299974605
 20
3.100076200152401
 30
0.0
 40
0.29997459994919995
  0
CIRCLE
  5
962
330
1F
100
AcDbEntity
  8
Multi-Layer
100
AcDbCircle
 10
33.500127000254004
 20
15.500127000254002
 30
0.0
 40
0.7063754127508256
  0
CIRCLE
  5
963
330
1F
100
AcDbEntity
  8
Hole
100
AcDbCircle
 10
33.500127000254004
 20
15.500127000254002
 30
0.0
 40
0.29997459994919995
  0
CIRCLE
  5
964
330
1F
100
AcDbEntity
  8
Multi-Layer
100
AcDbCircle
 10
31.700025400050805
 20
15.500127000254002
 30
0.0
 40
0.7063754127508256
  0
CIRCLE
  5
965
330
1F
100
AcDbEntity
  8
Hole
100
AcDbCircle
 10
31.700025400050805
 20
15.500127000254002
 30
0.0
 40
0.29997459994919995
  0
CIRCLE
  5
966
330
1F
100
AcDbEntity
  8
Multi-Layer
100
AcDbCircle
 10
30.400050800101603
 20
13.000000000000002
 30
0.0
 40
0.7063754127508256
  0
CIRCLE
  5
967
330
1F
100
AcDbEntity
  8
Hole
100
AcDbCircle
 10
30.400050800101603
 20
13.000000000000002
 30
0.0
 40
0.29997459994919995
  0
CIRCLE
  5
968
330
1F
100
AcDbEntity
  8
Multi-Layer
100
AcDbCircle
 10
32.1501143002286
 20
11.200152400304802
 30
0.0
 40
0.7063754127508256
  0
CIRCLE
  5
969
330
1F
100
AcDbEntity
  8
Hole
100
AcDbCircle
 10
32.1501143002286
 20
11.200152400304802
 30
0.0
 40
0.29997459994919995
  0
CIRCLE
  5
96a
330
1F
100
AcDbEntity
  8
Multi-Layer
100
AcDbCircle
 10
20.1000762001524
 20
12.599949199898402
 30
0.0
 40
0.7063754127508256
  0
CIRCLE
  5
96b
330
1F
100
AcDbEntity
  8
Hole
100
AcDbCircle
 10
20.1000762001524
 20
12.599949199898402
 30
0.0
 40
0.29997459994919995
  0
CIRCLE
  5
96c
330
1F
100
AcDbEntity
  8
Multi-Layer
100
AcDbCircle
 10
49.40005080010161
 20
15.400050800101603
 30
0.0
 40
0.7063754127508256
  0
CIRCLE
  5
96d
330
1F
100
AcDbEntity
  8
Hole
100
AcDbCircle
 10
49.40005080010161
 20
15.400050800101603
 30
0.0
 40
0.29997459994919995
  0
CIRCLE
  5
96e
330
1F
100
AcDbEntity
  8
Multi-Layer
100
AcDbCircle
 10
27.400050800101607
 20
15.200152400304804
 30
0.0
 40
0.7063754127508256
  0
CIRCLE
  5
96f
330
1F
100
AcDbEntity
  8
Hole
100
AcDbCircle
 10
27.400050800101607
 20
15.200152400304804
 30
0.0
 40
0.29997459994919995
  0
CIRCLE
  5
970
330
1F
100
AcDbEntity
  8
Multi-Layer
100
AcDbCircle
 10
21.400050800101603
 20
7.100076200152401
 30
0.0
 40
0.7063754127508256
  0
CIRCLE
  5
971
330
1F
100
AcDbEntity
  8
Hole
100
AcDbCircle
 10
21.400050800101603
 20
7.100076200152401
 30
0.0
 40
0.29997459994919995
  0
CIRCLE
  5
972
330
1F
100
AcDbEntity
  8
Multi-Layer
100
AcDbCircle
 10
20.1000762001524
 20
10.8999237998476
 30
0.0
 40
0.7063754127508256
  0
CIRCLE
  5
973
330
1F
100
AcDbEntity
  8
Hole
100
AcDbCircle
 10
20.1000762001524
 20
10.8999237998476
 30
0.0
 40
0.29997459994919995
  0
CIRCLE
  5
974
330
1F
100
AcDbEntity
  8
Multi-Layer
100
AcDbCircle
 10
37.15011430022861
 20
11.400050800101601
 30
0.0
 40
0.7063754127508256
  0
CIRCLE
  5
975
330
1F
100
AcDbEntity
  8
Hole
100
AcDbCircle
 10
37.15011430022861
 20
11.400050800101601
 30
0.0
 40
0.29997459994919995
  0
CIRCLE
  5
976
330
1F
100
AcDbEntity
  8
Multi-Layer
100
AcDbCircle
 10
23.5999491998984
 20
11.800101600203202
 30
0.0
 40
0.7063754127508256
  0
CIRCLE
  5
977
330
1F
100
AcDbEntity
  8
Hole
100
AcDbCircle
 10
23.5999491998984
 20
11.800101600203202
 30
0.0
 40
0.29997459994919995
  0
CIRCLE
  5
978
330
1F
100
AcDbEntity
  8
Multi-Layer
100
AcDbCircle
 10
34.3500127000254
 20
11.500127000254002
 30
0.0
 40
0.7063754127508256
  0
CIRCLE
  5
979
330
1F
100
AcDbEntity
  8
Hole
100
AcDbCircle
 10
34.3500127000254
 20
11.500127000254002
 30
0.0
 40
0.29997459994919995
  0
CIRCLE
  5
97a
330
1F
100
AcDbEntity
  8
Multi-Layer
100
AcDbCircle
 10
20.299974599949202
 20
15.400050800101603
 30
0.0
 40
0.7063754127508256
  0
CIRCLE
  5
97b
330
1F
100
AcDbEntity
  8
Hole
100
AcDbCircle
 10
20.299974599949202
 20
15.400050800101603
 30
0.0
 40
0.29997459994919995
  0
CIRCLE
  5
97c
330
1F
100
AcDbEntity
  8
Multi-Layer
100
AcDbCircle
 10
35.750063500127006
 20
10.600203200406401
 30
0.0
 40
0.7063754127508256
  0
CIRCLE
  5
97d
330
1F
100
AcDbEntity
  8
Hole
100
AcDbCircle
 10
35.750063500127006
 20
10.600203200406401
 30
0.0
 40
0.29997459994919995
  0
CIRCLE
  5
97e
330
1F
100
AcDbEntity
  8
Multi-Layer
100
AcDbCircle
 10
24.400050800101603
 20
14.700025400050803
 30
0.0
 40
0.7063754127508256
  0
CIRCLE
  5
97f
330
1F
100
AcDbEntity
  8
Hole
100
AcDbCircle
 10
24.400050800101603
 20
14.700025400050803
 30
0.0
 40
0.29997459994919995
  0
CIRCLE
  5
980
330
1F
100
AcDbEntity
  8
Multi-Layer
100
AcDbCircle
 10
57.90017780035561
 20
1.5999491998984001
 30
0.0
 40
0.7063754127508256
  0
CIRCLE
  5
981
330
1F
100
AcDbEntity
  8
Hole
100
AcDbCircle
 10
57.90017780035561
 20
1.5999491998984001
 30
0.0
 40
0.29997459994919995
  0
CIRCLE
  5
982
330
1F
100
AcDbEntity
  8
Multi-Layer
100
AcDbCircle
 10
55.90017780035561
 20
4.599949199898401
 30
0.0
 40
0.7063754127508256
  0
CIRCLE
  5
983
330
1F
100
AcDbEntity
  8
Hole
100
AcDbCircle
 10
55.90017780035561
 20
4.599949199898401
 30
0.0
 40
0.29997459994919995
  0
CIRCLE
  5
984
330
1F
100
AcDbEntity
  8
Multi-Layer
100
AcDbCircle
 10
54.800101600203206
 20
5.899923799847601
 30
0.0
 40
0.7063754127508256
  0
CIRCLE
  5
985
330
1F
100
AcDbEntity
  8
Hole
100
AcDbCircle
 10
54.800101600203206
 20
5.899923799847601
 30
0.0
 40
0.29997459994919995
  0
CIRCLE
  5
986
330
1F
100
AcDbEntity
  8
Multi-Layer
100
AcDbCircle
 10
28.649987299974605
 20
4.2999745999492
 30
0.0
 40
0.7063754127508256
  0
CIRCLE
  5
987
330
1F
100
AcDbEntity
  8
Hole
100
AcDbCircle
 10
28.649987299974605
 20
4.2999745999492
 30
0.0
 40
0.29997459994919995
  0
CIRCLE
  5
988
330
1F
100
AcDbEntity
  8
Multi-Layer
100
AcDbCircle
 10
40.600203200406405
 20
11.299974599949202
 30
0.0
 40
0.7063754127508256
  0
CIRCLE
  5
989
330
1F
100
AcDbEntity
  8
Hole
100
AcDbCircle
 10
40.600203200406405
 20
11.299974599949202
 30
0.0
 40
0.29997459994919995
  0
CIRCLE
  5
98a
330
1F
100
AcDbEntity
  8
Multi-Layer
100
AcDbCircle
 10
36.649987299974605
 20
8.400050800101601
 30
0.0
 40
0.7063754127508256
  0
CIRCLE
  5
98b
330
1F
100
AcDbEntity
  8
Hole
100
AcDbCircle
 10
36.649987299974605
 20
8.400050800101601
 30
0.0
 40
0.29997459994919995
  0
CIRCLE
  5
98c
330
1F
100
AcDbEntity
  8
Multi-Layer
100
AcDbCircle
 10
19.499872999746003
 20
5.599949199898401
 30
0.0
 40
0.7063754127508256
  0
CIRCLE
  5
98d
330
1F
100
AcDbEntity
  8
Hole
100
AcDbCircle
 10
19.499872999746003
 20
5.599949199898401
 30
0.0
 40
0.29997459994919995
  0
CIRCLE
  5
98e
330
1F
100
AcDbEntity
  8
Multi-Layer
100
AcDbCircle
 10
43.849885699771406
 20
8.8999237998476
 30
0.0
 40
0.7063754127508256
  0
CIRCLE
  5
98f
330
1F
100
AcDbEntity
  8
Hole
100
AcDbCircle
 10
43.849885699771406
 20
8.8999237998476
 30
0.0
 40
0.29997459994919995
  0
CIRCLE
  5
990
330
1F
100
AcDbEntity
  8
Multi-Layer
100
AcDbCircle
 10
36.700025400050805
 20
6.800101600203201
 30
0.0
 40
0.7063754127508256
  0
CIRCLE
  5
991
330
1F
100
AcDbEntity
  8
Hole
100
AcDbCircle
 10
36.700025400050805
 20
6.800101600203201
 30
0.0
 40
0.29997459994919995
  0
CIRCLE
  5
992
330
1F
100
AcDbEntity
  8
Multi-Layer
100
AcDbCircle
 10
51.30022860045721
 20
13.800101600203202
 30
0.0
 40
0.7063754127508256
  0
CIRCLE
  5
993
330
1F
100
AcDbEntity
  8
Hole
100
AcDbCircle
 10
51.30022860045721
 20
13.800101600203202
 30
0.0
 40
0.29997459994919995
  0
CIRCLE
  5
994
330
1F
100
AcDbEntity
  8
Multi-Layer
100
AcDbCircle
 10
27.949707899415802
 20
10.900177800355603
 30
0.0
 40
0.7063754127508256
  0
CIRCLE
  5
995
330
1F
100
AcDbEntity
  8
Hole
100
AcDbCircle
 10
27.949707899415802
 20
10.900177800355603
 30
0.0
 40
0.29997459994919995
  0
CIRCLE
  5
996
330
1F
100
AcDbEntity
  8
Multi-Layer
100
AcDbCircle
 10
28.649987299974605
 20
9.400050800101601
 30
0.0
 40
0.7063754127508256
  0
CIRCLE
  5
997
330
1F
100
AcDbEntity
  8
Hole
100
AcDbCircle
 10
28.649987299974605
 20
9.400050800101601
 30
0.0
 40
0.29997459994919995
  0
CIRCLE
  5
998
330
1F
100
AcDbEntity
  8
Multi-Layer
100
AcDbCircle
 10
47.3002286004572
 20
13.199898399796803
 30
0.0
 40
0.7063754127508256
  0
CIRCLE
  5
999
330
1F
100
AcDbEntity
  8
Hole
100
AcDbCircle
 10
47.3002286004572
 20
13.199898399796803
 30
0.0
 40
0.29997459994919995
  0
CIRCLE
  5
99a
330
1F
100
AcDbEntity
  8
Multi-Layer
100
AcDbCircle
 10
23.500127000254
 20
10.100076200152403
 30
0.0
 40
0.7065024130048261
  0
CIRCLE
  5
99b
330
1F
100
AcDbEntity
  8
Hole
100
AcDbCircle
 10
23.500127000254
 20
10.100076200152403
 30
0.0
 40
0.30000000000000004
  0
CIRCLE
  5
99c
330
1F
100
AcDbEntity
  8
Multi-Layer
100
AcDbCircle
 10
23.500127000254
 20
7.899923799847601
 30
0.0
 40
0.7065024130048261
  0
CIRCLE
  5
99d
330
1F
100
AcDbEntity
  8
Hole
100
AcDbCircle
 10
23.500127000254
 20
7.899923799847601
 30
0.0
 40
0.30000000000000004
  0
CIRCLE
  5
99e
330
1F
100
AcDbEntity
  8
Multi-Layer
100
AcDbCircle
 10
28.679959359918723
 20
5.899923799847601
 30
0.0
 40
0.6250952501905004
  0
CIRCLE
  5
99f
330
1F
100
AcDbEntity
  8
Multi-Layer
100
AcDbCircle
 10
28.679959359918723
 20
13.8999237998476
 30
0.0
 40
0.6250952501905004
0
HATCH
5
9a1
100
AcDbEntity
8
Document
100
AcDbHatch
10
0
20
0
30
0
210
0
220
0
230
1
2
SOLID
70
1
71
0
91
1
92
7
72
0
73
1
93
4
10
60.04597409194819
20
12.595910591821186
10
60.55397510795022
20
12.595910591821186
10
60.55397510795022
20
13.103911607823218
10
60.04597409194819
20
13.103911607823218
97
1
330

75
0
76
1
47
0.4128176842155181
98
1
10
34.90568961886538
20
22.81183545379326
450
0
451
0
460
0
461
0
452
1
462
1
453
2
463
0
63
5
421
255
463
1
63
7
421
16777215
470
LINEAR
1001
ACAD
1010
0
1020
0
1030
0
0
HATCH
5
9a3
100
AcDbEntity
8
Document
100
AcDbHatch
10
0
20
0
30
0
210
0
220
0
230
1
2
SOLID
70
1
71
0
91
1
92
7
72
0
73
1
93
4
10
56.79375158750318
20
13.698526797053596
10
56.14376428752858
20
13.698526797053596
10
56.14376428752858
20
12.298475996951996
10
56.79375158750318
20
12.298475996951996
97
1
330

75
0
76
1
47
0.4128176842155181
98
1
10
34.90568961886538
20
22.81183545379326
450
0
451
0
460
0
461
0
452
1
462
1
453
2
463
0
63
5
421
255
463
1
63
7
421
16777215
470
LINEAR
1001
ACAD
1010
0
1020
0
1030
0
0
HATCH
5
9a5
100
AcDbEntity
8
Document
100
AcDbHatch
10
0
20
0
30
0
210
0
220
0
230
1
2
SOLID
70
1
71
0
91
1
92
7
72
0
73
1
93
4
10
58.26695453390908
20
13.698526797053596
10
57.616967233934474
20
13.698526797053596
10
57.616967233934474
20
12.298475996951996
10
58.26695453390908
20
12.298475996951996
97
1
330

75
0
76
1
47
0.4128176842155181
98
1
10
34.90568961886538
20
22.81183545379326
450
0
451
0
460
0
461
0
452
1
462
1
453
2
463
0
63
5
421
255
463
1
63
7
421
16777215
470
LINEAR
1001
ACAD
1010
0
1020
0
1030
0
0
HATCH
5
9a7
100
AcDbEntity
8
Document
100
AcDbHatch
10
0
20
0
30
0
210
0
220
0
230
1
2
SOLID
70
1
71
0
91
1
92
7
72
0
73
1
93
4
10
57.4000508001016
20
13.500152400304803
10
57.00025400050801
20
13.500152400304803
10
57.00025400050801
20
12.499898399796802
10
57.4000508001016
20
12.499898399796802
97
1
330

75
0
76
1
47
0.4128176842155181
98
1
10
34.90568961886538
20
22.81183545379326
450
0
451
0
460
0
461
0
452
1
462
1
453
2
463
0
63
5
421
255
463
1
63
7
421
16777215
470
LINEAR
1001
ACAD
1010
0
1020
0
1030
0
0
HATCH
5
9a9
100
AcDbEntity
8
Document
100
AcDbHatch
10
0
20
0
30
0
210
0
220
0
230
1
2
SOLID
70
1
71
0
91
1
92
7
72
0
73
1
93
4
10
13.946050292100585
20
5.714020828041656
10
13.946050292100585
20
5.206019812039624
10
14.454051308102617
20
5.206019812039624
10
14.454051308102617
20
5.714020828041656
97
1
330

75
0
76
1
47
0.4128176842155181
98
1
10
34.90568961886538
20
22.81183545379326
450
0
451
0
460
0
461
0
452
1
462
1
453
2
463
0
63
5
421
255
463
1
63
7
421
16777215
470
LINEAR
1001
ACAD
1010
0
1020
0
1030
0
0
HATCH
5
9ab
100
AcDbEntity
8
Document
100
AcDbHatch
10
0
20
0
30
0
210
0
220
0
230
1
2
SOLID
70
1
71
0
91
1
92
7
72
0
73
1
93
4
10
13.946050292100585
20
8.254025908051817
10
13.946050292100585
20
7.7460248920497845
10
14.454051308102617
20
7.7460248920497845
10
14.454051308102617
20
8.254025908051817
97
1
330

75
0
76
1
47
0.4128176842155181
98
1
10
34.90568961886538
20
22.81183545379326
450
0
451
0
460
0
461
0
452
1
462
1
453
2
463
0
63
5
421
255
463
1
63
7
421
16777215
470
LINEAR
1001
ACAD
1010
0
1020
0
1030
0
0
HATCH
5
9ad
100
AcDbEntity
8
Document
100
AcDbHatch
10
0
20
0
30
0
210
0
220
0
230
1
2
SOLID
70
1
71
0
91
1
92
7
72
0
73
1
93
4
10
13.946050292100585
20
10.794030988061976
10
13.946050292100585
20
10.286029972059945
10
14.454051308102617
20
10.286029972059945
10
14.454051308102617
20
10.794030988061976
97
1
330

75
0
76
1
47
0.4128176842155181
98
1
10
34.90568961886538
20
22.81183545379326
450
0
451
0
460
0
461
0
452
1
462
1
453
2
463
0
63
5
421
255
463
1
63
7
421
16777215
470
LINEAR
1001
ACAD
1010
0
1020
0
1030
0
0
HATCH
5
9af
100
AcDbEntity
8
Document
100
AcDbHatch
10
0
20
0
30
0
210
0
220
0
230
1
2
SOLID
70
1
71
0
91
1
92
7
72
0
73
1
93
4
10
13.946050292100585
20
13.334036068072137
10
13.946050292100585
20
12.826035052070106
10
14.454051308102617
20
12.826035052070106
10
14.454051308102617
20
13.334036068072137
97
1
330

75
0
76
1
47
0.4128176842155181
98
1
10
34.90568961886538
20
22.81183545379326
450
0
451
0
460
0
461
0
452
1
462
1
453
2
463
0
63
5
421
255
463
1
63
7
421
16777215
470
LINEAR
1001
ACAD
1010
0
1020
0
1030
0
0
HATCH
5
9b1
100
AcDbEntity
8
Document
100
AcDbHatch
10
0
20
0
30
0
210
0
220
0
230
1
2
SOLID
70
1
71
0
91
1
92
7
72
0
73
1
93
4
10
13.946050292100585
20
3.1740157480314966
10
13.946050292100585
20
2.6660147320294643
10
14.454051308102617
20
2.6660147320294643
10
14.454051308102617
20
3.1740157480314966
97
1
330

75
0
76
1
47
0.4128176842155181
98
1
10
34.90568961886538
20
22.81183545379326
450
0
451
0
460
0
461
0
452
1
462
1
453
2
463
0
63
5
421
255
463
1
63
7
421
16777215
470
LINEAR
1001
ACAD
1010
0
1020
0
1030
0
0
HATCH
5
9b3
100
AcDbEntity
8
Document
100
AcDbHatch
10
0
20
0
30
0
210
0
220
0
230
1
2
SOLID
70
1
71
0
91
1
92
7
72
0
73
1
93
4
10
40.83997967995936
20
7.840005080010161
10
40.83997967995936
20
8.640106680213362
10
40.339852679705366
20
8.640106680213362
10
40.339852679705366
20
7.840005080010161
97
1
330

75
0
76
1
47
0.4128176842155181
98
1
10
34.90568961886538
20
22.81183545379326
450
0
451
0
460
0
461
0
452
1
462
1
453
2
463
0
63
5
421
255
463
1
63
7
421
16777215
470
LINEAR
1001
ACAD
1010
0
1020
0
1030
0
0
HATCH
5
9b5
100
AcDbEntity
8
Document
100
AcDbHatch
10
0
20
0
30
0
210
0
220
0
230
1
2
SOLID
70
1
71
0
91
1
92
7
72
0
73
1
93
4
10
42.43992887985777
20
8.640106680213362
10
42.43992887985777
20
7.840005080010161
10
42.940055880111764
20
7.840005080010161
10
42.940055880111764
20
8.640106680213362
97
1
330

75
0
76
1
47
0.4128176842155181
98
1
10
34.90568961886538
20
22.81183545379326
450
0
451
0
460
0
461
0
452
1
462
1
453
2
463
0
63
5
421
255
463
1
63
7
421
16777215
470
LINEAR
1001
ACAD
1010
0
1020
0
1030
0
0
HATCH
5
9b7
100
AcDbEntity
8
Document
100
AcDbHatch
10
0
20
0
30
0
210
0
220
0
230
1
2
SOLID
70
1
71
0
91
1
92
7
72
0
73
1
93
4
10
42.43992887985777
20
8.039903479806961
10
42.43992887985777
20
8.43995427990856
10
40.83997967995936
20
8.43995427990856
10
40.83997967995936
20
8.039903479806961
97
1
330

75
0
76
1
47
0.4128176842155181
98
1
10
34.90568961886538
20
22.81183545379326
450
0
451
0
460
0
461
0
452
1
462
1
453
2
463
0
63
5
421
255
463
1
63
7
421
16777215
470
LINEAR
1001
ACAD
1010
0
1020
0
1030
0
0
HATCH
5
9b9
100
AcDbEntity
8
Document
100
AcDbHatch
10
0
20
0
30
0
210
0
220
0
230
1
2
SOLID
70
1
71
0
91
1
92
7
72
0
73
1
93
4
10
40.83997967995936
20
6.629946659893321
10
40.83997967995936
20
7.4300482600965205
10
40.339852679705366
20
7.4300482600965205
10
40.339852679705366
20
6.629946659893321
97
1
330

75
0
76
1
47
0.4128176842155181
98
1
10
34.90568961886538
20
22.81183545379326
450
0
451
0
460
0
461
0
452
1
462
1
453
2
463
0
63
5
421
255
463
1
63
7
421
16777215
470
LINEAR
1001
ACAD
1010
0
1020
0
1030
0
0
HATCH
5
9bb
100
AcDbEntity
8
Document
100
AcDbHatch
10
0
20
0
30
0
210
0
220
0
230
1
2
SOLID
70
1
71
0
91
1
92
7
72
0
73
1
93
4
10
42.43992887985777
20
7.4300482600965205
10
42.43992887985777
20
6.629946659893321
10
42.940055880111764
20
6.629946659893321
10
42.940055880111764
20
7.4300482600965205
97
1
330

75
0
76
1
47
0.4128176842155181
98
1
10
34.90568961886538
20
22.81183545379326
450
0
451
0
460
0
461
0
452
1
462
1
453
2
463
0
63
5
421
255
463
1
63
7
421
16777215
470
LINEAR
1001
ACAD
1010
0
1020
0
1030
0
0
HATCH
5
9bd
100
AcDbEntity
8
Document
100
AcDbHatch
10
0
20
0
30
0
210
0
220
0
230
1
2
SOLID
70
1
71
0
91
1
92
7
72
0
73
1
93
4
10
42.43992887985777
20
6.840005080010161
10
42.43992887985777
20
7.240055880111761
10
40.83997967995936
20
7.240055880111761
10
40.83997967995936
20
6.840005080010161
97
1
330

75
0
76
1
47
0.4128176842155181
98
1
10
34.90568961886538
20
22.81183545379326
450
0
451
0
460
0
461
0
452
1
462
1
453
2
463
0
63
5
421
255
463
1
63
7
421
16777215
470
LINEAR
1001
ACAD
1010
0
1020
0
1030
0
0
HATCH
5
9bf
100
AcDbEntity
8
Document
100
AcDbHatch
10
0
20
0
30
0
210
0
220
0
230
1
2
SOLID
70
1
71
0
91
1
92
7
72
0
73
1
93
4
10
40.83997967995936
20
9.050063500127001
10
40.83997967995936
20
9.8499110998222
10
40.339852679705366
20
9.8499110998222
10
40.339852679705366
20
9.050063500127001
97
1
330

75
0
76
1
47
0.4128176842155181
98
1
10
34.90568961886538
20
22.81183545379326
450
0
451
0
460
0
461
0
452
1
462
1
453
2
463
0
63
5
421
255
463
1
63
7
421
16777215
470
LINEAR
1001
ACAD
1010
0
1020
0
1030
0
0
HATCH
5
9c1
100
AcDbEntity
8
Document
100
AcDbHatch
10
0
20
0
30
0
210
0
220
0
230
1
2
SOLID
70
1
71
0
91
1
92
7
72
0
73
1
93
4
10
42.43992887985777
20
9.84000508001016
10
42.43992887985777
20
9.039903479806961
10
42.940055880111764
20
9.039903479806961
10
42.940055880111764
20
9.84000508001016
97
1
330

75
0
76
1
47
0.4128176842155181
98
1
10
34.90568961886538
20
22.81183545379326
450
0
451
0
460
0
461
0
452
1
462
1
453
2
463
0
63
5
421
255
463
1
63
7
421
16777215
470
LINEAR
1001
ACAD
1010
0
1020
0
1030
0
0
HATCH
5
9c3
100
AcDbEntity
8
Document
100
AcDbHatch
10
0
20
0
30
0
210
0
220
0
230
1
2
SOLID
70
1
71
0
91
1
92
7
72
0
73
1
93
4
10
42.43992887985777
20
9.240055880111763
10
42.43992887985777
20
9.64010668021336
10
40.83997967995936
20
9.64010668021336
10
40.83997967995936
20
9.240055880111763
97
1
330

75
0
76
1
47
0.4128176842155181
98
1
10
34.90568961886538
20
22.81183545379326
450
0
451
0
460
0
461
0
452
1
462
1
453
2
463
0
63
5
421
255
463
1
63
7
421
16777215
470
LINEAR
1001
ACAD
1010
0
1020
0
1030
0
0
HATCH
5
9c5
100
AcDbEntity
8
Document
100
AcDbHatch
10
0
20
0
30
0
210
0
220
0
230
1
2
SOLID
70
1
71
0
91
1
92
7
72
0
73
1
93
4
10
16.750063500127006
20
4.19484378968758
10
16.750063500127006
20
3.694716789433579
10
17.400050800101603
20
3.694716789433579
10
17.400050800101603
20
4.19484378968758
97
1
330

75
0
76
1
47
0.4128176842155181
98
1
10
34.90568961886538
20
22.81183545379326
450
0
451
0
460
0
461
0
452
1
462
1
453
2
463
0
63
5
421
255
463
1
63
7
421
16777215
470
LINEAR
1001
ACAD
1010
0
1020
0
1030
0
0
HATCH
5
9c7
100
AcDbEntity
8
Document
100
AcDbHatch
10
0
20
0
30
0
210
0
220
0
230
1
2
SOLID
70
1
71
0
91
1
92
7
72
0
73
1
93
4
10
16.750063500127006
20
3.245135890271781
10
16.750063500127006
20
2.7450088900177803
10
17.400050800101603
20
2.7450088900177803
10
17.400050800101603
20
3.245135890271781
97
1
330

75
0
76
1
47
0.4128176842155181
98
1
10
34.90568961886538
20
22.81183545379326
450
0
451
0
460
0
461
0
452
1
462
1
453
2
463
0
63
5
421
255
463
1
63
7
421
16777215
470
LINEAR
1001
ACAD
1010
0
1020
0
1030
0
0
HATCH
5
9c9
100
AcDbEntity
8
Document
100
AcDbHatch
10
0
20
0
30
0
210
0
220
0
230
1
2
SOLID
70
1
71
0
91
1
92
7
72
0
73
1
93
4
10
16.750063500127006
20
2.29491998983998
10
16.750063500127006
20
1.7950469900939805
10
17.400050800101603
20
1.7950469900939805
10
17.400050800101603
20
2.29491998983998
97
1
330

75
0
76
1
47
0.4128176842155181
98
1
10
34.90568961886538
20
22.81183545379326
450
0
451
0
460
0
461
0
452
1
462
1
453
2
463
0
63
5
421
255
463
1
63
7
421
16777215
470
LINEAR
1001
ACAD
1010
0
1020
0
1030
0
0
HATCH
5
9cb
100
AcDbEntity
8
Document
100
AcDbHatch
10
0
20
0
30
0
210
0
220
0
230
1
2
SOLID
70
1
71
0
91
1
92
7
72
0
73
1
93
4
10
19.0998221996444
20
2.29491998983998
10
19.0998221996444
20
1.7950469900939805
10
19.750063500127002
20
1.7950469900939805
10
19.750063500127002
20
2.29491998983998
97
1
330

75
0
76
1
47
0.4128176842155181
98
1
10
34.90568961886538
20
22.81183545379326
450
0
451
0
460
0
461
0
452
1
462
1
453
2
463
0
63
5
421
255
463
1
63
7
421
16777215
470
LINEAR
1001
ACAD
1010
0
1020
0
1030
0
0
HATCH
5
9cd
100
AcDbEntity
8
Document
100
AcDbHatch
10
0
20
0
30
0
210
0
220
0
230
1
2
SOLID
70
1
71
0
91
1
92
7
72
0
73
1
93
4
10
19.0998221996444
20
4.19484378968758
10
19.0998221996444
20
3.694716789433579
10
19.750063500127002
20
3.694716789433579
10
19.750063500127002
20
4.19484378968758
97
1
330

75
0
76
1
47
0.4128176842155181
98
1
10
34.90568961886538
20
22.81183545379326
450
0
451
0
460
0
461
0
452
1
462
1
453
2
463
0
63
5
421
255
463
1
63
7
421
16777215
470
LINEAR
1001
ACAD
1010
0
1020
0
1030
0
0
HATCH
5
9cf
100
AcDbEntity
8
Document
100
AcDbHatch
10
0
20
0
30
0
210
0
220
0
230
1
2
SOLID
70
1
71
0
91
1
92
7
72
0
73
1
93
4
10
27.4239268478537
20
0.807747015494031
10
27.4239268478537
20
1.5578105156210313
10
25.973837947675896
20
1.5578105156210313
10
25.973837947675896
20
0.807747015494031
97
1
330

75
0
76
1
47
0.4128176842155181
98
1
10
34.90568961886538
20
22.81183545379326
450
0
451
0
460
0
461
0
452
1
462
1
453
2
463
0
63
5
421
255
463
1
63
7
421
16777215
470
LINEAR
1001
ACAD
1010
0
1020
0
1030
0
0
HATCH
5
9d1
100
AcDbEntity
8
Document
100
AcDbHatch
10
0
20
0
30
0
210
0
220
0
230
1
2
SOLID
70
1
71
0
91
1
92
7
72
0
73
1
93
4
10
27.4239268478537
20
2.2555499110998225
10
27.4239268478537
20
3.0056134112268227
10
25.973837947675896
20
3.0056134112268227
10
25.973837947675896
20
2.2555499110998225
97
1
330

75
0
76
1
47
0.4128176842155181
98
1
10
34.90568961886538
20
22.81183545379326
450
0
451
0
460
0
461
0
452
1
462
1
453
2
463
0
63
5
421
255
463
1
63
7
421
16777215
470
LINEAR
1001
ACAD
1010
0
1020
0
1030
0
0
HATCH
5
9d3
100
AcDbEntity
8
Document
100
AcDbHatch
10
0
20
0
30
0
210
0
220
0
230
1
2
SOLID
70
1
71
0
91
1
92
7
72
0
73
1
93
4
10
27.100076200152404
20
1.7998729997459997
10
27.100076200152404
20
2.0000254000508004
10
26.2997205994412
20
2.0000254000508004
10
26.2997205994412
20
1.7998729997459997
97
1
330

75
0
76
1
47
0.4128176842155181
98
1
10
34.90568961886538
20
22.81183545379326
450
0
451
0
460
0
461
0
452
1
462
1
453
2
463
0
63
5
421
255
463
1
63
7
421
16777215
470
LINEAR
1001
ACAD
1010
0
1020
0
1030
0
0
HATCH
5
9d5
100
AcDbEntity
8
Document
100
AcDbHatch
10
0
20
0
30
0
210
0
220
0
230
1
2
SOLID
70
1
71
0
91
1
92
7
72
0
73
1
93
4
10
21.087630175260355
20
2.896139192278385
10
21.837947675895354
20
2.896139192278385
10
21.837947675895354
20
4.346228092456186
10
21.087630175260355
20
4.346228092456186
97
1
330

75
0
76
1
47
0.4128176842155181
98
1
10
34.90568961886538
20
22.81183545379326
450
0
451
0
460
0
461
0
452
1
462
1
453
2
463
0
63
5
421
255
463
1
63
7
421
16777215
470
LINEAR
1001
ACAD
1010
0
1020
0
1030
0
0
HATCH
5
9d7
100
AcDbEntity
8
Document
100
AcDbHatch
10
0
20
0
30
0
210
0
220
0
230
1
2
SOLID
70
1
71
0
91
1
92
7
72
0
73
1
93
4
10
22.535433070866148
20
2.896139192278385
10
23.285750571501147
20
2.896139192278385
10
23.285750571501147
20
4.346228092456186
10
22.535433070866148
20
4.346228092456186
97
1
330

75
0
76
1
47
0.4128176842155181
98
1
10
34.90568961886538
20
22.81183545379326
450
0
451
0
460
0
461
0
452
1
462
1
453
2
463
0
63
5
421
255
463
1
63
7
421
16777215
470
LINEAR
1001
ACAD
1010
0
1020
0
1030
0
0
HATCH
5
9d9
100
AcDbEntity
8
Document
100
AcDbHatch
10
0
20
0
30
0
210
0
220
0
230
1
2
SOLID
70
1
71
0
91
1
92
7
72
0
73
1
93
4
10
22.07975615951232
20
3.21998983997968
10
22.280162560325124
20
3.21998983997968
10
22.280162560325124
20
4.020091440182881
10
22.07975615951232
20
4.020091440182881
97
1
330

75
0
76
1
47
0.4128176842155181
98
1
10
34.90568961886538
20
22.81183545379326
450
0
451
0
460
0
461
0
452
1
462
1
453
2
463
0
63
5
421
255
463
1
63
7
421
16777215
470
LINEAR
1001
ACAD
1010
0
1020
0
1030
0
0
HATCH
5
9db
100
AcDbEntity
8
Document
100
AcDbHatch
10
0
20
0
30
0
210
0
220
0
230
1
2
SOLID
70
1
71
0
91
1
92
7
72
0
73
1
93
4
10
25.43992887985776
20
1.0617475234950473
10
25.43992887985776
20
1.5618745237490477
10
24.48971297942596
20
1.5618745237490477
10
24.48971297942596
20
1.0617475234950473
97
1
330

75
0
76
1
47
0.4128176842155181
98
1
10
34.90568961886538
20
22.81183545379326
450
0
451
0
460
0
461
0
452
1
462
1
453
2
463
0
63
5
421
255
463
1
63
7
421
16777215
470
LINEAR
1001
ACAD
1010
0
1020
0
1030
0
0
HATCH
5
9dd
100
AcDbEntity
8
Document
100
AcDbHatch
10
0
20
0
30
0
210
0
220
0
230
1
2
SOLID
70
1
71
0
91
1
92
7
72
0
73
1
93
4
10
25.43992887985776
20
2.2301498602997207
10
25.43992887985776
20
2.7302768605537215
10
24.48971297942596
20
2.7302768605537215
10
24.48971297942596
20
2.2301498602997207
97
1
330

75
0
76
1
47
0.4128176842155181
98
1
10
34.90568961886538
20
22.81183545379326
450
0
451
0
460
0
461
0
452
1
462
1
453
2
463
0
63
5
421
255
463
1
63
7
421
16777215
470
LINEAR
1001
ACAD
1010
0
1020
0
1030
0
0
HATCH
5
9df
100
AcDbEntity
8
Document
100
AcDbHatch
10
0
20
0
30
0
210
0
220
0
230
1
2
SOLID
70
1
71
0
91
1
92
7
72
0
73
1
93
4
10
25.270002540005084
20
1.7000508001016006
10
25.270002540005084
20
2.0998475996951993
10
24.670053340106683
20
2.0998475996951993
10
24.670053340106683
20
1.7000508001016006
97
1
330

75
0
76
1
47
0.4128176842155181
98
1
10
34.90568961886538
20
22.81183545379326
450
0
451
0
460
0
461
0
452
1
462
1
453
2
463
0
63
5
421
255
463
1
63
7
421
16777215
470
LINEAR
1001
ACAD
1010
0
1020
0
1030
0
0
HATCH
5
9e1
100
AcDbEntity
8
Document
100
AcDbHatch
10
0
20
0
30
0
210
0
220
0
230
1
2
SOLID
70
1
71
0
91
1
92
7
72
0
73
1
93
4
10
21.34163068326137
20
4.712750825501651
10
21.841757683515368
20
4.712750825501651
10
21.841757683515368
20
5.662712725425451
10
21.34163068326137
20
5.662712725425451
97
1
330

75
0
76
1
47
0.4128176842155181
98
1
10
34.90568961886538
20
22.81183545379326
450
0
451
0
460
0
461
0
452
1
462
1
453
2
463
0
63
5
421
255
463
1
63
7
421
16777215
470
LINEAR
1001
ACAD
1010
0
1020
0
1030
0
0
HATCH
5
9e3
100
AcDbEntity
8
Document
100
AcDbHatch
10
0
20
0
30
0
210
0
220
0
230
1
2
SOLID
70
1
71
0
91
1
92
7
72
0
73
1
93
4
10
22.510033020066043
20
4.712750825501651
10
23.010160020320047
20
4.712750825501651
10
23.010160020320047
20
5.662712725425451
10
22.510033020066043
20
5.662712725425451
97
1
330

75
0
76
1
47
0.4128176842155181
98
1
10
34.90568961886538
20
22.81183545379326
450
0
451
0
460
0
461
0
452
1
462
1
453
2
463
0
63
5
421
255
463
1
63
7
421
16777215
470
LINEAR
1001
ACAD
1010
0
1020
0
1030
0
0
HATCH
5
9e5
100
AcDbEntity
8
Document
100
AcDbHatch
10
0
20
0
30
0
210
0
220
0
230
1
2
SOLID
70
1
71
0
91
1
92
7
72
0
73
1
93
4
10
21.97993395986792
20
4.8824231648463305
10
22.379730759461523
20
4.8824231648463305
10
22.379730759461523
20
5.482626365252731
10
21.97993395986792
20
5.482626365252731
97
1
330

75
0
76
1
47
0.4128176842155181
98
1
10
34.90568961886538
20
22.81183545379326
450
0
451
0
460
0
461
0
452
1
462
1
453
2
463
0
63
5
421
255
463
1
63
7
421
16777215
470
LINEAR
1001
ACAD
1010
0
1020
0
1030
0
0
HATCH
5
9e7
100
AcDbEntity
8
Document
100
AcDbHatch
10
0
20
0
30
0
210
0
220
0
230
1
2
SOLID
70
1
71
0
91
1
92
7
72
0
73
1
93
4
10
21.34163068326137
20
1.5875285750571502
10
21.841757683515368
20
1.5875285750571502
10
21.841757683515368
20
2.5377444754889513
10
21.34163068326137
20
2.5377444754889513
97
1
330

75
0
76
1
47
0.4128176842155181
98
1
10
34.90568961886538
20
22.81183545379326
450
0
451
0
460
0
461
0
452
1
462
1
453
2
463
0
63
5
421
255
463
1
63
7
421
16777215
470
LINEAR
1001
ACAD
1010
0
1020
0
1030
0
0
HATCH
5
9e9
100
AcDbEntity
8
Document
100
AcDbHatch
10
0
20
0
30
0
210
0
220
0
230
1
2
SOLID
70
1
71
0
91
1
92
7
72
0
73
1
93
4
10
22.510033020066043
20
1.5875285750571502
10
23.010160020320047
20
1.5875285750571502
10
23.010160020320047
20
2.5377444754889513
10
22.510033020066043
20
2.5377444754889513
97
1
330

75
0
76
1
47
0.4128176842155181
98
1
10
34.90568961886538
20
22.81183545379326
450
0
451
0
460
0
461
0
452
1
462
1
453
2
463
0
63
5
421
255
463
1
63
7
421
16777215
470
LINEAR
1001
ACAD
1010
0
1020
0
1030
0
0
HATCH
5
9eb
100
AcDbEntity
8
Document
100
AcDbHatch
10
0
20
0
30
0
210
0
220
0
230
1
2
SOLID
70
1
71
0
91
1
92
7
72
0
73
1
93
4
10
21.97993395986792
20
1.7574549149098302
10
22.379730759461523
20
1.7574549149098302
10
22.379730759461523
20
2.35740411480823
10
21.97993395986792
20
2.35740411480823
97
1
330

75
0
76
1
47
0.4128176842155181
98
1
10
34.90568961886538
20
22.81183545379326
450
0
451
0
460
0
461
0
452
1
462
1
453
2
463
0
63
5
421
255
463
1
63
7
421
16777215
470
LINEAR
1001
ACAD
1010
0
1020
0
1030
0
0
HATCH
5
9ed
100
AcDbEntity
8
Document
100
AcDbHatch
10
0
20
0
30
0
210
0
220
0
230
1
2
SOLID
70
1
71
0
91
1
92
7
72
0
73
1
93
4
10
43.50650241300483
20
10.601524003048008
10
44.156489712979436
20
10.601524003048008
10
44.156489712979436
20
12.001574803149607
10
43.50650241300483
20
12.001574803149607
97
1
330

75
0
76
1
47
0.4128176842155181
98
1
10
34.90568961886538
20
22.81183545379326
450
0
451
0
460
0
461
0
452
1
462
1
453
2
463
0
63
5
421
255
463
1
63
7
421
16777215
470
LINEAR
1001
ACAD
1010
0
1020
0
1030
0
0
HATCH
5
9ef
100
AcDbEntity
8
Document
100
AcDbHatch
10
0
20
0
30
0
210
0
220
0
230
1
2
SOLID
70
1
71
0
91
1
92
7
72
0
73
1
93
4
10
42.03329946659894
20
10.601524003048008
10
42.68328676657354
20
10.601524003048008
10
42.68328676657354
20
12.001574803149607
10
42.03329946659894
20
12.001574803149607
97
1
330

75
0
76
1
47
0.4128176842155181
98
1
10
34.90568961886538
20
22.81183545379326
450
0
451
0
460
0
461
0
452
1
462
1
453
2
463
0
63
5
421
255
463
1
63
7
421
16777215
470
LINEAR
1001
ACAD
1010
0
1020
0
1030
0
0
HATCH
5
9f1
100
AcDbEntity
8
Document
100
AcDbHatch
10
0
20
0
30
0
210
0
220
0
230
1
2
SOLID
70
1
71
0
91
1
92
7
72
0
73
1
93
4
10
42.90020320040641
20
10.7998983997968
10
43.300000000000004
20
10.7998983997968
10
43.300000000000004
20
11.800152400304802
10
42.90020320040641
20
11.800152400304802
97
1
330

75
0
76
1
47
0.4128176842155181
98
1
10
34.90568961886538
20
22.81183545379326
450
0
451
0
460
0
461
0
452
1
462
1
453
2
463
0
63
5
421
255
463
1
63
7
421
16777215
470
LINEAR
1001
ACAD
1010
0
1020
0
1030
0
0
HATCH
5
9f3
100
AcDbEntity
8
Document
100
AcDbHatch
10
0
20
0
30
0
210
0
220
0
230
1
2
SOLID
70
1
71
0
91
1
92
7
72
0
73
1
93
4
10
35.69370078740158
20
16.198552197104394
10
35.04371348742698
20
16.198552197104394
10
35.04371348742698
20
14.798501397002795
10
35.69370078740158
20
14.798501397002795
97
1
330

75
0
76
1
47
0.4128176842155181
98
1
10
34.90568961886538
20
22.81183545379326
450
0
451
0
460
0
461
0
452
1
462
1
453
2
463
0
63
5
421
255
463
1
63
7
421
16777215
470
LINEAR
1001
ACAD
1010
0
1020
0
1030
0
0
HATCH
5
9f5
100
AcDbEntity
8
Document
100
AcDbHatch
10
0
20
0
30
0
210
0
220
0
230
1
2
SOLID
70
1
71
0
91
1
92
7
72
0
73
1
93
4
10
37.16690373380747
20
16.198552197104394
10
36.516916433832876
20
16.198552197104394
10
36.516916433832876
20
14.798501397002795
10
37.16690373380747
20
14.798501397002795
97
1
330

75
0
76
1
47
0.4128176842155181
98
1
10
34.90568961886538
20
22.81183545379326
450
0
451
0
460
0
461
0
452
1
462
1
453
2
463
0
63
5
421
255
463
1
63
7
421
16777215
470
LINEAR
1001
ACAD
1010
0
1020
0
1030
0
0
HATCH
5
9f7
100
AcDbEntity
8
Document
100
AcDbHatch
10
0
20
0
30
0
210
0
220
0
230
1
2
SOLID
70
1
71
0
91
1
92
7
72
0
73
1
93
4
10
36.300000000000004
20
16.0001778003556
10
35.90020320040641
20
16.0001778003556
10
35.90020320040641
20
14.9999237998476
10
36.300000000000004
20
14.9999237998476
97
1
330

75
0
76
1
47
0.4128176842155181
98
1
10
34.90568961886538
20
22.81183545379326
450
0
451
0
460
0
461
0
452
1
462
1
453
2
463
0
63
5
421
255
463
1
63
7
421
16777215
470
LINEAR
1001
ACAD
1010
0
1020
0
1030
0
0
HATCH
5
9f9
100
AcDbEntity
8
Document
100
AcDbHatch
10
0
20
0
30
0
210
0
220
0
230
1
2
SOLID
70
1
71
0
91
1
92
7
72
0
73
1
93
4
10
45.786055372110745
20
7.576073152146305
10
46.29405638811278
20
7.576073152146305
10
46.29405638811278
20
8.084074168148337
10
45.786055372110745
20
8.084074168148337
97
1
330

75
0
76
1
47
0.4128176842155181
98
1
10
34.90568961886538
20
22.81183545379326
450
0
451
0
460
0
461
0
452
1
462
1
453
2
463
0
63
5
421
255
463
1
63
7
421
16777215
470
LINEAR
1001
ACAD
1010
0
1020
0
1030
0
0
HATCH
5
9fb
100
AcDbEntity
8
Document
100
AcDbHatch
10
0
20
0
30
0
210
0
220
0
230
1
2
SOLID
70
1
71
0
91
1
92
7
72
0
73
1
93
4
10
45.786055372110745
20
10.116078232156465
10
46.29405638811278
20
10.116078232156465
10
46.29405638811278
20
10.624079248158496
10
45.786055372110745
20
10.624079248158496
97
1
330

75
0
76
1
47
0.4128176842155181
98
1
10
34.90568961886538
20
22.81183545379326
450
0
451
0
460
0
461
0
452
1
462
1
453
2
463
0
63
5
421
255
463
1
63
7
421
16777215
470
LINEAR
1001
ACAD
1010
0
1020
0
1030
0
0
HATCH
5
9fd
100
AcDbEntity
8
Document
100
AcDbHatch
10
0
20
0
30
0
210
0
220
0
230
1
2
SOLID
70
1
71
0
91
1
92
7
72
0
73
1
93
4
10
48.326060452120906
20
10.116078232156465
10
48.83406146812294
20
10.116078232156465
10
48.83406146812294
20
10.624079248158496
10
48.326060452120906
20
10.624079248158496
97
1
330

75
0
76
1
47
0.4128176842155181
98
1
10
34.90568961886538
20
22.81183545379326
450
0
451
0
460
0
461
0
452
1
462
1
453
2
463
0
63
5
421
255
463
1
63
7
421
16777215
470
LINEAR
1001
ACAD
1010
0
1020
0
1030
0
0
HATCH
5
9ff
100
AcDbEntity
8
Document
100
AcDbHatch
10
0
20
0
30
0
210
0
220
0
230
1
2
SOLID
70
1
71
0
91
1
92
7
72
0
73
1
93
4
10
48.326060452120906
20
7.576073152146305
10
48.83406146812294
20
7.576073152146305
10
48.83406146812294
20
8.084074168148337
10
48.326060452120906
20
8.084074168148337
97
1
330

75
0
76
1
47
0.4128176842155181
98
1
10
34.90568961886538
20
22.81183545379326
450
0
451
0
460
0
461
0
452
1
462
1
453
2
463
0
63
5
421
255
463
1
63
7
421
16777215
470
LINEAR
1001
ACAD
1010
0
1020
0
1030
0
0
HATCH
5
a01
100
AcDbEntity
8
Document
100
AcDbHatch
10
0
20
0
30
0
210
0
220
0
230
1
2
SOLID
70
1
71
0
91
1
92
7
72
0
73
1
93
4
10
50.86606553213107
20
10.116078232156465
10
51.3740665481331
20
10.116078232156465
10
51.3740665481331
20
10.624079248158496
10
50.86606553213107
20
10.624079248158496
97
1
330

75
0
76
1
47
0.4128176842155181
98
1
10
34.90568961886538
20
22.81183545379326
450
0
451
0
460
0
461
0
452
1
462
1
453
2
463
0
63
5
421
255
463
1
63
7
421
16777215
470
LINEAR
1001
ACAD
1010
0
1020
0
1030
0
0
HATCH
5
a03
100
AcDbEntity
8
Document
100
AcDbHatch
10
0
20
0
30
0
210
0
220
0
230
1
2
SOLID
70
1
71
0
91
1
92
7
72
0
73
1
93
4
10
50.86606553213107
20
7.576073152146305
10
51.3740665481331
20
7.576073152146305
10
51.3740665481331
20
8.084074168148337
10
50.86606553213107
20
8.084074168148337
97
1
330

75
0
76
1
47
0.4128176842155181
98
1
10
34.90568961886538
20
22.81183545379326
450
0
451
0
460
0
461
0
452
1
462
1
453
2
463
0
63
5
421
255
463
1
63
7
421
16777215
470
LINEAR
1001
ACAD
1010
0
1020
0
1030
0
0
HATCH
5
a05
100
AcDbEntity
8
Document
100
AcDbHatch
10
0
20
0
30
0
210
0
220
0
230
1
2
SOLID
70
1
71
0
91
1
92
7
72
0
73
1
93
4
10
53.40607061214123
20
10.116078232156465
10
53.91407162814326
20
10.116078232156465
10
53.91407162814326
20
10.624079248158496
10
53.40607061214123
20
10.624079248158496
97
1
330

75
0
76
1
47
0.4128176842155181
98
1
10
34.90568961886538
20
22.81183545379326
450
0
451
0
460
0
461
0
452
1
462
1
453
2
463
0
63
5
421
255
463
1
63
7
421
16777215
470
LINEAR
1001
ACAD
1010
0
1020
0
1030
0
0
HATCH
5
a07
100
AcDbEntity
8
Document
100
AcDbHatch
10
0
20
0
30
0
210
0
220
0
230
1
2
SOLID
70
1
71
0
91
1
92
7
72
0
73
1
93
4
10
53.40607061214123
20
7.576073152146305
10
53.91407162814326
20
7.576073152146305
10
53.91407162814326
20
8.084074168148337
10
53.40607061214123
20
8.084074168148337
97
1
330

75
0
76
1
47
0.4128176842155181
98
1
10
34.90568961886538
20
22.81183545379326
450
0
451
0
460
0
461
0
452
1
462
1
453
2
463
0
63
5
421
255
463
1
63
7
421
16777215
470
LINEAR
1001
ACAD
1010
0
1020
0
1030
0
0
HATCH
5
a09
100
AcDbEntity
8
Document
100
AcDbHatch
10
0
20
0
30
0
210
0
220
0
230
1
2
SOLID
70
1
71
0
91
1
92
7
72
0
73
1
93
4
10
56.79375158750318
20
11.698526797053596
10
56.14376428752858
20
11.698526797053596
10
56.14376428752858
20
10.298475996951995
10
56.79375158750318
20
10.298475996951995
97
1
330

75
0
76
1
47
0.4128176842155181
98
1
10
34.90568961886538
20
22.81183545379326
450
0
451
0
460
0
461
0
452
1
462
1
453
2
463
0
63
5
421
255
463
1
63
7
421
16777215
470
LINEAR
1001
ACAD
1010
0
1020
0
1030
0
0
HATCH
5
a0b
100
AcDbEntity
8
Document
100
AcDbHatch
10
0
20
0
30
0
210
0
220
0
230
1
2
SOLID
70
1
71
0
91
1
92
7
72
0
73
1
93
4
10
58.26695453390908
20
11.698526797053596
10
57.616967233934474
20
11.698526797053596
10
57.616967233934474
20
10.298475996951995
10
58.26695453390908
20
10.298475996951995
97
1
330

75
0
76
1
47
0.4128176842155181
98
1
10
34.90568961886538
20
22.81183545379326
450
0
451
0
460
0
461
0
452
1
462
1
453
2
463
0
63
5
421
255
463
1
63
7
421
16777215
470
LINEAR
1001
ACAD
1010
0
1020
0
1030
0
0
HATCH
5
a0d
100
AcDbEntity
8
Document
100
AcDbHatch
10
0
20
0
30
0
210
0
220
0
230
1
2
SOLID
70
1
71
0
91
1
92
7
72
0
73
1
93
4
10
57.4000508001016
20
11.500152400304803
10
57.00025400050801
20
11.500152400304803
10
57.00025400050801
20
10.4998983997968
10
57.4000508001016
20
10.4998983997968
97
1
330

75
0
76
1
47
0.4128176842155181
98
1
10
34.90568961886538
20
22.81183545379326
450
0
451
0
460
0
461
0
452
1
462
1
453
2
463
0
63
5
421
255
463
1
63
7
421
16777215
470
LINEAR
1001
ACAD
1010
0
1020
0
1030
0
0
HATCH
5
a0f
100
AcDbEntity
8
Document
100
AcDbHatch
10
0
20
0
30
0
210
0
220
0
230
1
2
SOLID
70
1
71
0
91
1
92
7
72
0
73
1
93
4
10
56.79375158750318
20
9.798526797053595
10
56.14376428752858
20
9.798526797053595
10
56.14376428752858
20
8.398475996951994
10
56.79375158750318
20
8.398475996951994
97
1
330

75
0
76
1
47
0.4128176842155181
98
1
10
34.90568961886538
20
22.81183545379326
450
0
451
0
460
0
461
0
452
1
462
1
453
2
463
0
63
5
421
255
463
1
63
7
421
16777215
470
LINEAR
1001
ACAD
1010
0
1020
0
1030
0
0
HATCH
5
a11
100
AcDbEntity
8
Document
100
AcDbHatch
10
0
20
0
30
0
210
0
220
0
230
1
2
SOLID
70
1
71
0
91
1
92
7
72
0
73
1
93
4
10
58.26695453390908
20
9.798526797053595
10
57.616967233934474
20
9.798526797053595
10
57.616967233934474
20
8.398475996951994
10
58.26695453390908
20
8.398475996951994
97
1
330

75
0
76
1
47
0.4128176842155181
98
1
10
34.90568961886538
20
22.81183545379326
450
0
451
0
460
0
461
0
452
1
462
1
453
2
463
0
63
5
421
255
463
1
63
7
421
16777215
470
LINEAR
1001
ACAD
1010
0
1020
0
1030
0
0
HATCH
5
a13
100
AcDbEntity
8
Document
100
AcDbHatch
10
0
20
0
30
0
210
0
220
0
230
1
2
SOLID
70
1
71
0
91
1
92
7
72
0
73
1
93
4
10
57.4000508001016
20
9.600152400304802
10
57.00025400050801
20
9.600152400304802
10
57.00025400050801
20
8.5998983997968
10
57.4000508001016
20
8.5998983997968
97
1
330

75
0
76
1
47
0.4128176842155181
98
1
10
34.90568961886538
20
22.81183545379326
450
0
451
0
460
0
461
0
452
1
462
1
453
2
463
0
63
5
421
255
463
1
63
7
421
16777215
470
LINEAR
1001
ACAD
1010
0
1020
0
1030
0
0
HATCH
5
a15
100
AcDbEntity
8
Document
100
AcDbHatch
10
0
20
0
30
0
210
0
220
0
230
1
2
SOLID
70
1
71
0
91
1
92
7
72
0
73
1
93
4
10
56.79375158750318
20
7.898526797053595
10
56.14376428752858
20
7.898526797053595
10
56.14376428752858
20
6.498475996951995
10
56.79375158750318
20
6.498475996951995
97
1
330

75
0
76
1
47
0.4128176842155181
98
1
10
34.90568961886538
20
22.81183545379326
450
0
451
0
460
0
461
0
452
1
462
1
453
2
463
0
63
5
421
255
463
1
63
7
421
16777215
470
LINEAR
1001
ACAD
1010
0
1020
0
1030
0
0
HATCH
5
a17
100
AcDbEntity
8
Document
100
AcDbHatch
10
0
20
0
30
0
210
0
220
0
230
1
2
SOLID
70
1
71
0
91
1
92
7
72
0
73
1
93
4
10
58.26695453390908
20
7.898526797053595
10
57.616967233934474
20
7.898526797053595
10
57.616967233934474
20
6.498475996951995
10
58.26695453390908
20
6.498475996951995
97
1
330

75
0
76
1
47
0.4128176842155181
98
1
10
34.90568961886538
20
22.81183545379326
450
0
451
0
460
0
461
0
452
1
462
1
453
2
463
0
63
5
421
255
463
1
63
7
421
16777215
470
LINEAR
1001
ACAD
1010
0
1020
0
1030
0
0
HATCH
5
a19
100
AcDbEntity
8
Document
100
AcDbHatch
10
0
20
0
30
0
210
0
220
0
230
1
2
SOLID
70
1
71
0
91
1
92
7
72
0
73
1
93
4
10
57.4000508001016
20
7.700152400304802
10
57.00025400050801
20
7.700152400304802
10
57.00025400050801
20
6.699898399796801
10
57.4000508001016
20
6.699898399796801
97
1
330

75
0
76
1
47
0.4128176842155181
98
1
10
34.90568961886538
20
22.81183545379326
450
0
451
0
460
0
461
0
452
1
462
1
453
2
463
0
63
5
421
255
463
1
63
7
421
16777215
470
LINEAR
1001
ACAD
1010
0
1020
0
1030
0
0
HATCH
5
a1b
100
AcDbEntity
8
Document
100
AcDbHatch
10
0
20
0
30
0
210
0
220
0
230
1
2
SOLID
70
1
71
0
91
1
92
7
72
0
73
1
93
4
10
58.7986537973076
20
4.506400812801626
10
58.7986537973076
20
5.156388112776226
10
57.398602997206005
20
5.156388112776226
10
57.398602997206005
20
4.506400812801626
97
1
330

75
0
76
1
47
0.4128176842155181
98
1
10
34.90568961886538
20
22.81183545379326
450
0
451
0
460
0
461
0
452
1
462
1
453
2
463
0
63
5
421
255
463
1
63
7
421
16777215
470
LINEAR
1001
ACAD
1010
0
1020
0
1030
0
0
HATCH
5
a1d
100
AcDbEntity
8
Document
100
AcDbHatch
10
0
20
0
30
0
210
0
220
0
230
1
2
SOLID
70
1
71
0
91
1
92
7
72
0
73
1
93
4
10
58.7986537973076
20
3.0331978663957333
10
58.7986537973076
20
3.6831851663703334
10
57.398602997206005
20
3.6831851663703334
10
57.398602997206005
20
3.0331978663957333
97
1
330

75
0
76
1
47
0.4128176842155181
98
1
10
34.90568961886538
20
22.81183545379326
450
0
451
0
460
0
461
0
452
1
462
1
453
2
463
0
63
5
421
255
463
1
63
7
421
16777215
470
LINEAR
1001
ACAD
1010
0
1020
0
1030
0
0
HATCH
5
a1f
100
AcDbEntity
8
Document
100
AcDbHatch
10
0
20
0
30
0
210
0
220
0
230
1
2
SOLID
70
1
71
0
91
1
92
7
72
0
73
1
93
4
10
58.600279400558804
20
3.9001016002032007
10
58.600279400558804
20
4.2998983997968
10
57.60002540005081
20
4.2998983997968
10
57.60002540005081
20
3.9001016002032007
97
1
330

75
0
76
1
47
0.4128176842155181
98
1
10
34.90568961886538
20
22.81183545379326
450
0
451
0
460
0
461
0
452
1
462
1
453
2
463
0
63
5
421
255
463
1
63
7
421
16777215
470
LINEAR
1001
ACAD
1010
0
1020
0
1030
0
0
HATCH
5
a21
100
AcDbEntity
8
Document
100
AcDbHatch
10
0
20
0
30
0
210
0
220
0
230
1
2
SOLID
70
1
71
0
91
1
92
7
72
0
73
1
93
4
10
17.85631191262383
20
7.001524003048007
10
18.506299212598428
20
7.001524003048007
10
18.506299212598428
20
8.401574803149607
10
17.85631191262383
20
8.401574803149607
97
1
330

75
0
76
1
47
0.4128176842155181
98
1
10
34.90568961886538
20
22.81183545379326
450
0
451
0
460
0
461
0
452
1
462
1
453
2
463
0
63
5
421
255
463
1
63
7
421
16777215
470
LINEAR
1001
ACAD
1010
0
1020
0
1030
0
0
HATCH
5
a23
100
AcDbEntity
8
Document
100
AcDbHatch
10
0
20
0
30
0
210
0
220
0
230
1
2
SOLID
70
1
71
0
91
1
92
7
72
0
73
1
93
4
10
16.383108966217932
20
7.001524003048007
10
17.033096266192537
20
7.001524003048007
10
17.033096266192537
20
8.401574803149607
10
16.383108966217932
20
8.401574803149607
97
1
330

75
0
76
1
47
0.4128176842155181
98
1
10
34.90568961886538
20
22.81183545379326
450
0
451
0
460
0
461
0
452
1
462
1
453
2
463
0
63
5
421
255
463
1
63
7
421
16777215
470
LINEAR
1001
ACAD
1010
0
1020
0
1030
0
0
HATCH
5
a25
100
AcDbEntity
8
Document
100
AcDbHatch
10
0
20
0
30
0
210
0
220
0
230
1
2
SOLID
70
1
71
0
91
1
92
7
72
0
73
1
93
4
10
17.250012700025405
20
7.1998983997968
10
17.649809499619003
20
7.1998983997968
10
17.649809499619003
20
8.200152400304802
10
17.250012700025405
20
8.200152400304802
97
1
330

75
0
76
1
47
0.4128176842155181
98
1
10
34.90568961886538
20
22.81183545379326
450
0
451
0
460
0
461
0
452
1
462
1
453
2
463
0
63
5
421
255
463
1
63
7
421
16777215
470
LINEAR
1001
ACAD
1010
0
1020
0
1030
0
0
HATCH
5
a27
100
AcDbEntity
8
Document
100
AcDbHatch
10
0
20
0
30
0
210
0
220
0
230
1
2
SOLID
70
1
71
0
91
1
92
7
72
0
73
1
93
4
10
17.90645161290323
20
12.001524003048008
10
18.55643891287783
20
12.001524003048008
10
18.55643891287783
20
13.401574803149607
10
17.90645161290323
20
13.401574803149607
97
1
330

75
0
76
1
47
0.4128176842155181
98
1
10
34.90568961886538
20
22.81183545379326
450
0
451
0
460
0
461
0
452
1
462
1
453
2
463
0
63
5
421
255
463
1
63
7
421
16777215
470
LINEAR
1001
ACAD
1010
0
1020
0
1030
0
0
HATCH
5
a29
100
AcDbEntity
8
Document
100
AcDbHatch
10
0
20
0
30
0
210
0
220
0
230
1
2
SOLID
70
1
71
0
91
1
92
7
72
0
73
1
93
4
10
16.433248666497335
20
12.001524003048008
10
17.083235966471936
20
12.001524003048008
10
17.083235966471936
20
13.401574803149607
10
16.433248666497335
20
13.401574803149607
97
1
330

75
0
76
1
47
0.4128176842155181
98
1
10
34.90568961886538
20
22.81183545379326
450
0
451
0
460
0
461
0
452
1
462
1
453
2
463
0
63
5
421
255
463
1
63
7
421
16777215
470
LINEAR
1001
ACAD
1010
0
1020
0
1030
0
0
HATCH
5
a2b
100
AcDbEntity
8
Document
100
AcDbHatch
10
0
20
0
30
0
210
0
220
0
230
1
2
SOLID
70
1
71
0
91
1
92
7
72
0
73
1
93
4
10
17.300152400304803
20
12.199898399796801
10
17.699949199898402
20
12.199898399796801
10
17.699949199898402
20
13.200152400304802
10
17.300152400304803
20
13.200152400304802
97
1
330

75
0
76
1
47
0.4128176842155181
98
1
10
34.90568961886538
20
22.81183545379326
450
0
451
0
460
0
461
0
452
1
462
1
453
2
463
0
63
5
421
255
463
1
63
7
421
16777215
470
LINEAR
1001
ACAD
1010
0
1020
0
1030
0
0
HATCH
5
a2d
100
AcDbEntity
8
Document
100
AcDbHatch
10
0
20
0
30
0
210
0
220
0
230
1
2
SOLID
70
1
71
0
91
1
92
7
72
0
73
1
93
4
10
17.90645161290323
20
9.301524003048007
10
18.55643891287783
20
9.301524003048007
10
18.55643891287783
20
10.701574803149608
10
17.90645161290323
20
10.701574803149608
97
1
330

75
0
76
1
47
0.4128176842155181
98
1
10
34.90568961886538
20
22.81183545379326
450
0
451
0
460
0
461
0
452
1
462
1
453
2
463
0
63
5
421
255
463
1
63
7
421
16777215
470
LINEAR
1001
ACAD
1010
0
1020
0
1030
0
0
HATCH
5
a2f
100
AcDbEntity
8
Document
100
AcDbHatch
10
0
20
0
30
0
210
0
220
0
230
1
2
SOLID
70
1
71
0
91
1
92
7
72
0
73
1
93
4
10
16.433248666497335
20
9.301524003048007
10
17.083235966471936
20
9.301524003048007
10
17.083235966471936
20
10.701574803149608
10
16.433248666497335
20
10.701574803149608
97
1
330

75
0
76
1
47
0.4128176842155181
98
1
10
34.90568961886538
20
22.81183545379326
450
0
451
0
460
0
461
0
452
1
462
1
453
2
463
0
63
5
421
255
463
1
63
7
421
16777215
470
LINEAR
1001
ACAD
1010
0
1020
0
1030
0
0
HATCH
5
a31
100
AcDbEntity
8
Document
100
AcDbHatch
10
0
20
0
30
0
210
0
220
0
230
1
2
SOLID
70
1
71
0
91
1
92
7
72
0
73
1
93
4
10
17.300152400304803
20
9.4998983997968
10
17.699949199898402
20
9.4998983997968
10
17.699949199898402
20
10.500152400304803
10
17.300152400304803
20
10.500152400304803
97
1
330

75
0
76
1
47
0.4128176842155181
98
1
10
34.90568961886538
20
22.81183545379326
450
0
451
0
460
0
461
0
452
1
462
1
453
2
463
0
63
5
421
255
463
1
63
7
421
16777215
470
LINEAR
1001
ACAD
1010
0
1020
0
1030
0
0
HATCH
5
a33
100
AcDbEntity
8
Document
100
AcDbHatch
10
0
20
0
30
0
210
0
220
0
230
1
2
SOLID
70
1
71
0
91
1
92
7
72
0
73
1
93
4
10
45.0240538481077
20
3.1540767081534167
10
44.51605283210567
20
3.1540767081534167
10
44.51605283210567
20
2.646075692151385
10
45.0240538481077
20
2.646075692151385
97
1
330

75
0
76
1
47
0.4128176842155181
98
1
10
34.90568961886538
20
22.81183545379326
450
0
451
0
460
0
461
0
452
1
462
1
453
2
463
0
63
5
421
255
463
1
63
7
421
16777215
470
LINEAR
1001
ACAD
1010
0
1020
0
1030
0
0
HATCH
5
a35
100
AcDbEntity
8
Document
100
AcDbHatch
10
0
20
0
30
0
210
0
220
0
230
1
2
SOLID
70
1
71
0
91
1
92
7
72
0
73
1
93
4
10
41.97604775209551
20
2.646075692151385
10
42.48404876809754
20
2.646075692151385
10
42.48404876809754
20
3.1540767081534167
10
41.97604775209551
20
3.1540767081534167
97
1
330

75
0
76
1
47
0.4128176842155181
98
1
10
34.90568961886538
20
22.81183545379326
450
0
451
0
460
0
461
0
452
1
462
1
453
2
463
0
63
5
421
255
463
1
63
7
421
16777215
470
LINEAR
1001
ACAD
1010
0
1020
0
1030
0
0
HATCH
5
a37
100
AcDbEntity
8
Document
100
AcDbHatch
10
0
20
0
30
0
210
0
220
0
230
1
2
SOLID
70
1
71
0
91
1
92
7
72
0
73
1
93
4
10
41.71602743205487
20
15.354102108204218
10
41.71602743205487
20
14.846101092202186
10
42.2240284480569
20
14.846101092202186
10
42.2240284480569
20
15.354102108204218
97
1
330

75
0
76
1
47
0.4128176842155181
98
1
10
34.90568961886538
20
22.81183545379326
450
0
451
0
460
0
461
0
452
1
462
1
453
2
463
0
63
5
421
255
463
1
63
7
421
16777215
470
LINEAR
1001
ACAD
1010
0
1020
0
1030
0
0
HATCH
5
a39
100
AcDbEntity
8
Document
100
AcDbHatch
10
0
20
0
30
0
210
0
220
0
230
1
2
SOLID
70
1
71
0
91
1
92
7
72
0
73
1
93
4
10
39.684023368046745
20
15.354102108204218
10
39.17602235204471
20
15.354102108204218
10
39.17602235204471
20
14.846101092202186
10
39.684023368046745
20
14.846101092202186
97
1
330

75
0
76
1
47
0.4128176842155181
98
1
10
34.90568961886538
20
22.81183545379326
450
0
451
0
460
0
461
0
452
1
462
1
453
2
463
0
63
5
421
255
463
1
63
7
421
16777215
470
LINEAR
1001
ACAD
1010
0
1020
0
1030
0
0
HATCH
5
a3b
100
AcDbEntity
8
Document
100
AcDbHatch
10
0
20
0
30
0
210
0
220
0
230
1
2
SOLID
70
1
71
0
91
1
92
7
72
0
73
1
93
4
10
44.76403352806706
20
15.354102108204218
10
44.25603251206503
20
15.354102108204218
10
44.25603251206503
20
14.846101092202186
10
44.76403352806706
20
14.846101092202186
97
1
330

75
0
76
1
47
0.4128176842155181
98
1
10
34.90568961886538
20
22.81183545379326
450
0
451
0
460
0
461
0
452
1
462
1
453
2
463
0
63
5
421
255
463
1
63
7
421
16777215
470
LINEAR
1001
ACAD
1010
0
1020
0
1030
0
0
HATCH
5
a3d
100
AcDbEntity
8
Document
100
AcDbHatch
10
0
20
0
30
0
210
0
220
0
230
1
2
SOLID
70
1
71
0
91
1
92
7
72
0
73
1
93
4
10
47.30378460756922
20
15.354102108204218
10
46.79603759207519
20
15.354102108204218
10
46.79603759207519
20
14.846101092202186
10
47.30378460756922
20
14.846101092202186
97
1
330

75
0
76
1
47
0.4128176842155181
98
1
10
34.90568961886538
20
22.81183545379326
450
0
451
0
460
0
461
0
452
1
462
1
453
2
463
0
63
5
421
255
463
1
63
7
421
16777215
470
LINEAR
1001
ACAD
1010
0
1020
0
1030
0
0
HATCH
5
a3f
100
AcDbEntity
8
Document
100
AcDbHatch
10
0
20
0
30
0
210
0
220
0
230
1
2
SOLID
70
1
71
0
91
1
92
7
72
0
73
1
93
4
10
25.86385572771146
20
5.354102108204217
10
25.355854711709426
20
5.354102108204217
10
25.355854711709426
20
4.846101092202185
10
25.86385572771146
20
4.846101092202185
97
1
330

75
0
76
1
47
0.4128176842155181
98
1
10
34.90568961886538
20
22.81183545379326
450
0
451
0
460
0
461
0
452
1
462
1
453
2
463
0
63
5
421
255
463
1
63
7
421
16777215
470
LINEAR
1001
ACAD
1010
0
1020
0
1030
0
0
HATCH
5
a41
100
AcDbEntity
8
Document
100
AcDbHatch
10
0
20
0
30
0
210
0
220
0
230
1
2
SOLID
70
1
71
0
91
1
92
7
72
0
73
1
93
4
10
25.86385572771146
20
7.894107188214377
10
25.355854711709426
20
7.894107188214377
10
25.355854711709426
20
7.3861061722123456
10
25.86385572771146
20
7.3861061722123456
97
1
330

75
0
76
1
47
0.4128176842155181
98
1
10
34.90568961886538
20
22.81183545379326
450
0
451
0
460
0
461
0
452
1
462
1
453
2
463
0
63
5
421
255
463
1
63
7
421
16777215
470
LINEAR
1001
ACAD
1010
0
1020
0
1030
0
0
HATCH
5
a43
100
AcDbEntity
8
Document
100
AcDbHatch
10
0
20
0
30
0
210
0
220
0
230
1
2
SOLID
70
1
71
0
91
1
92
7
72
0
73
1
93
4
10
25.86385572771146
20
10.434112268224537
10
25.355854711709426
20
10.434112268224537
10
25.355854711709426
20
9.926111252222505
10
25.86385572771146
20
9.926111252222505
97
1
330

75
0
76
1
47
0.4128176842155181
98
1
10
34.90568961886538
20
22.81183545379326
450
0
451
0
460
0
461
0
452
1
462
1
453
2
463
0
63
5
421
255
463
1
63
7
421
16777215
470
LINEAR
1001
ACAD
1010
0
1020
0
1030
0
0
HATCH
5
a45
100
AcDbEntity
8
Document
100
AcDbHatch
10
0
20
0
30
0
210
0
220
0
230
1
2
SOLID
70
1
71
0
91
1
92
7
72
0
73
1
93
4
10
25.86385572771146
20
12.974117348234698
10
25.355854711709426
20
12.974117348234698
10
25.355854711709426
20
12.466116332232666
10
25.86385572771146
20
12.466116332232666
97
1
330

75
0
76
1
47
0.4128176842155181
98
1
10
34.90568961886538
20
22.81183545379326
450
0
451
0
460
0
461
0
452
1
462
1
453
2
463
0
63
5
421
255
463
1
63
7
421
16777215
470
LINEAR
1001
ACAD
1010
0
1020
0
1030
0
0
HATCH
5
a47
100
AcDbEntity
8
Document
100
AcDbHatch
10
0
20
0
30
0
210
0
220
0
230
1
2
SOLID
70
1
71
0
91
1
92
7
72
0
73
1
93
4
10
60.046355092710186
20
10.056134112268227
10
60.55435610871222
20
10.056134112268227
10
60.55435610871222
20
10.564135128270259
10
60.046355092710186
20
10.564135128270259
97
1
330

75
0
76
1
47
0.4128176842155181
98
1
10
34.90568961886538
20
22.81183545379326
450
0
451
0
460
0
461
0
452
1
462
1
453
2
463
0
63
5
421
255
463
1
63
7
421
16777215
470
LINEAR
1001
ACAD
1010
0
1020
0
1030
0
0
HATCH
5
a49
100
AcDbEntity
8
Document
100
AcDbHatch
10
0
20
0
30
0
210
0
220
0
230
1
2
SOLID
70
1
71
0
91
1
92
7
72
0
73
1
93
4
10
60.046355092710186
20
15.644145288290579
10
60.046355092710186
20
15.136144272288547
10
60.55435610871222
20
15.136144272288547
10
60.55435610871222
20
15.644145288290579
97
1
330

75
0
76
1
47
0.4128176842155181
98
1
10
34.90568961886538
20
22.81183545379326
450
0
451
0
460
0
461
0
452
1
462
1
453
2
463
0
63
5
421
255
463
1
63
7
421
16777215
470
LINEAR
1001
ACAD
1010
0
1020
0
1030
0
0
HATCH
5
a4b
100
AcDbEntity
8
Document
100
AcDbHatch
10
0
20
0
30
0
210
0
220
0
230
1
2
SOLID
70
1
71
0
91
1
92
7
72
0
73
1
93
4
10
60.046355092710186
20
7.516129032258066
10
60.55435610871222
20
7.516129032258066
10
60.55435610871222
20
8.024130048260098
10
60.046355092710186
20
8.024130048260098
97
1
330

75
0
76
1
47
0.4128176842155181
98
1
10
34.90568961886538
20
22.81183545379326
450
0
451
0
460
0
461
0
452
1
462
1
453
2
463
0
63
5
421
255
463
1
63
7
421
16777215
470
LINEAR
1001
ACAD
1010
0
1020
0
1030
0
0
HATCH
5
a4d
100
AcDbEntity
8
Document
100
AcDbHatch
10
0
20
0
30
0
210
0
220
0
230
1
2
SOLID
70
1
71
0
91
1
92
7
72
0
73
1
93
4
10
60.046355092710186
20
4.976123952247906
10
60.55435610871222
20
4.976123952247906
10
60.55435610871222
20
5.484124968249938
10
60.046355092710186
20
5.484124968249938
97
1
330

75
0
76
1
47
0.4128176842155181
98
1
10
34.90568961886538
20
22.81183545379326
450
0
451
0
460
0
461
0
452
1
462
1
453
2
463
0
63
5
421
255
463
1
63
7
421
16777215
470
LINEAR
1001
ACAD
1010
0
1020
0
1030
0
0
HATCH
5
a4f
100
AcDbEntity
8
Document
100
AcDbHatch
10
0
20
0
30
0
210
0
220
0
230
1
2
SOLID
70
1
71
0
91
1
92
7
72
0
73
1
93
4
10
60.046355092710186
20
2.4361188722377447
10
60.55435610871222
20
2.4361188722377447
10
60.55435610871222
20
2.9441198882397766
10
60.046355092710186
20
2.9441198882397766
97
1
330

75
0
76
1
47
0.4128176842155181
98
1
10
34.90568961886538
20
22.81183545379326
450
0
451
0
460
0
461
0
452
1
462
1
453
2
463
0
63
5
421
255
463
1
63
7
421
16777215
470
LINEAR
1001
ACAD
1010
0
1020
0
1030
0
0
HATCH
5
a51
100
AcDbEntity
8
Document
100
AcDbHatch
10
0
20
0
30
0
210
0
220
0
230
1
2
SOLID
70
1
71
0
91
1
92
7
72
0
73
1
93
4
10
55.21590043180087
20
15.746024892049785
10
55.7239014478029
20
15.746024892049785
10
55.7239014478029
20
16.25402590805182
10
55.21590043180087
20
16.25402590805182
97
1
330

75
0
76
1
47
0.4128176842155181
98
1
10
34.90568961886538
20
22.81183545379326
450
0
451
0
460
0
461
0
452
1
462
1
453
2
463
0
63
5
421
255
463
1
63
7
421
16777215
470
LINEAR
1001
ACAD
1010
0
1020
0
1030
0
0
HATCH
5
a53
100
AcDbEntity
8
Document
100
AcDbHatch
10
0
20
0
30
0
210
0
220
0
230
1
2
SOLID
70
1
71
0
91
1
92
7
72
0
73
1
93
4
10
55.21590043180087
20
1.7460248920497845
10
55.7239014478029
20
1.7460248920497845
10
55.7239014478029
20
2.2540259080518164
10
55.21590043180087
20
2.2540259080518164
97
1
330

75
0
76
1
47
0.4128176842155181
98
1
10
34.90568961886538
20
22.81183545379326
450
0
451
0
460
0
461
0
452
1
462
1
453
2
463
0
63
5
421
255
463
1
63
7
421
16777215
470
LINEAR
1001
ACAD
1010
0
1020
0
1030
0
0
HATCH
5
a55
100
AcDbEntity
8
Document
100
AcDbHatch
10
0
20
0
30
0
210
0
220
0
230
1
2
SOLID
70
1
71
0
91
1
92
7
72
0
73
1
93
4
10
52.675895351790714
20
1.7460248920497845
10
53.18389636779274
20
1.7460248920497845
10
53.18389636779274
20
2.2540259080518164
10
52.675895351790714
20
2.2540259080518164
97
1
330

75
0
76
1
47
0.4128176842155181
98
1
10
34.90568961886538
20
22.81183545379326
450
0
451
0
460
0
461
0
452
1
462
1
453
2
463
0
63
5
421
255
463
1
63
7
421
16777215
470
LINEAR
1001
ACAD
1010
0
1020
0
1030
0
0
HATCH
5
a57
100
AcDbEntity
8
Document
100
AcDbHatch
10
0
20
0
30
0
210
0
220
0
230
1
2
SOLID
70
1
71
0
91
1
92
7
72
0
73
1
93
4
10
52.675895351790714
20
15.746024892049785
10
53.18389636779274
20
15.746024892049785
10
53.18389636779274
20
16.25402590805182
10
52.675895351790714
20
16.25402590805182
97
1
330

75
0
76
1
47
0.4128176842155181
98
1
10
34.90568961886538
20
22.81183545379326
450
0
451
0
460
0
461
0
452
1
462
1
453
2
463
0
63
5
421
255
463
1
63
7
421
16777215
470
LINEAR
1001
ACAD
1010
0
1020
0
1030
0
0
HATCH
5
a59
100
AcDbEntity
8
Document
100
AcDbHatch
10
0
20
0
30
0
210
0
220
0
230
1
2
SOLID
70
1
71
0
91
1
92
7
72
0
73
1
93
4
10
47.56405892811786
20
3.1542037084074175
10
47.056057912115826
20
3.1542037084074175
10
47.056057912115826
20
2.646202692405385
10
47.56405892811786
20
2.646202692405385
97
1
330

75
0
76
1
47
0.4128176842155181
98
1
10
34.90568961886538
20
22.81183545379326
450
0
451
0
460
0
461
0
452
1
462
1
453
2
463
0
63
5
421
255
463
1
63
7
421
16777215
470
LINEAR
1001
ACAD
1010
0
1020
0
1030
0
0
HATCH
5
a5b
100
AcDbEntity
8
Document
100
AcDbHatch
10
0
20
0
30
0
210
0
220
0
230
1
2
SOLID
70
1
71
0
91
1
92
7
72
0
73
1
93
4
10
50.10406400812802
20
3.1540767081534167
10
49.59606299212599
20
3.1540767081534167
10
49.59606299212599
20
2.646075692151385
10
50.10406400812802
20
2.646075692151385
97
1
330

75
0
76
1
47
0.4128176842155181
98
1
10
34.90568961886538
20
22.81183545379326
450
0
451
0
460
0
461
0
452
1
462
1
453
2
463
0
63
5
421
255
463
1
63
7
421
16777215
470
LINEAR
1001
ACAD
1010
0
1020
0
1030
0
  0
ENDSEC
  0
SECTION
  2
OBJECTS
  0
DICTIONARY
  5
C
330
0
100
AcDbDictionary
281
     1
  3
ACAD_CIP_PREVIOUS_PRODUCT_INFO
350
216
  3
ACAD_COLOR
350
6B
  3
ACAD_DETAILVIEWSTYLE
350
21B
  3
ACAD_GROUP
350
D
  3
ACAD_LAYOUT
350
1A
  3
ACAD_MATERIAL
350
6A
  3
ACAD_MLEADERSTYLE
350
12D
  3
ACAD_MLINESTYLE
350
17
  3
ACAD_PLOTSETTINGS
350
19
  3
ACAD_PLOTSTYLENAME
350
E
  3
ACAD_SCALELIST
350
10C
  3
ACAD_SECTIONVIEWSTYLE
350
219
  3
ACAD_TABLESTYLE
350
7E
  3
ACAD_VISUALSTYLE
350
EF
  3
ACDB_RECOMPOSE_DATA
350
27D
  3
AcDbVariableDictionary
350
5E
  3
AcDsDecomposeData
350
283
  0
DICTIONARY
  5
1FF
330
2
100
AcDbDictionary
280
     1
281
     1
  3
ACAD_LAYERSTATES
360
200
  0
DICTIONARY
  5
13C
330
10
100
AcDbDictionary
280
     1
281
     1
  0
DICTIONARY
  5
1CE
330
1F
100
AcDbDictionary
280
     1
281
     1
  0
XRECORD
  5
216
102
{ACAD_REACTORS
330
C
102
}
330
C
100
AcDbXrecord
280
     1
300
ACD
300
2017
300
ACD_F_S
  0
DICTIONARY
  5
6B
102
{ACAD_REACTORS
330
C
102
}
330
C
100
AcDbDictionary
281
     1
  0
DICTIONARY
  5
21B
102
{ACAD_REACTORS
330
C
102
}
330
C
100
AcDbDictionary
281
     1
  3
Metric50
350
21C
  0
DICTIONARY
  5
D
102
{ACAD_REACTORS
330
C
102
}
330
C
100
AcDbDictionary
281
     1
  0
DICTIONARY
  5
1A
102
{ACAD_REACTORS
330
C
102
}
330
C
100
AcDbDictionary
281
     1
  3
Model
350
22
  3
布局1
350
D3
  3
布局2
350
D7
  0
DICTIONARY
  5
6A
102
{ACAD_REACTORS
330
C
102
}
330
C
100
AcDbDictionary
281
     1
  3
ByBlock
350
ED
  3
ByLayer
350
EC
  3
Global
350
EE
  0
DICTIONARY
  5
12D
102
{ACAD_REACTORS
330
C
102
}
330
C
100
AcDbDictionary
281
     1
  3
Annotative
350
13B
  3
Standard
350
12E
  0
DICTIONARY
  5
17
102
{ACAD_REACTORS
330
C
102
}
330
C
100
AcDbDictionary
281
     1
  3
Standard
350
18
  0
DICTIONARY
  5
19
102
{ACAD_REACTORS
330
C
102
}
330
C
100
AcDbDictionary
281
     1
  0
ACDBDICTIONARYWDFLT
  5
E
102
{ACAD_REACTORS
330
C
102
}
330
C
100
AcDbDictionary
281
     1
  3
Normal
350
F
100
AcDbDictionaryWithDefault
340
F
  0
DICTIONARY
  5
10C
102
{ACAD_REACTORS
330
C
102
}
330
C
100
AcDbDictionary
281
     1
  3
A0
350
10D
  3
A1
350
1BE
  3
A2
350
1BF
  3
A3
350
1C0
  3
A4
350
1C1
  3
A5
350
1C2
  3
A6
350
1C3
  3
A7
350
1C4
  3
A8
350
1C5
  3
A9
350
1C6
  3
B0
350
1C7
  3
B1
350
1C8
  3
B2
350
1C9
  3
B3
350
1CA
  3
B4
350
1CB
  3
B5
350
1CC
  3
B6
350
1CD
  0
DICTIONARY
  5
219
102
{ACAD_REACTORS
330
C
102
}
330
C
100
AcDbDictionary
281
     1
  3
Metric50
350
21A
  0
DICTIONARY
  5
7E
102
{ACAD_REACTORS
330
C
102
}
330
C
100
AcDbDictionary
281
     1
  3
Standard
350
7F
  0
DICTIONARY
  5
EF
102
{ACAD_REACTORS
330
C
102
}
330
C
100
AcDbDictionary
281
     1
  3
2dWireframe
350
F5
  3
Basic
350
F4
  3
Brighten
350
FB
  3
ColorChange
350
FF
  3
Conceptual
350
F8
  3
Dim
350
FA
  3
EdgeColorOff
350
1E6
  3
Facepattern
350
FE
  3
Flat
350
F0
  3
FlatWithEdges
350
F1
  3
Gouraud
350
F2
  3
GouraudWithEdges
350
F3
  3
Hidden
350
F7
  3
JitterOff
350
1E4
  3
Linepattern
350
FD
  3
OverhangOff
350
1E5
  3
Realistic
350
F9
  3
Shaded
350
1F3
  3
Shaded with edges
350
1F2
  3
Shades of Gray
350
1EF
  3
Sketchy
350
1F0
  3
Thicken
350
FC
  3
Wireframe
350
F6
  3
X-Ray
350
1F1
  0
XRECORD
  5
27D
102
{ACAD_REACTORS
330
C
102
}
330
C
100
AcDbXrecord
280
     1
 90
        1
330
7F
  0
DICTIONARY
  5
5E
102
{ACAD_REACTORS
330
C
102
}
330
C
100
AcDbDictionary
281
     1
  3
CANNOSCALE
350
146
  3
CENTEREXE
350
259
  3
CENTERLTYPEFILE
350
25A
  3
CMLEADERSTYLE
350
145
  3
CTABLESTYLE
350
84
  3
CVIEWDETAILSTYLE
350
227
  3
CVIEWSECTIONSTYLE
350
228
  3
DIMASSOC
350
5F
  3
HIDETEXT
350
63
  3
LAYEREVAL
350
1AE
  3
LAYERNOTIFY
350
1AF
  3
XCLIPFRAME
350
27B
  0
DICTIONARY
  5
283
102
{ACAD_REACTORS
330
C
102
}
330
C
100
AcDbDictionary
281
     1
  3
AcDsRecords
350
285
  3
AcDsSchemas
350
284
1001
ACAD
1070
     2
  0
DICTIONARY
  5
200
102
{ACAD_REACTORS
330
1FF
102
}
330
1FF
100
AcDbDictionary
281
     1
  0
ACDBDETAILVIEWSTYLE
  5
21C
102
{ACAD_XDICTIONARY
360
236
102
}
102
{ACAD_REACTORS
330
21B
102
}
330
21B
100
AcDbModelDocViewStyle
 70
     0
  3
Metric50
290
     0
100
AcDbDetailViewStyle
 70
     0
 71
     0
 90
        3
 71
     1
340
11
 62
   256
 40
5.0
340
0
 62
   256
 40
5.0
300

 40
0.0
280
     1
 71
     2
340
16
 90
       25
 62
   256
 71
     3
340
11
 62
   256
 40
5.0
 90
        0
 40
15.0
 90
        1
300
%<AcVar ViewDetailId>% (%<AcVar ViewScale  "%sn">%)
 71
     4
340
16
 90
       25
 62
   256
340
16
 90
       25
 62
   256
280
     0
  0
LAYOUT
  5
22
102
{ACAD_XDICTIONARY
360
205
102
}
102
{ACAD_REACTORS
330
1A
102
}
330
1A
100
AcDbPlotSettings
  1

  2
none_device
  4
ISO_A4_(210.00_x_297.00_MM)
  6

 40
7.5
 41
20.0
 42
7.5
 43
20.0
 44
210.0
 45
297.0
 46
11.54999923706054
 47
-13.65000009536743
 48
0.0
 49
0.0
140
0.0
141
0.0
142
1.0
143
8.704084754739808
 70
 11952
 72
     1
 73
     0
 74
     0
  7

 75
     0
147
0.1148885871608098
 76
     0
 77
     2
 78
   300
148
0.0
149
0.0
100
AcDbLayout
  1
Model
 70
     1
 71
     0
 10
0.0
 20
0.0
 11
12.0
 21
9.0
 12
0.0
 22
0.0
 32
0.0
 14
0.0
 24
0.0
 34
0.0
 15
0.0
 25
0.0
 35
0.0
146
0.0
 13
0.0
 23
0.0
 33
0.0
 16
1.0
 26
0.0
 36
0.0
 17
0.0
 27
1.0
 37
0.0
 76
     0
330
1F
331
EA
1001
ACAD_PSEXT
1000
None
1000
None
1000
Not applicable
1000
The layout will not be plotted unless a new plotter configuration name is selected.
1070
     0
  0
LAYOUT
  5
D3
102
{ACAD_REACTORS
330
1A
102
}
330
1A
100
AcDbPlotSettings
  1

  2
C:Documents and SettingsasasApplication DataAutodeskAutoCAD 2005R16.1enuplottersDefault Windows System Printer.pc3
  4

  6

 40
0.0
 41
0.0
 42
0.0
 43
0.0
 44
0.0
 45
0.0
 46
0.0
 47
0.0
 48
0.0
 49
0.0
140
0.0
141
0.0
142
1.0
143
1.0
 70
   688
 72
     0
 73
     0
 74
     5
  7

 75
    16
147
1.0
 76
     0
 77
     2
 78
   300
148
0.0
149
0.0
100
AcDbLayout
  1
布局1
 70
     1
 71
     1
 10
0.0
 20
0.0
 11
12.0
 21
9.0
 12
0.0
 22
0.0
 32
0.0
 14
0.0
 24
0.0
 34
0.0
 15
0.0
 25
0.0
 35
0.0
146
0.0
 13
0.0
 23
0.0
 33
0.0
 16
1.0
 26
0.0
 36
0.0
 17
0.0
 27
1.0
 37
0.0
 76
     0
330
D2
  0
LAYOUT
  5
D7
102
{ACAD_REACTORS
330
1A
102
}
330
1A
100
AcDbPlotSettings
  1

  2
C:Documents and SettingsasasApplication DataAutodeskAutoCAD 2005R16.1enuplottersDefault Windows System Printer.pc3
  4

  6

 40
0.0
 41
0.0
 42
0.0
 43
0.0
 44
0.0
 45
0.0
 46
0.0
 47
0.0
 48
0.0
 49
0.0
140
0.0
141
0.0
142
1.0
143
1.0
 70
   688
 72
     0
 73
     0
 74
     5
  7

 75
    16
147
1.0
 76
     0
 77
     2
 78
   300
148
0.0
149
0.0
100
AcDbLayout
  1
布局2
 70
     1
 71
     2
 10
0.0
 20
0.0
 11
12.0
 21
9.0
 12
0.0
 22
0.0
 32
0.0
 14
0.0
 24
0.0
 34
0.0
 15
0.0
 25
0.0
 35
0.0
146
0.0
 13
0.0
 23
0.0
 33
0.0
 16
1.0
 26
0.0
 36
0.0
 17
0.0
 27
1.0
 37
0.0
 76
     0
330
D6
  0
MATERIAL
  5
ED
102
{ACAD_XDICTIONARY
360
1F9
102
}
102
{ACAD_REACTORS
330
6A
102
}
330
6A
100
AcDbMaterial
  1
ByBlock
 94
       63
  0
MATERIAL
  5
EC
102
{ACAD_XDICTIONARY
360
1F7
102
}
102
{ACAD_REACTORS
330
6A
102
}
330
6A
100
AcDbMaterial
  1
ByLayer
 94
       63
  0
MATERIAL
  5
EE
102
{ACAD_XDICTIONARY
360
173
102
}
102
{ACAD_REACTORS
330
6A
102
}
330
6A
100
AcDbMaterial
  1
Global
 43
0.0007999999797903
 43
0.0
 43
0.0
 43
0.0
 43
0.0
 43
0.0007999999797903
 43
0.0
 43
0.0
 43
0.0
 43
0.0
 43
1.0
 43
0.0
 43
0.0
 43
0.0
 43
0.0
 43
1.0
 49
0.0007999999797903
 49
0.0
 49
0.0
 49
0.0
 49
0.0
 49
0.0007999999797903
 49
0.0
 49
0.0
 49
0.0
 49
0.0
 49
1.0
 49
0.0
 49
0.0
 49
0.0
 49
0.0
 49
1.0
142
0.0007999999797903
142
0.0
142
0.0
142
0.0
142
0.0
142
0.0007999999797903
142
0.0
142
0.0
142
0.0
142
0.0
142
1.0
142
0.0
142
0.0
142
0.0
142
0.0
142
1.0
144
0.0007999999797903
144
0.0
144
0.0
144
0.0
144
0.0
144
0.0007999999797903
144
0.0
144
0.0
144
0.0
144
0.0
144
1.0
144
0.0
144
0.0
144
0.0
144
0.0
144
1.0
 94
       63
1001
ACAD
1070
    -1
1070
     3
1070
     0
1000

1071
        0
1070
     0
  0
MLEADERSTYLE
  5
13B
102
{ACAD_REACTORS
330
12D
102
}
330
12D
100
AcDbMLeaderStyle
170
     2
171
     1
172
     0
 90
        2
 40
0.0
 41
0.0
173
     1
 91
-1056964608
340
14
 92
       -2
290
     1
 42
2.0
291
     1
 43
8.0
  3
Standard
 44
4.0
300

342
11
174
     1
178
     1
175
     1
176
     0
 93
-1056964608
 45
4.0
292
     0
297
     0
 46
4.0
 94
-1056964608
 47
1.0
 49
1.0
140
1.0
293
     1
141
0.0
294
     1
177
     0
142
1.0
295
     0
296
     1
143
3.75
1001
ACAD_MLEADERVER
1070
     2
  0
MLEADERSTYLE
  5
12E
102
{ACAD_REACTORS
330
12D
102
}
330
12D
100
AcDbMLeaderStyle
170
     2
171
     1
172
     0
 90
        2
 40
0.0
 41
0.0
173
     1
 91
-1056964608
340
14
 92
       -2
290
     1
 42
2.0
291
     1
 43
8.0
  3
Standard
 44
4.0
300

342
11
174
     1
178
     1
175
     1
176
     0
 93
-1056964608
 45
4.0
292
     0
297
     0
 46
4.0
 94
-1056964608
 47
1.0
 49
1.0
140
1.0
293
     1
141
0.0
294
     1
177
     0
142
1.0
295
     0
296
     0
143
3.75
1001
ACAD_MLEADERVER
1070
     2
  0
MLINESTYLE
  5
18
102
{ACAD_REACTORS
330
17
102
}
330
17
100
AcDbMlineStyle
  2
STANDARD
 70
     0
  3

 62
   256
 51
90.0
 52
90.0
 71
     2
 49
0.5
 62
   256
  6
BYLAYER
 49
-0.5
 62
   256
  6
BYLAYER
  0
ACDBPLACEHOLDER
  5
F
102
{ACAD_REACTORS
330
E
102
}
330
E
  0
SCALE
  5
10D
102
{ACAD_REACTORS
330
10C
102
}
330
10C
100
AcDbScale
 70
     0
300
1:1
140
1.0
141
1.0
290
     1
  0
SCALE
  5
1BE
102
{ACAD_REACTORS
330
10C
102
}
330
10C
100
AcDbScale
 70
     0
300
1:2
140
1.0
141
2.0
290
     0
  0
SCALE
  5
1BF
102
{ACAD_REACTORS
330
10C
102
}
330
10C
100
AcDbScale
 70
     0
300
1:4
140
1.0
141
4.0
290
     0
  0
SCALE
  5
1C0
102
{ACAD_REACTORS
330
10C
102
}
330
10C
100
AcDbScale
 70
     0
300
1:5
140
1.0
141
5.0
290
     0
  0
SCALE
  5
1C1
102
{ACAD_REACTORS
330
10C
102
}
330
10C
100
AcDbScale
 70
     0
300
1:8
140
1.0
141
8.0
290
     0
  0
SCALE
  5
1C2
102
{ACAD_REACTORS
330
10C
102
}
330
10C
100
AcDbScale
 70
     0
300
1:10
140
1.0
141
10.0
290
     0
  0
SCALE
  5
1C3
102
{ACAD_REACTORS
330
10C
102
}
330
10C
100
AcDbScale
 70
     0
300
1:16
140
1.0
141
16.0
290
     0
  0
SCALE
  5
1C4
102
{ACAD_REACTORS
330
10C
102
}
330
10C
100
AcDbScale
 70
     0
300
1:20
140
1.0
141
20.0
290
     0
  0
SCALE
  5
1C5
102
{ACAD_REACTORS
330
10C
102
}
330
10C
100
AcDbScale
 70
     0
300
1:30
140
1.0
141
30.0
290
     0
  0
SCALE
  5
1C6
102
{ACAD_REACTORS
330
10C
102
}
330
10C
100
AcDbScale
 70
     0
300
1:40
140
1.0
141
40.0
290
     0
  0
SCALE
  5
1C7
102
{ACAD_REACTORS
330
10C
102
}
330
10C
100
AcDbScale
 70
     0
300
1:50
140
1.0
141
50.0
290
     0
  0
SCALE
  5
1C8
102
{ACAD_REACTORS
330
10C
102
}
330
10C
100
AcDbScale
 70
     0
300
1:100
140
1.0
141
100.0
290
     0
  0
SCALE
  5
1C9
102
{ACAD_REACTORS
330
10C
102
}
330
10C
100
AcDbScale
 70
     0
300
2:1
140
2.0
141
1.0
290
     0
  0
SCALE
  5
1CA
102
{ACAD_REACTORS
330
10C
102
}
330
10C
100
AcDbScale
 70
     0
300
4:1
140
4.0
141
1.0
290
     0
  0
SCALE
  5
1CB
102
{ACAD_REACTORS
330
10C
102
}
330
10C
100
AcDbScale
 70
     0
300
8:1
140
8.0
141
1.0
290
     0
  0
SCALE
  5
1CC
102
{ACAD_REACTORS
330
10C
102
}
330
10C
100
AcDbScale
 70
     0
300
10:1
140
10.0
141
1.0
290
     0
  0
SCALE
  5
1CD
102
{ACAD_REACTORS
330
10C
102
}
330
10C
100
AcDbScale
 70
     0
300
100:1
140
100.0
141
1.0
290
     0
  0
ACDBSECTIONVIEWSTYLE
  5
21A
102
{ACAD_XDICTIONARY
360
234
102
}
102
{ACAD_REACTORS
330
219
102
}
330
219
100
AcDbModelDocViewStyle
 70
     0
  3
Metric50
290
     0
100
AcDbSectionViewStyle
 70
     0
 71
     0
 90
      102
 71
     1
340
11
 62
   256
 40
5.0
340
0
340
0
 62
   256
 40
5.0
300
I, O, Q, S, X, Z
 40
10.0
 90
        0
 40
2.5
 90
        0
 71
     2
340
16
 90
       25
 62
   256
340
16
 90
       50
 62
   256
 40
5.0
 40
2.5
 40
5.0
 71
     3
340
11
 62
   256
 40
5.0
 90
        0
 40
15.0
 90
        1
300
%<AcVar ViewSectionStartId>%-%<AcVar ViewSectionEndId>% (%<AcVar ViewScale  "%sn">%)
 71
     4
 62
   256
 62
   257
300
ANSI31
 40
1.0
 90
        0
290
     0
290
     0
 90
        6
 40
0.0
 40
1.570796326794896
 40
0.2617993877991494
 40
1.308996938995747
 40
-0.2617993877991494
 40
1.832595714594046
  0
TABLESTYLE
  5
7F
102
{ACAD_XDICTIONARY
360
162
102
}
102
{ACAD_REACTORS
330
7E
102
}
330
7E
100
AcDbTableStyle
  3
Standard
 70
     0
 71
     0
 40
1.5
 41
1.5
280
     0
281
     0
  7
Standard
140
4.5
170
     2
 62
     0
 63
     7
283
     0
 90
      512
 91
        0
  1

274
    -2
284
     1
 64
     0
275
    -2
285
     1
 65
     0
276
    -2
286
     1
 66
     0
277
    -2
287
     1
 67
     0
278
    -2
288
     1
 68
     0
279
    -2
289
     1
 69
     0
  7
Standard
140
6.0
170
     5
 62
     0
 63
     7
283
     0
 90
      512
 91
        0
  1

274
    -2
284
     1
 64
     0
275
    -2
285
     1
 65
     0
276
    -2
286
     1
 66
     0
277
    -2
287
     1
 67
     0
278
    -2
288
     1
 68
     0
279
    -2
289
     1
 69
     0
  7
Standard
140
4.5
170
     5
 62
     0
 63
     7
283
     0
 90
      512
 91
        0
  1

274
    -2
284
     1
 64
     0
275
    -2
285
     1
 65
     0
276
    -2
286
     1
 66
     0
277
    -2
287
     1
 67
     0
278
    -2
288
     1
 68
     0
279
    -2
289
     1
 69
     0
  0
VISUALSTYLE
  5
F5
102
{ACAD_XDICTIONARY
360
290
102
}
102
{ACAD_REACTORS
330
EF
102
}
330
EF
100
AcDbVisualStyle
  2
2dWireframe
 70
     4
 71
     0
 72
     2
 73
     1
 90
        0
 40
-0.6
 41
-30.0
 62
     5
 63
     7
421
 16777215
 74
     1
 91
        4
 64
     7
 65
   257
 75
     1
175
     1
 42
1.0
 92
        0
 66
   257
 43
1.0
 76
     1
 77
     6
 78
     2
 67
     7
 79
     5
170
     0
171
     0
290
     0
174
     0
 93
        1
 44
0.0
173
     0
291
     0
 45
0.0
1001
ACAD
1000
AcDbSavedByObjectVersion
1070
     0
  0
VISUALSTYLE
  5
F4
102
{ACAD_XDICTIONARY
360
28E
102
}
102
{ACAD_REACTORS
330
EF
102
}
330
EF
100
AcDbVisualStyle
  2
Basic
 70
     7
 71
     1
 72
     0
 73
     1
 90
        0
 40
-0.6
 41
-30.0
 62
     5
 63
     7
421
 16777215
 74
     0
 91
        4
 64
     7
 65
   257
 75
     1
175
     1
 42
1.0
 92
        8
 66
     7
 43
1.0
 76
     1
 77
     6
 78
     2
 67
     7
 79
     5
170
     0
171
     0
290
     0
174
     0
 93
        1
 44
0.0
173
     0
291
     1
 45
0.0
1001
ACAD
1000
AcDbSavedByObjectVersion
1070
     0
  0
VISUALSTYLE
  5
FB
102
{ACAD_XDICTIONARY
360
29C
102
}
102
{ACAD_REACTORS
330
EF
102
}
330
EF
100
AcDbVisualStyle
  2
Brighten
 70
    12
 71
     2
 72
     2
 73
     1
 90
        0
 40
-0.6
 41
-30.0
 62
     5
 63
     7
421
 16777215
 74
     1
 91
        4
 64
     7
 65
   257
 75
     1
175
     1
 42
1.0
 92
        8
 66
     7
 43
1.0
 76
     1
 77
     6
 78
     2
 67
     7
 79
     5
170
     0
171
     0
290
     0
174
     0
 93
        1
 44
50.0
173
     0
291
     1
 45
0.0
1001
ACAD
1000
AcDbSavedByObjectVersion
1070
     0
  0
VISUALSTYLE
  5
FF
102
{ACAD_XDICTIONARY
360
2A4
102
}
102
{ACAD_REACTORS
330
EF
102
}
330
EF
100
AcDbVisualStyle
  2
ColorChange
 70
    16
 71
     2
 72
     2
 73
     3
 90
        0
 40
-0.6
 41
-30.0
 62
     5
 63
     8
421
  8421504
 74
     1
 91
        4
 64
     7
 65
   257
 75
     1
175
     1
 42
1.0
 92
        8
 66
     8
424
  8421504
 43
1.0
 76
     1
 77
     6
 78
     2
 67
     7
 79
     5
170
     0
171
     0
290
     0
174
     0
 93
        1
 44
0.0
173
     0
291
     1
 45
0.0
1001
ACAD
1000
AcDbSavedByObjectVersion
1070
     0
  0
VISUALSTYLE
  5
F8
102
{ACAD_XDICTIONARY
360
296
102
}
102
{ACAD_REACTORS
330
EF
102
}
330
EF
100
AcDbVisualStyle
  2
Conceptual
 70
     9
 71
     3
 72
     2
 73
     1
 90
        0
 40
-0.6
 41
-30.0
 62
     5
 63
     7
421
 16777215
 74
     2
 91
        2
 64
     7
 65
   257
 75
     1
175
     1
 42
40.0
 92
        8
 66
     7
 43
1.0
 76
     1
 77
     6
 78
     2
 67
     7
 79
     3
170
     0
171
     0
290
     0
174
     0
 93
        1
 44
0.0
173
     0
291
     0
 45
0.0
1001
ACAD
1000
AcDbSavedByObjectVersion
1070
     0
  0
VISUALSTYLE
  5
FA
102
{ACAD_XDICTIONARY
360
29A
102
}
102
{ACAD_REACTORS
330
EF
102
}
330
EF
100
AcDbVisualStyle
  2
Dim
 70
    11
 71
     2
 72
     2
 73
     1
 90
        0
 40
-0.6
 41
-30.0
 62
     5
 63
     7
421
 16777215
 74
     1
 91
        4
 64
     7
 65
   257
 75
     1
175
     1
 42
1.0
 92
        8
 66
     7
 43
1.0
 76
     1
 77
     6
 78
     2
 67
     7
 79
     5
170
     0
171
     0
290
     0
174
     0
 93
        1
 44
-50.0
173
     0
291
     1
 45
0.0
1001
ACAD
1000
AcDbSavedByObjectVersion
1070
     0
  0
VISUALSTYLE
  5
1E6
102
{ACAD_XDICTIONARY
360
2AA
102
}
102
{ACAD_REACTORS
330
EF
102
}
330
EF
100
AcDbVisualStyle
  2
EdgeColorOff
 70
    22
 71
     2
 72
     2
 73
     0
 90
        0
 40
-0.6
 41
-30.0
 62
     5
 63
     7
421
 16777215
 74
     1
 91
        4
 64
     7
 65
   257
 75
     1
175
     1
 42
1.0
 92
        8
 66
     7
 43
1.0
 76
     1
 77
     6
 78
     2
 67
     7
 79
     5
170
     0
171
     0
290
     0
174
     0
 93
        1
 44
0.0
173
     0
291
     1
 45
0.0
1001
ACAD
1000
AcDbSavedByObjectVersion
1070
     0
  0
VISUALSTYLE
  5
FE
102
{ACAD_XDICTIONARY
360
2A2
102
}
102
{ACAD_REACTORS
330
EF
102
}
330
EF
100
AcDbVisualStyle
  2
Facepattern
 70
    15
 71
     2
 72
     2
 73
     1
 90
        0
 40
-0.6
 41
-30.0
 62
     5
 63
     7
421
 16777215
 74
     1
 91
        4
 64
     7
 65
   257
 75
     1
175
     1
 42
1.0
 92
        8
 66
     7
 43
1.0
 76
     1
 77
     6
 78
     2
 67
     7
 79
     5
170
     0
171
     0
290
     0
174
     0
 93
        1
 44
0.0
173
     0
291
     1
 45
0.0
1001
ACAD
1000
AcDbSavedByObjectVersion
1070
     0
  0
VISUALSTYLE
  5
F0
102
{ACAD_XDICTIONARY
360
286
102
}
102
{ACAD_REACTORS
330
EF
102
}
330
EF
100
AcDbVisualStyle
  2
Flat
 70
     0
 71
     2
 72
     1
 73
     1
 90
        2
 40
-0.6
 41
30.0
 62
     5
 63
     7
421
 16777215
 74
     0
 91
        0
 64
     7
 65
   257
 75
     1
175
     1
 42
1.0
 92
        8
 66
     7
 43
1.0
 76
     1
 77
     6
 78
     2
 67
     7
 79
     5
170
     0
171
     0
290
     0
174
     0
 93
       13
 44
0.0
173
     0
291
     1
 45
0.0
1001
ACAD
1000
AcDbSavedByObjectVersion
1070
     0
  0
VISUALSTYLE
  5
F1
102
{ACAD_XDICTIONARY
360
288
102
}
102
{ACAD_REACTORS
330
EF
102
}
330
EF
100
AcDbVisualStyle
  2
FlatWithEdges
 70
     1
 71
     2
 72
     1
 73
     1
 90
        2
 40
-0.6
 41
30.0
 62
     5
 63
     7
421
 16777215
 74
     1
 91
        0
 64
     7
 65
   257
 75
     1
175
     1
 42
1.0
 92
        0
 66
   257
 43
1.0
 76
     1
 77
     6
 78
     2
 67
     7
 79
     5
170
     0
171
     0
290
     0
174
     0
 93
       13
 44
0.0
173
     0
291
     1
 45
0.0
1001
ACAD
1000
AcDbSavedByObjectVersion
1070
     0
  0
VISUALSTYLE
  5
F2
102
{ACAD_XDICTIONARY
360
28A
102
}
102
{ACAD_REACTORS
330
EF
102
}
330
EF
100
AcDbVisualStyle
  2
Gouraud
 70
     2
 71
     2
 72
     2
 73
     1
 90
        2
 40
-0.6
 41
30.0
 62
     5
 63
     7
421
 16777215
 74
     0
 91
        0
 64
     7
 65
   257
 75
     1
175
     1
 42
1.0
 92
        0
 66
     7
 43
1.0
 76
     1
 77
     6
 78
     2
 67
     7
 79
     5
170
     0
171
     0
290
     0
174
     0
 93
       13
 44
0.0
173
     0
291
     1
 45
0.0
1001
ACAD
1000
AcDbSavedByObjectVersion
1070
     0
  0
VISUALSTYLE
  5
F3
102
{ACAD_XDICTIONARY
360
28C
102
}
102
{ACAD_REACTORS
330
EF
102
}
330
EF
100
AcDbVisualStyle
  2
GouraudWithEdges
 70
     3
 71
     2
 72
     2
 73
     1
 90
        2
 40
-0.6
 41
30.0
 62
     5
 63
     7
421
 16777215
 74
     1
 91
        0
 64
     7
 65
   257
 75
     1
175
     1
 42
1.0
 92
        0
 66
   257
 43
1.0
 76
     1
 77
     6
 78
     2
 67
     7
 79
     5
170
     0
171
     0
290
     0
174
     0
 93
       13
 44
0.0
173
     0
291
     1
 45
0.0
1001
ACAD
1000
AcDbSavedByObjectVersion
1070
     0
  0
VISUALSTYLE
  5
F7
102
{ACAD_XDICTIONARY
360
294
102
}
102
{ACAD_REACTORS
330
EF
102
}
330
EF
100
AcDbVisualStyle
  2
Hidden
 70
     6
 71
     1
 72
     2
 73
     2
 90
        0
 40
-0.6
 41
-30.0
 62
     5
 63
     7
421
 16777215
 74
     2
 91
        2
 64
     7
 65
   257
 75
     2
175
     1
 42
40.0
 92
        0
 66
   257
 43
1.0
 76
     1
 77
     6
 78
     2
 67
     7
 79
     3
170
     0
171
     0
290
     0
174
     0
 93
        1
 44
0.0
173
     0
291
     0
 45
0.0
1001
ACAD
1000
AcDbSavedByObjectVersion
1070
     0
  0
VISUALSTYLE
  5
1E4
102
{ACAD_XDICTIONARY
360
2A6
102
}
102
{ACAD_REACTORS
330
EF
102
}
330
EF
100
AcDbVisualStyle
  2
JitterOff
 70
    20
 71
     2
 72
     2
 73
     0
 90
        0
 40
-0.6
 41
-30.0
 62
     5
 63
     7
421
 16777215
 74
     1
 91
        4
 64
     7
 65
   257
 75
     1
175
     1
 42
1.0
 92
       10
 66
     7
 43
1.0
 76
     1
 77
     6
 78
     2
 67
     7
 79
     5
170
     0
171
     0
290
     0
174
     0
 93
        1
 44
0.0
173
     0
291
     1
 45
0.0
1001
ACAD
1000
AcDbSavedByObjectVersion
1070
     0
  0
VISUALSTYLE
  5
FD
102
{ACAD_XDICTIONARY
360
2A0
102
}
102
{ACAD_REACTORS
330
EF
102
}
330
EF
100
AcDbVisualStyle
  2
Linepattern
 70
    14
 71
     2
 72
     2
 73
     1
 90
        0
 40
-0.6
 41
-30.0
 62
     5
 63
     7
421
 16777215
 74
     1
 91
        4
 64
     7
 65
   257
 75
     7
175
     7
 42
1.0
 92
        8
 66
     7
 43
1.0
 76
     1
 77
     6
 78
     2
 67
     7
 79
     5
170
     0
171
     0
290
     0
174
     0
 93
        1
 44
0.0
173
     0
291
     1
 45
0.0
1001
ACAD
1000
AcDbSavedByObjectVersion
1070
     0
  0
VISUALSTYLE
  5
1E5
102
{ACAD_XDICTIONARY
360
2A8
102
}
102
{ACAD_REACTORS
330
EF
102
}
330
EF
100
AcDbVisualStyle
  2
OverhangOff
 70
    21
 71
     2
 72
     2
 73
     0
 90
        0
 40
-0.6
 41
-30.0
 62
     5
 63
     7
421
 16777215
 74
     1
 91
        4
 64
     7
 65
   257
 75
     1
175
     1
 42
1.0
 92
        9
 66
     7
 43
1.0
 76
     1
 77
     6
 78
     2
 67
     7
 79
     5
170
     0
171
     0
290
     0
174
     0
 93
        1
 44
0.0
173
     0
291
     1
 45
0.0
1001
ACAD
1000
AcDbSavedByObjectVersion
1070
     0
  0
VISUALSTYLE
  5
F9
102
{ACAD_XDICTIONARY
360
298
102
}
102
{ACAD_REACTORS
330
EF
102
}
330
EF
100
AcDbVisualStyle
  2
Realistic
 70
     8
 71
     2
 72
     3
 73
     0
 90
        2
 40
-0.6
 41
30.0
 62
     5
 63
     7
421
 16777215
 74
     0
 91
        0
 64
     7
 65
   257
 75
     1
175
     1
 42
1.0
 92
        8
 66
   257
 43
1.0
 76
     1
 77
     6
 78
     2
 67
     7
 79
     3
170
     0
171
     0
290
     0
174
     0
 93
       13
 44
0.0
173
     0
291
     0
 45
0.0
1001
ACAD
1000
AcDbSavedByObjectVersion
1070
     0
  0
VISUALSTYLE
  5
1F3
102
{ACAD_XDICTIONARY
360
2B4
102
}
102
{ACAD_REACTORS
330
EF
102
}
330
EF
100
AcDbVisualStyle
  2
Shaded
 70
    27
 71
     2
 72
     2
 73
     1
 90
        2
 40
-0.6
 41
30.0
 62
     5
 63
     7
421
 16777215
 74
     0
 91
        4
 64
     7
 65
   257
 75
     1
175
     1
 42
1.0
 92
        8
 66
   257
 43
1.0
 76
     1
 77
     6
 78
     2
 67
     8
425
  7895160
 79
     3
170
     0
171
     0
290
     0
174
     0
 93
        5
 44
0.0
173
     0
291
     0
 45
0.0
1001
ACAD
1000
AcDbSavedByObjectVersion
1070
     0
  0
VISUALSTYLE
  5
1F2
102
{ACAD_XDICTIONARY
360
2B2
102
}
102
{ACAD_REACTORS
330
EF
102
}
330
EF
100
AcDbVisualStyle
  2
Shaded with edges
 70
    26
 71
     2
 72
     2
 73
     1
 90
        2
 40
-0.6
 41
30.0
 62
     5
 63
     7
421
 16777215
 74
     1
 91
        2
 64
     7
 65
   257
 75
     2
175
     1
 42
1.0
 92
        8
 66
   257
 43
1.0
 76
     1
 77
     6
 78
     2
 67
     7
 79
     3
170
     0
171
     0
290
     0
174
     0
 93
        5
 44
0.0
173
     0
291
     0
 45
0.0
1001
ACAD
1000
AcDbSavedByObjectVersion
1070
     0
  0
VISUALSTYLE
  5
1EF
102
{ACAD_XDICTIONARY
360
2AC
102
}
102
{ACAD_REACTORS
330
EF
102
}
330
EF
100
AcDbVisualStyle
  2
Shades of Gray
 70
    23
 71
     2
 72
     2
 73
     3
 90
        0
 40
-0.6
 41
-30.0
 62
     5
 63
     7
421
 16777215
 74
     2
 91
        2
 64
     7
 65
     7
 75
     1
175
     1
 42
40.0
 92
        8
 66
     7
 43
1.0
 76
     1
 77
     6
 78
     2
 67
     7
 79
     3
170
     0
171
     0
290
     0
174
     0
 93
        1
 44
0.0
173
     0
291
     0
 45
0.0
1001
ACAD
1000
AcDbSavedByObjectVersion
1070
     0
  0
VISUALSTYLE
  5
1F0
102
{ACAD_XDICTIONARY
360
2AE
102
}
102
{ACAD_REACTORS
330
EF
102
}
330
EF
100
AcDbVisualStyle
  2
Sketchy
 70
    24
 71
     1
 72
     2
 73
     2
 90
        0
 40
-0.6
 41
-30.0
 62
     5
 63
     7
421
 16777215
 74
     2
 91
        2
 64
     7
 65
     7
 75
     1
175
     1
 42
40.0
 92
       11
 66
     7
 43
1.0
 76
     1
 77
     6
 78
     2
 67
     7
 79
     6
170
     0
171
     0
290
     0
174
     0
 93
        1
 44
0.0
173
     0
291
     0
 45
0.0
1001
ACAD
1000
AcDbSavedByObjectVersion
1070
     0
  0
VISUALSTYLE
  5
FC
102
{ACAD_XDICTIONARY
360
29E
102
}
102
{ACAD_REACTORS
330
EF
102
}
330
EF
100
AcDbVisualStyle
  2
Thicken
 70
    13
 71
     2
 72
     2
 73
     1
 90
        0
 40
-0.6
 41
-30.0
 62
     5
 63
     7
421
 16777215
 74
     1
 91
        4
 64
     7
 65
   257
 75
     1
175
     1
 42
1.0
 92
       12
 66
     7
 43
1.0
 76
     1
 77
     6
 78
     2
 67
     7
 79
     5
170
     0
171
     0
290
     0
174
     0
 93
        1
 44
0.0
173
     0
291
     1
 45
0.0
1001
ACAD
1000
AcDbSavedByObjectVersion
1070
     0
  0
VISUALSTYLE
  5
F6
102
{ACAD_XDICTIONARY
360
292
102
}
102
{ACAD_REACTORS
330
EF
102
}
330
EF
100
AcDbVisualStyle
  2
Wireframe
 70
     5
 71
     0
 72
     2
 73
     0
 90
        0
 40
-0.6
 41
-30.0
 62
     5
 63
     7
421
 16777215
 74
     1
 91
        4
 64
     7
 65
   257
 75
     1
175
     1
 42
1.0
 92
        0
 66
   257
 43
1.0
 76
     1
 77
     6
 78
     2
 67
     7
 79
     3
170
     0
171
     0
290
     0
174
     0
 93
        1
 44
0.0
173
     0
291
     0
 45
0.0
1001
ACAD
1000
AcDbSavedByObjectVersion
1070
     0
  0
VISUALSTYLE
  5
1F1
102
{ACAD_XDICTIONARY
360
2B0
102
}
102
{ACAD_REACTORS
330
EF
102
}
330
EF
100
AcDbVisualStyle
  2
X-Ray
 70
    25
 71
     2
 72
     2
 73
     1
 90
        1
 40
0.5
 41
-30.0
 62
     5
 63
     7
421
 16777215
 74
     1
 91
        0
 64
     7
 65
   257
 75
     1
175
     1
 42
1.0
 92
        8
 66
     7
 43
1.0
 76
     1
 77
     6
 78
     2
 67
     7
 79
     3
170
     0
171
     0
290
     0
174
     0
 93
       13
 44
0.0
173
     0
291
     0
 45
0.0
1001
ACAD
1000
AcDbSavedByObjectVersion
1070
     0
  0
DICTIONARYVAR
  5
146
102
{ACAD_REACTORS
330
5E
102
}
330
5E
100
DictionaryVariables
280
     0
  1
1:1
  0
DICTIONARYVAR
  5
259
102
{ACAD_REACTORS
330
5E
102
}
330
5E
100
DictionaryVariables
280
     0
  1
3.500000
  0
DICTIONARYVAR
  5
25A
102
{ACAD_REACTORS
330
5E
102
}
330
5E
100
DictionaryVariables
280
     0
  1
acadiso.lin
  0
DICTIONARYVAR
  5
145
102
{ACAD_REACTORS
330
5E
102
}
330
5E
100
DictionaryVariables
280
     0
  1
STANDARD
  0
DICTIONARYVAR
  5
84
102
{ACAD_REACTORS
330
5E
102
}
330
5E
100
DictionaryVariables
280
     0
  1
STANDARD
  0
DICTIONARYVAR
  5
227
102
{ACAD_REACTORS
330
5E
102
}
330
5E
100
DictionaryVariables
280
     0
  1
Metric50
  0
DICTIONARYVAR
  5
228
102
{ACAD_REACTORS
330
5E
102
}
330
5E
100
DictionaryVariables
280
     0
  1
Metric50
  0
DICTIONARYVAR
  5
5F
102
{ACAD_REACTORS
330
5E
102
}
330
5E
100
DictionaryVariables
280
     0
  1
2
  0
DICTIONARYVAR
  5
63
102
{ACAD_REACTORS
330
5E
102
}
330
5E
100
DictionaryVariables
280
     0
  1
1
  0
DICTIONARYVAR
  5
1AE
102
{ACAD_REACTORS
330
5E
102
}
330
5E
100
DictionaryVariables
280
     0
  1
0
  0
DICTIONARYVAR
  5
1AF
102
{ACAD_REACTORS
330
5E
102
}
330
5E
100
DictionaryVariables
280
     0
  1
0
  0
DICTIONARYVAR
  5
27B
102
{ACAD_REACTORS
330
5E
102
}
330
5E
100
DictionaryVariables
280
     0
  1
2
  0
DICTIONARY
  5
285
102
{ACAD_REACTORS
330
283
102
}
330
283
100
AcDbDictionary
281
     1
  0
DICTIONARY
  5
284
102
{ACAD_REACTORS
330
283
102
}
330
283
100
AcDbDictionary
281
     1
  3
1923465580128
350
27E
  3
1923465580144
350
27F
  3
1923465580160
350
280
  3
1923465580176
350
281
  3
1923465580192
350
282
  0
DICTIONARY
  5
236
330
21C
100
AcDbDictionary
280
     1
281
     1
  3
ACAD_XREC_ROUNDTRIP
360
2B7
  0
DICTIONARY
  5
205
330
22
100
AcDbDictionary
280
     1
281
     1
  0
DICTIONARY
  5
1F9
330
ED
100
AcDbDictionary
280
     1
281
     1
  3
FBXASSET
360
1FA
  0
DICTIONARY
  5
1F7
330
EC
100
AcDbDictionary
280
     1
281
     1
  3
FBXASSET
360
1F8
  0
DICTIONARY
  5
173
330
EE
100
AcDbDictionary
280
     1
281
     1
  3
BUMPTILE
360
175
  3
DIFFUSETILE
360
174
  3
FBXASSET
360
1FB
  3
OPACITYTILE
360
176
  3
REFLECTIONTILE
360
177
  0
DICTIONARY
  5
234
330
21A
100
AcDbDictionary
280
     1
281
     1
  3
ACAD_XREC_ROUNDTRIP
360
2B6
  0
DICTIONARY
  5
162
330
7F
100
AcDbDictionary
280
     1
281
     1
  3
ACAD_ROUNDTRIP_2008_TABLESTYLE_CELLSTYLEMAP
360
27C
  0
DICTIONARY
  5
290
330
F5
100
AcDbDictionary
280
     1
281
     1
  3
ACAD_XREC_ROUNDTRIP
360
291
  0
DICTIONARY
  5
28E
330
F4
100
AcDbDictionary
280
     1
281
     1
  3
ACAD_XREC_ROUNDTRIP
360
28F
  0
DICTIONARY
  5
29C
330
FB
100
AcDbDictionary
280
     1
281
     1
  3
ACAD_XREC_ROUNDTRIP
360
29D
  0
DICTIONARY
  5
2A4
330
FF
100
AcDbDictionary
280
     1
281
     1
  3
ACAD_XREC_ROUNDTRIP
360
2A5
  0
DICTIONARY
  5
296
330
F8
100
AcDbDictionary
280
     1
281
     1
  3
ACAD_XREC_ROUNDTRIP
360
297
  0
DICTIONARY
  5
29A
330
FA
100
AcDbDictionary
280
     1
281
     1
  3
ACAD_XREC_ROUNDTRIP
360
29B
  0
DICTIONARY
  5
2AA
330
1E6
100
AcDbDictionary
280
     1
281
     1
  3
ACAD_XREC_ROUNDTRIP
360
2AB
  0
DICTIONARY
  5
2A2
330
FE
100
AcDbDictionary
280
     1
281
     1
  3
ACAD_XREC_ROUNDTRIP
360
2A3
  0
DICTIONARY
  5
286
330
F0
100
AcDbDictionary
280
     1
281
     1
  3
ACAD_XREC_ROUNDTRIP
360
287
  0
DICTIONARY
  5
288
330
F1
100
AcDbDictionary
280
     1
281
     1
  3
ACAD_XREC_ROUNDTRIP
360
289
  0
DICTIONARY
  5
28A
330
F2
100
AcDbDictionary
280
     1
281
     1
  3
ACAD_XREC_ROUNDTRIP
360
28B
  0
DICTIONARY
  5
28C
330
F3
100
AcDbDictionary
280
     1
281
     1
  3
ACAD_XREC_ROUNDTRIP
360
28D
  0
DICTIONARY
  5
294
330
F7
100
AcDbDictionary
280
     1
281
     1
  3
ACAD_XREC_ROUNDTRIP
360
295
  0
DICTIONARY
  5
2A6
330
1E4
100
AcDbDictionary
280
     1
281
     1
  3
ACAD_XREC_ROUNDTRIP
360
2A7
  0
DICTIONARY
  5
2A0
330
FD
100
AcDbDictionary
280
     1
281
     1
  3
ACAD_XREC_ROUNDTRIP
360
2A1
  0
DICTIONARY
  5
2A8
330
1E5
100
AcDbDictionary
280
     1
281
     1
  3
ACAD_XREC_ROUNDTRIP
360
2A9
  0
DICTIONARY
  5
298
330
F9
100
AcDbDictionary
280
     1
281
     1
  3
ACAD_XREC_ROUNDTRIP
360
299
  0
DICTIONARY
  5
2B4
330
1F3
100
AcDbDictionary
280
     1
281
     1
  3
ACAD_XREC_ROUNDTRIP
360
2B5
  0
DICTIONARY
  5
2B2
330
1F2
100
AcDbDictionary
280
     1
281
     1
  3
ACAD_XREC_ROUNDTRIP
360
2B3
  0
DICTIONARY
  5
2AC
330
1EF
100
AcDbDictionary
280
     1
281
     1
  3
ACAD_XREC_ROUNDTRIP
360
2AD
  0
DICTIONARY
  5
2AE
330
1F0
100
AcDbDictionary
280
     1
281
     1
  3
ACAD_XREC_ROUNDTRIP
360
2AF
  0
DICTIONARY
  5
29E
330
FC
100
AcDbDictionary
280
     1
281
     1
  3
ACAD_XREC_ROUNDTRIP
360
29F
  0
DICTIONARY
  5
292
330
F6
100
AcDbDictionary
280
     1
281
     1
  3
ACAD_XREC_ROUNDTRIP
360
293
  0
DICTIONARY
  5
2B0
330
1F1
100
AcDbDictionary
280
     1
281
     1
  3
ACAD_XREC_ROUNDTRIP
360
2B1
  0
XRECORD
  5
27E
102
{ACAD_REACTORS
330
284
102
}
330
284
100
AcDbXrecord
280
     1
  1
AcDb_Thumbnail_Schema
102
{ATTRRECORD
341
27F
  2
AcDbDs::TreatedAsObjectData
280
     1
291
     1
102
ATTRRECORD}
102
{ATTRRECORD
341
280
  2
AcDbDs::Legacy
280
     1
291
     1
102
ATTRRECORD}
  2
AcDbDs::ID
280
    10
 91
        8
102
{ATTRRECORD
341
281
  2
AcDs:Indexable
280
     1
291
     1
102
ATTRRECORD}
102
{ATTRRECORD
341
282
  2
AcDbDs::HandleAttribute
280
     7
282
     1
102
ATTRRECORD}
  2
Thumbnail_Data
280
    15
 91
        0
  0
XRECORD
  5
27F
102
{ACAD_REACTORS
330
284
102
}
330
284
100
AcDbXrecord
280
     1
  1
AcDbDs::TreatedAsObjectDataSchema
  2
AcDbDs::TreatedAsObjectData
280
     1
 91
        0
  0
XRECORD
  5
280
102
{ACAD_REACTORS
330
284
102
}
330
284
100
AcDbXrecord
280
     1
  1
AcDbDs::LegacySchema
  2
AcDbDs::Legacy
280
     1
 91
        0
  0
XRECORD
  5
281
102
{ACAD_REACTORS
330
284
102
}
330
284
100
AcDbXrecord
280
     1
  1
AcDbDs::IndexedPropertySchema
  2
AcDs:Indexable
280
     1
 91
        0
  0
XRECORD
  5
282
102
{ACAD_REACTORS
330
284
102
}
330
284
100
AcDbXrecord
280
     1
  1
AcDbDs::HandleAttributeSchema
  2
AcDbDs::HandleAttribute
280
     7
 91
        1
284
     1
  0
XRECORD
  5
2B7
102
{ACAD_REACTORS
330
236
102
}
330
236
100
AcDbXrecord
280
     1
102
DISPLAYNAME
  1
Metric50
102
FLAGS
 90
        0
  0
XRECORD
  5
1FA
102
{ACAD_REACTORS
330
1F9
102
}
330
1F9
100
AcDbXrecord
280
     1
 70
     1
 90
429727718
  1
D62C5603-E3A1-4AEA-B7FB-FE5D8D0755AF
310
504B03040A0000080000CC70623B3DEE336E79000000790000001B0000006175746F6465736B2D64657369676E2D7061636B6167652E786D6C3C3F786D6C2076657273696F6E3D22312E302220656E636F64696E673D227574662D3822203F3E3C666F726D6174733E3C666F726D61743E687474703A2F2F736368656D612E
310
6175746F6465736B2E636F6D2F64657369676E2D7061636B6167652F323030393C2F666F726D61743E3C2F666F726D6174733E504B0304140006080800CC70623BD486FD9CA0000000F4000000130000005B436F6E74656E745F54797065735D2E786D6C7D8EC10E82300C865F65E91D8A1E8C310C0EEA1BF002731658846E
310
D98AC1B77784ABF1D8FE5FBFBF75BBCE937A534CCEB38643598122B6FEE978D0B0485F9C41B54DDD7D022595594E1A469170414C76A4D9A4D207E29CF43ECE46F218070CC6BECC4078ACAA135ACF422C856C0E68EA1BF5669944DDD7BCDE7B1F8E415D77AECB980613C2E4AC91FC167A2B244592486606FC29C8FD7F045B9A
310
EF7053A7E60B504B0304140006080800CC70623B853B8169EB0000007C01000008000000636F72652E786D6C8D90416EC3201045AF62CDB6C206821CC7C244919D9CA01740401C94182C03558F5F9C3852BBEB6A467FFE9B197D7EFC9E1EC5975982F5AE035262288C535E5B377690E21535501C055FBC8FBF6C503839990E
310
5619041F179FE64D52DE45E362569DD7661365082642A11EB9E920A89B99642953CC8E702F67A9EE7234257977194EC9EAE275C4EABCCF5EAD5940D4AC6F0E35A568B8F43562CD7046CD199FD07E60174276A7BE677B5EADB0E0D14EEFFB6A31321A0D82627C4084204C3F096B71DD52F6819B16635EADF63F509AF53FA164
310
5DDCD1EDDD17164090FCC8732078B56691CB33A85CD7DCC40F504B0304140006080800CC70623B55019EA25F0000007C00000007000000636E782E786D6C4DCB3B0E80201045D1AD90E915ED2CF8AC45050C11660C8261F98AB1B07AC9C97D42D718D865D3E909258CFD00CCE24AC6E326A164D74DC0B4128928FF32603847
310
2BA13128B1252AC747C6BAB984FC68F0B87FE8960A5C09FE86CFB69FBA01504B0304140006080800CC70623BDBABAAF470010000D40300000C0000006662782F636F72652E786D6CC553D16E823014FD95A6AF4B694182CC941A83FA05FB810A9511A125A5257EFE2E82712ECEB8A7F100CD39F7F69E734AF9FADC366850B6
310
AF8DCE7018308C942E4C59EB2AC3DE1D498AD15A706B8CFB56869196ADCAF00863C12B6B7C374385D14E6907A836A59A41D9F7CA615434B0C8705F7CAA5606D23BA8E84F41278B93AC54100640439DE0BDB320004D43C63716C7C399D30917DCFBBA9CD9BA8469F5B156168B24CED3F7248AC8769F27244EB73B92EED8862C
310
B7F13E0C179B3C8F979C8ECD82BBBABDAA2BAC924E9558448CBD9330242CFA08E3154B5651FCC6D215639C8EE5774DBE2B5F6CF2B5768B68963BB5F5588420E442FC700B1139D4CB01F450C1E918227C2E09DF070D8140C84E1E9AAB8F1340832A9CB13130A5F1376A908D57309505ECF2A0DF179C4E9D30F5B239B87E3823
310
7A79C6F31DE1A8A5AEC08474B03C7837EAE4938639B44E5932B833D2C6B6B279CDC613877FA26EE21F4A2A4C63EC7F29A2F301D1F9F7A0E37D145F504B0304140006080800CC70623B9C113CC27E0000009D0000000B0000006662782F636E782E786D6C4DCCDF0A83201C86E15B91DFB94BFB330DD428C8FB886521330DA7
310
6397BF1A1DECE883878F57749FCDA1B7892F1BBC047A23808C7F84D9FA55424E0BE6803A256208E9EF06C84F9B91703228B1C690F78B66B34CD9A5439DF5CF0BFBF65E35BCA1B8D6A5C6F540381E886698B5741C695F9503EBA150A2F8958E3DC3EA0B504B0304140006080800CC70623B7DF2F77C2A010000120200003100
310
00006662782F41393633353835312D344632462D344230382D423046372D3739314545314133324237412F636F72652E786D6C8D51DB8EC22014FC15C2939B0D2DB4B45643319AE817EC0F6041255A68B86CFCFC856D4D76DF7CE190393373060EDB3DC707F856CE6B6B7A480A0C81328395DA5C7B18C3057510EC3873D686
310
3F34088C18550F330C39BB3A1BA7051AAC09CA84841A2BD5020AEF55806078A44B0FFD7053A328440C89E1EFC52486BBB8AA8214A99D789CF9E05200300FC927E4FB4D5B375D43103D5527440FB843077C5AA3F5861C8F645F5787F59E95B390B318B55CE45AA638FAA2957BD7248B390B7A7CC51F9C124149C82B8C378810
310
84AB2F42B7B8DD56F413775B8C5999E9FF4471926F8AA236A1AE96B8B3CC434E5839373893369E1FAF30EA395917409EB7F26AF8801C171837A4A6AC9C89E9F9C9B1A58BA30FD6A5EF5DDDCF894B9AD9B6A59C957943A9FCAE2FD5BC4DFE03504B0304140006080800CC70623BAD7543B64E01000033030000300000006662
310
782F41393633353835312D344632462D344230382D423046372D3739314545314133324237412F636E782E786D6CD593CD6EC32010845F0571AD6CE3D48AD20813A9873E410FBD12D82434182C7EAAE6EDBB2424CD25871E7B41D6EC30B3FA84F9E67BB2E40B4234DE8DB46F1925E094D7C6ED479AD3AE5951B2113C789FEE
310
6C943839C1488B4C05DF079FE72A69D8C96C13AAD6B8631503449F83828872B949AC57D26200B826A308D316B4064D6E46FCDA41C05550DC9E483A00797BFD207EFB092A45DE9514C1BBD22178396BD39D891265658C238DEA00936C654E5E433CB65A26D9F6EDB5EBC14EBF49A45CB856E66048291F6939A9A81BB5C89177
310
38143CA680F4AA299D66A042CEB3354A2684DC9D8D178FE0D9B8B41CAAD720F880EE7EF93C0C18769E099ECC04D5A102C8049A8A05632F4DDF376CF1DE0F6BB65C2F8627B65A33C6BB62177CEBBDAD973006829F89F22E814B54F4BC2BE347F8AA8F681390B50FA73F804400B5F542E796F19FF974E7F78DB802FE05E20750
310
4B0304140006080800CC70623BE75B7789680500003C100000340000006662782F41393633353835312D344632462D344230382D423046372D3739314545314133324237412F6F626A656374732E786D6CAD575B8F9B3818FD2B887D06C22499CB8AA1CA655245D5B455A356FB305264C061D8018C6C3393D95FBFC7600890
310
A4CD5EF210B0B1BFEBF98E3F7B1FF6596ABC522E1296DF9BAE3D320D9A872C4AF2F8DE2CE5CEBA358D0FBEC719939D65A691938CDE9B6ADAF4BD98B3B2D05311DD91329583D9D5FC0F438434A7A611A644887B5384CF34233629258BA878B12322891DEFF6B66BD70BFB62634E8AE781D082709A4B588AF91C528CDA28B73F
310
1C998EEF39EABBEFA97FBD6A7C7E9553F9D3D79FE442923C3C523610337627CB87ABE99D359D4CC6D6E4FACAB5E6ABF9D2726FC6A3C5F56271377BB88362213924694B38DD99FE47C48627A1E7D49F5A8BB5E1A74C0A599ED3B0F21F1E56366B89112D681E218F0915D0D6F17AD41FBA2A369DCF6335D62ABBD39779D5DDD1
310
11D4D8DE3CBB96B2E04FB8202E41051754A1AA8E8F76B4C6DFE810B580B1547F4B84911149794252234D024EF8BBE963A95AE27B3D310A9D5C215C7960FAEE415ED75694C6AFB17BCACA5D99A60A9AA65F217B0BFC53292ACB92BF283FAD0D3621576592CB5BED907C2FA8E9DF794E35E97BEA31BED21FEB401ABB94C44839
310
DCACBF0E1C5DA8DA5B2F4DFFD32AD86F543D9E565E7056502E157C00AD2671CD534549AB752FCA9CDA00677A313F04E51B22FF19E57B300579E3C97EB29F682D92935CEC18CF901B7B54FD8C51F362B56FC72FE0B3C1EAE335EDCCBF5AEC39ADB17DC238973F804BA5E6F6BFE7AF1FB32E523BE9F3BD571418E3631DCA4D48
310
5250CF639223210A9446CA30052EDF057BD35F8329C1ECD84552BF0DC8D18BE7BCE23BFE6BD960AB4A7DE79923A103BEBD80F911CBAA2C60DB19B01CF164A5583B772EE6D3FFA56666CBCDA74DC97724A48F9A58967497E489C4D979006FD7A05E227A1EBDD0F737C623387A9C844D3709995625106D157315F8B8392CD4E0
310
A0B9A720C4BE9829CEF37EA1E13111214D53925356365ADA634861B52519DD27A00AEB808EAF0628E6F435519D446F45CF2C9CF5214F0A15B2F6D06B79DA3EE3CBF7F56780D2F4E7EF73A0F5E5B02A38D07DC852C6B7C1FBB6664213E0C39E3EBA7FF4E1AD23EA2829407C85E586727488B751B2DB9502BC7B228A3FD68B6E
310
A65A22397E690AA8D158D7E404EC8CDA235CC3B7D1898680131CEC2CDF2638C65196279577750F15884AEE19F94199155B92B13297978469D4F8D358DF0AEF7631E28DC8F0D9F437D5D39A83B2231A1D52D543813A824EF8D44BCFF2FA6A31BD1E8DAD87F1CCB526B3879935BF59CDADD5C37479BB1CDD4CA7B3556B516589
310
EF352754B706114D9C885EC9131DE6EFEB43D99AFE2391C2F958179413D7CFEF6B1B6DB1E7600F00DE6E5C67454A339A4BA2E0FBA85ED26F045D454F463DBFCE484C2F90F2E5E3666003662ED8F755951A7D1BECD5B30B550B2785C8E7320B7292A4838DDA71BBC863ED7613CAF659337A3354231D4FF4A182A54904C2898C
310
98B28C4AD0CE056CCF332A80986E571EE9DBC305BB5FEB7E509220A58D25CF042D712A806AC0AD0C657FDEF80D2D9CEAA2EE4D1C76F60BFE74219A06527D6F82DF6412526107381E55E353090704D085B52408A8913C4ED159D79BDA71BB4BC506F4831350EB6F975CD22D69BF7AC49B91A2C0A9DDA3D5CA36AD20FC478E37
310
E61844E2352865EBCB61A275A65283CAAA9DD27703B4102F5AF51EF5F573B75CBB5AD38BC845F7A49F82A0966A49C2E3EA5EA0ECD326CD965F1DB402C6FA8B51A4658C5C5E2EC9E214602E55810345408596591009A82E7E7FFACA19EEA299B14A0081A705CB3296EBC14CDF658DCD336EA6D1136881AAEB87B81AB9EE53D5
310
F5EB8BC8362082DA24122F98680A4E7930C01A0079749CEA14382A0783E5EBA5A10F8C098456A03D6A4AEB6BB881E2513747552A5DB22C7EDAF83BD5528081A365F7FF06504B0304140006080000CC70623B000000000000000000000000350000006662782F41393633353835312D344632462D344230382D423046372D37
310
39314545314133324237412F76657274696365732E62696E504B0304140006080800CC70623BF270F1330600000004000000360000006662782F41393633353835312D344632462D344230382D423046372D3739314545314133324237412F747269616E676C65732E62696E636660600000504B0304140006080000CC7062
310
3B000000000000000000000000370000006662782F41393633353835312D344632462D344230382D423046372D3739314545314133324237412F617474726962757465732E62696E504B0304140006080800CC70623B08DA0BD19000000041010000360000006662782F41393633353835312D344632462D344230382D4230
310
46372D3739314545314133324237412F6469726563746F72792E786D6C858F410AC3201045AF22B36F53E9A60B35CBEEBAE80D244E44489C6234F4F835464A48035D0DF398FF9F8AF63D0E6CC63039F212F8F9020C7D47C6792B21C5FE7403D62A1188E2E60C98D7234A5830286103A55745067B9D86B8A3CF9C7F90C11DE6
310
07FB144396D7B6A82D282E9A152AD114D5EF2CB866EEE831B8EEA07A7BB5A8D7D61A2BAAEB7FD5F70921FF497D00504B0304140006080800CC70623BEDD1DC58FD000000A00100003B0000006662782F41393633353835312D344632462D344230382D423046372D3739314545314133324237412F7265736F75726365732F
310
636F72652E786D6C8D504B6E833010BD0A9A6D65B00922041947112427E8052C33A156828DFCA97AFC9A40A576D7CDCCE87D344F8F9FBFE667F689CE6B6B3A6039850C8DB2A336530731DC4903D95970676DF82583CCC8193B5861107C72362E3BA4AC096842428D1D7107A5F7182053CF7474E0D507CE32973124857FE48B
310
540F3961CEF244279DE03EB81420DB9EAC1384436FA353E879B1B182C7A8C75DA3C7F453DF353A1075D537A7BA6464B8F535A99AE14A9A2BBD90E350DD183B5CFABE3AF262350B1EF4FC9351399401471025A527C218A1E53BAB5A5AB765F5469B96525EACF23FA6B88CFF34456DC2A1DCE36E360F82A5202F42F062ED2BAD
310
579969AFDD8A6F504B010214000A0000080000CC70623B3DEE336E79000000790000001B00000000000000000000000000000000006175746F6465736B2D64657369676E2D7061636B6167652E786D6C504B01021400140006080800CC70623BD486FD9CA0000000F40000001300000000000000000000000000B20000005B
310
436F6E74656E745F54797065735D2E786D6C504B01021400140006080800CC70623B853B8169EB0000007C010000080000000000000000000000000083010000636F72652E786D6C504B01021400140006080800CC70623B55019EA25F0000007C000000070000000000000000000000000094020000636E782E786D6C504B
310
01021400140006080800CC70623BDBABAAF470010000D40300000C00000000000000000000000000180300006662782F636F72652E786D6C504B01021400140006080800CC70623B9C113CC27E0000009D0000000B00000000000000000000000000B20400006662782F636E782E786D6C504B01021400140006080800CC70
310
623B7DF2F77C2A010000120200003100000000000000000000000000590500006662782F41393633353835312D344632462D344230382D423046372D3739314545314133324237412F636F72652E786D6C504B01021400140006080800CC70623BAD7543B64E010000330300003000000000000000000000000000D2060000
310
6662782F41393633353835312D344632462D344230382D423046372D3739314545314133324237412F636E782E786D6C504B01021400140006080800CC70623BE75B7789680500003C10000034000000000000000000000000006E0800006662782F41393633353835312D344632462D344230382D423046372D3739314545
310
314133324237412F6F626A656374732E786D6C504B01021400140006080000CC70623B0000000000000000000000003500000000000000000000000000280E00006662782F41393633353835312D344632462D344230382D423046372D3739314545314133324237412F76657274696365732E62696E504B01021400140006
310
080800CC70623BF270F133060000000400000036000000000000000000000000007B0E00006662782F41393633353835312D344632462D344230382D423046372D3739314545314133324237412F747269616E676C65732E62696E504B01021400140006080000CC70623B0000000000000000000000003700000000000000
310
000000000000D50E00006662782F41393633353835312D344632462D344230382D423046372D3739314545314133324237412F617474726962757465732E62696E504B01021400140006080800CC70623B08DA0BD1900000004101000036000000000000000000000000002A0F00006662782F41393633353835312D344632
310
462D344230382D423046372D3739314545314133324237412F6469726563746F72792E786D6C504B01021400140006080800CC70623BEDD1DC58FD000000A00100003B000000000000000000000000000E1000006662782F41393633353835312D344632462D344230382D423046372D3739314545314133324237412F7265
310
736F75726365732F636F72652E786D6C504B0506000000000E000E0080040000641100000000
  0
XRECORD
  5
1F8
102
{ACAD_REACTORS
330
1F7
102
}
330
1F7
100
AcDbXrecord
280
     1
 70
     1
 90
429727718
  1
30362254-06B7-45E0-A893-8CFA70E3D6BC
310
504B03040A0000080000CC70623B3DEE336E79000000790000001B0000006175746F6465736B2D64657369676E2D7061636B6167652E786D6C3C3F786D6C2076657273696F6E3D22312E302220656E636F64696E673D227574662D3822203F3E3C666F726D6174733E3C666F726D61743E687474703A2F2F736368656D612E
310
6175746F6465736B2E636F6D2F64657369676E2D7061636B6167652F323030393C2F666F726D61743E3C2F666F726D6174733E504B0304140006080800CC70623BD486FD9CA0000000F4000000130000005B436F6E74656E745F54797065735D2E786D6C7D8EC10E82300C865F65E91D8A1E8C310C0EEA1BF002731658846E
310
D98AC1B77784ABF1D8FE5FBFBF75BBCE937A534CCEB38643598122B6FEE978D0B0485F9C41B54DDD7D022595594E1A469170414C76A4D9A4D207E29CF43ECE46F218070CC6BECC4078ACAA135ACF422C856C0E68EA1BF5669944DDD7BCDE7B1F8E415D77AECB980613C2E4AC91FC167A2B244592486606FC29C8FD7F045B9A
310
EF7053A7E60B504B0304140006080800CC70623B1EC5D7A3EB0000007C01000008000000636F72652E786D6C8D90416EC3201045AF82665B6103C6756C6122AB4D4ED00B204C5C94182C03558F5F9C3852BBEB6A467FFE9B197D71FC9E6FE8CBACC17AD7032D0820E3B41FAD9B7A48F1820F808E52ACDEC75F36404ECDA687
310
4D0629A6D5A76597B477D1B89855E747B38B2A041301E95B6E7A08FAD3CCAA50296647B8168BD2573599823EBB0CA76447F43862C7BCCF5EAC59410E4DDD9C7973C2755553CCCFA4C603E3040F1565ED3B1FDE4E432BCA0D9622DAF9795FAF464533826484B498524CD807E51D79ED187F21878E10516EF63F505AC67F42C9
310
BA58B1FDDD071640D2FCC87D2045B96591CB3DA85CB7DCE40F504B0304140006080800CC70623B55019EA25F0000007C00000007000000636E782E786D6C4DCB3B0E80201045D1AD90E915ED2CF8AC45050C11660C8261F98AB1B07AC9C97D42D718D865D3E909258CFD00CCE24AC6E326A164D74DC0B4128928FF32603847
310
2BA13128B1252AC747C6BAB984FC68F0B87FE8960A5C09FE86CFB69FBA01504B0304140006080800CC70623B8C9102E971010000D40300000C0000006662782F636F72652E786D6CC5535B6E833010BC8AE5DF0A6C08340F1947A84D4ED00B38C6A128602363A31CBFCB234A53A551FA553EC09AD9F5CE8C31DB9E9B1AF5CA
310
7695D1198E428A91D2D214952E33ECDD315861B4E5CC1AE3BE9561A445A3323CC098B3D21ADFCE9034DA29ED00D5A6503328BA4E398C640D8B0C77F253352214DE4145770A5B214FA2546114020D759C75CE8200340D19DE981F0F6746269C33EFAB6266AB02A655C74A59CCF365BADC27CB5D902ED22848F6340DF238A141
310
BE88E2F57B92BFEDF23523433367AE6A2EEAA455C2A902F398D2751045018D3FA264435F3771F242571B4A1919CA6F9A7C5B3CD9E42BED16F12C776AEB308F40C848FC700B1139D4891EF410CEC810227CC6846F8386402064270EF5C5C709A05E49676C024C61FC95EA45ED154CA5211D1FF4FB8291A913A68E9B83EBBB33
310
E2A7673CDE118E5AE8124C0807CB8377834E366998436B950D7A7746DAD846D4CFD978E0F04FD455FC5D49D2D4C6FE9722321F10997F0F32DC47FE05504B0304140006080800CC70623BFFEA85907E0000009D0000000B0000006662782F636E782E786D6C4DCCD10A83201886E15B91FFDC95D95A811AB6F23E625948A6C3
310
E9D8E5AF46073BFAE0E1E365ED67B3E8ADC3CB78C7815C7240DA3DFC64DCC221C519D7805AC182F7F1EF06C88D9BE6703008B6049F9E274D7A1E938DBB5AE3D6131B2589BA0D3D965551E0B2EA732C9B9A624AAEB41E3A557677029960D9AFB4EF11165F504B0304140006080800CC70623B4FEEA4082C0100001202000031
310
0000006662782F39464131463745442D413632322D343644302D413938332D3331353338454246344243312F636F72652E786D6C8D515B6EC32010BC0AE2AB55850DD871ED0813254D72825EC00192A2C460F1A872FC42ED48ED5F7E00CDCECCCEB26C731F6FE05B39AFADE921293004CA082BB5B9F43086336A21D870E6AC
310
0D7F68109861543DCC30E4ECE26C9C164858139409093556AA051CBC570102714B8F1E7AF1A5C6A11862480C7F2DA6415C878B2A4891CA89C7990F2E050073937C42DE1DB7E4F87ED8A36D4329AA9B3D46DBAEAD504556557BD81DEBDD0761E52CE42C462D17B996298E3E6BE59E35C962CE821E1FF18553435012728A7187
310
0841987E927A8D9B35ADDF70BBC6989599FE4F1427F9A4286A132ABAC49D651EF234CD5CE04CDA78BA3DC2A8FB645D00B9DF8B57E215725C60BCA2A463E54C4CE327C7A65E1C7DB02E7DEFCBF594B864C5CA6CDBD49C957943E9FA5D5FBAF336F90F504B0304140006080800CC70623BAD7543B64E01000033030000300000
310
006662782F39464131463745442D413632322D343644302D413938332D3331353338454246344243312F636E782E786D6CD593CD6EC32010845F0571AD6CE3D48AD20813A9873E410FBD12D82434182C7EAAE6EDBB2424CD25871E7B41D6EC30B3FA84F9E67BB2E40B4234DE8DB46F1925E094D7C6ED479AD3AE5951B2113C
310
789FEE6C943839C1488B4C05DF079FE72A69D8C96C13AAD6B8631503449F83828872B949AC57D26200B826A308D316B4064D6E46FCDA41C05550DC9E483A00797BFD207EFB092A45DE9514C1BBD22178396BD39D891265658C238DEA00936C654E5E433CB65A26D9F6EDB5EBC14EBF49A45CB856E66048291F6939A9A81BB5
310
C8917738143CA680F4AA299D66A042CEB3354A2684DC9D8D178FE0D9B8B41CAAD720F880EE7EF93C0C18769E099ECC04D5A102C8049A8A05632F4DDF376CF1DE0F6BB65C2F8627B65A33C6BB62177CEBBDAD973006829F89F22E814B54F4BC2BE347F8AA8F681390B50FA73F804400B5F542E796F19FF974E7F78DB802FE05
310
E207504B0304140006080800CC70623B16AB87BA640500003C100000340000006662782F39464131463745442D413632322D343644302D413938332D3331353338454246344243312F6F626A656374732E786D6CAD575B6FA33818FD2B887DE6924B3BED8A326A92B68A663B534DD4D13E548A0C38942D60649B369D5FBFC7
310
600890A493BDE42160637FD7F31D7FF63E6FB3D478A55C242CBF3247B66B1A340F5994E4F19559CA8D75611A9F7D8F33263BCB4C232719BD32D5B4E97B316765A1A722BA21652A07B3B7B33F0D11D29C9A46981221AE4C113ED38CD8A4942CA2E2C58E882476BCD9DA23BB5ED8171B73523C0F841684D35CC252CCE79062D4
310
468DFA43D7747CCF51DF7D4FFDEB5593E3AB9CCA9FBEFE241792E4E19EB28198C968BAB8199F5D5A67D3E9C49A9E8F47D6EC76B6B0469F26EEFC7C3EBFBCBEB98462213924694B38DD98FE1D62C393D073EA4FADC5DAF04326852CCF6958F90F0F2B9BB5C48816348F90C7840A68EB78EDF68723159BCEE7891A6B95DDE9D3
310
BCEAEEE8086A6C6F9E5D4B59F0175C10A7A0820BAA5055C7473B5AE3CFDD452D602CD5DF12616444529E90D448938013FE6EFA58AA96F85E4F8C42275708571E98FE6827AF6B2B4AE3D7D83D64E5A64C53054DD3AF90BD06FEA9149565C94FCA0F6B834DC85599E4F2423B24DF0B6AFA979E534DFA9E7A4CC6FA631D486393
310
921829879BF5D781A373557BCB85E97FB90DB62B558F8795179C15944B051F40AB495CF35451D26A4727654E6D8033BD98EF82F21D91FF8AF2DD9982BCF1643BDD4EB516C9492E368C67C88DED563FC36D5EACF66DFF057C3658BDBFA69DF9578B3DA735B64F18C7F20770A9D45CFCF7FCF563D6456A277DBEF78A02637CA2
310
43B90A490AEAB94F72244481D24819A6C0E59B606BFA4B3025981DBB48EAB701D97BF19C577CC77F2D1B6C55A9EF3C732474C0B727303F625995056C3B02963D9EAC146BE78EC5FCEC7FA999EBC5EACBAAE41B12D27B4D2C0BBA49F244E2ECDC81B76B502F113D8F5EE8FB1BE3111CDD4FC2AA9B844CAB1288B68AB90A7CDC
310
1C166AB0D3DC5310625FCC14E779BFD0709F8890A629C9292B1B2DED31A4B0DA928CEE135085754027E3018A397D4D5427D15BD1330B677DC8934285AC3DF45A9EB68FF8F2B8FC0A509AFEECFD0FF2DE25CC6047F7214B195F07EFEB9A094D800F7BFAE8FED187B78EA8A3A400F115961BCAD1215E47C966530AF0EE8128FE
310
58CEBB996A8964FFA529A046635D9353B0336A8F700DDF46271A024E70B0B37C9DE01847591E54DED53D54202AB947E4076556AC49C6CA5C9E1226B7F1A7B1BE15DEED62C41B91E1B3E9AFAAA735036547343A925075041DF0A9979E893B391F8FCFA6967B3EFB644DCF6E5CEBFAE272625DCC6FAF3FB93793C5F90CE1EF57
310
407342756B10D1C489E8953CD1617E5CEECAD6F4EF8914CE5D5D504E5C3F1F9736DA62CFC11E00BCDDB8CC8A9466349744C1F75EBDA4DF09BA8A9E8C7A7E9991989E20E5DBDD6A6003664ED8F7A04A8DBE0DF6EAD9B9AA858342E47399053949D2C146EDB85DE4B176BB0965FBAC19BD19AA918E27FA50C1D22402E144464C
310
59462568E704B6E71915404CB72B8FF4EDE184DDAF753F284990D2C6926782963815403548A70C657FDEF80D2D9CEAA2AE4C1C76F60BFE74219A06527D6582DF6412526107381E55E353090704D085B52408D0933C4ED159D79BDA71BB4BC506F4831350EB6F979CD22D69BF7AC49B91A2C0A9DDA3D5CA36AD20FC478E37E6
310
1844E2352865EBCB6EA275A652E3836BE04EFB400BF1A2556F515F1FBB35B2AB35BD889C744FFA1004B5544B121E57F70215746DD2F5E2C1412B602CBF19455AC6C8E5E9922C4E01E65215385004546899059180EAFCF7A707CE7017CD8CDB0410789AB32C63B91E5CEBBBACB17AC6CD347A022D5075FD106377347AAABA7E
310
7D11590744509B44E205134DC1290F06580320F78E537D3D73540E06CB970B431F185308AD40BBD794D6D77003C5A36E8EAA54BA64597CD8F83BD552A080A365F7FF06504B0304140006080000CC70623B000000000000000000000000350000006662782F39464131463745442D413632322D343644302D413938332D3331
310
353338454246344243312F76657274696365732E62696E504B0304140006080800CC70623BF270F1330600000004000000360000006662782F39464131463745442D413632322D343644302D413938332D3331353338454246344243312F747269616E676C65732E62696E636660600000504B0304140006080000CC70623B
310
000000000000000000000000370000006662782F39464131463745442D413632322D343644302D413938332D3331353338454246344243312F617474726962757465732E62696E504B0304140006080800CC70623B08DA0BD19000000041010000360000006662782F39464131463745442D413632322D343644302D413938
310
332D3331353338454246344243312F6469726563746F72792E786D6C858F410AC3201045AF22B36F53E9A60B35CBEEBAE80D244E44489C6234F4F835464A48035D0DF398FF9F8AF63D0E6CC63039F212F8F9020C7D47C6792B21C5FE7403D62A1188E2E60C98D7234A5830286103A55745067B9D86B8A3CF9C7F90C11DE607
310
FB144396D7B6A82D282E9A152AD114D5EF2CB866EEE831B8EEA07A7BB5A8D7D61A2BAAEB7FD5F70921FF497D00504B0304140006080800CC70623B0D6EF93BFE000000A00100003B0000006662782F39464131463745442D413632322D343644302D413938332D3331353338454246344243312F7265736F75726365732F63
310
6F72652E786D6C8D50596E833010BD0A9ADFCA60B334011947A8694ED00B586642AC041B79A97AFC9A40A5F6AF3F33A3B7689E1E3F7DCD8FEC139DD7D6F4C0720A191A65476DA61E62B892236427C19DB5E1970C322367EC618541F0C9D9B8EC90B226A009093576C41D94DE63804C3DD2D18357379C652E63480A7FCF17A9
310
EE72C29CE5894E3AC17D702940B63D59270887DE46A7D0F36263058F518FBB468FE9A7BE6A7420864373B8D4873369AA8691FA421B3294352543C5CAF65C0F6FEF43CB8BD52C78D0F34F46E550061C419494B6843142CB0F5677F4B52BEB177AEC28E5C52AFF638ACBF84F53D42654E51E77B379102C05791282176B5F693D
310
CB4C7BED567C03504B010214000A0000080000CC70623B3DEE336E79000000790000001B00000000000000000000000000000000006175746F6465736B2D64657369676E2D7061636B6167652E786D6C504B01021400140006080800CC70623BD486FD9CA0000000F40000001300000000000000000000000000B20000005B
310
436F6E74656E745F54797065735D2E786D6C504B01021400140006080800CC70623B1EC5D7A3EB0000007C010000080000000000000000000000000083010000636F72652E786D6C504B01021400140006080800CC70623B55019EA25F0000007C000000070000000000000000000000000094020000636E782E786D6C504B
310
01021400140006080800CC70623B8C9102E971010000D40300000C00000000000000000000000000180300006662782F636F72652E786D6C504B01021400140006080800CC70623BFFEA85907E0000009D0000000B00000000000000000000000000B30400006662782F636E782E786D6C504B01021400140006080800CC70
310
623B4FEEA4082C0100001202000031000000000000000000000000005A0500006662782F39464131463745442D413632322D343644302D413938332D3331353338454246344243312F636F72652E786D6C504B01021400140006080800CC70623BAD7543B64E010000330300003000000000000000000000000000D5060000
310
6662782F39464131463745442D413632322D343644302D413938332D3331353338454246344243312F636E782E786D6C504B01021400140006080800CC70623B16AB87BA640500003C1000003400000000000000000000000000710800006662782F39464131463745442D413632322D343644302D413938332D3331353338
310
454246344243312F6F626A656374732E786D6C504B01021400140006080000CC70623B0000000000000000000000003500000000000000000000000000270E00006662782F39464131463745442D413632322D343644302D413938332D3331353338454246344243312F76657274696365732E62696E504B01021400140006
310
080800CC70623BF270F133060000000400000036000000000000000000000000007A0E00006662782F39464131463745442D413632322D343644302D413938332D3331353338454246344243312F747269616E676C65732E62696E504B01021400140006080000CC70623B0000000000000000000000003700000000000000
310
000000000000D40E00006662782F39464131463745442D413632322D343644302D413938332D3331353338454246344243312F617474726962757465732E62696E504B01021400140006080800CC70623B08DA0BD190000000410100003600000000000000000000000000290F00006662782F39464131463745442D413632
310
322D343644302D413938332D3331353338454246344243312F6469726563746F72792E786D6C504B01021400140006080800CC70623B0D6EF93BFE000000A00100003B000000000000000000000000000D1000006662782F39464131463745442D413632322D343644302D413938332D3331353338454246344243312F7265
310
736F75726365732F636F72652E786D6C504B0506000000000E000E0080040000641100000000
  0
XRECORD
  5
175
102
{ACAD_REACTORS
330
173
102
}
330
173
100
AcDbXrecord
280
     1
270
     1
271
     1
  0
XRECORD
  5
174
102
{ACAD_REACTORS
330
173
102
}
330
173
100
AcDbXrecord
280
     1
270
     1
271
     1
  0
XRECORD
  5
1FB
102
{ACAD_REACTORS
330
173
102
}
330
173
100
AcDbXrecord
280
     1
 70
     0
 90
1673772943
  1
ECE7A1D2-D628-4531-984C-D00F80459256
310
504B03040A0000080000CC70623B3DEE336E79000000790000001B0000006175746F6465736B2D64657369676E2D7061636B6167652E786D6C3C3F786D6C2076657273696F6E3D22312E302220656E636F64696E673D227574662D3822203F3E3C666F726D6174733E3C666F726D61743E687474703A2F2F736368656D612E
310
6175746F6465736B2E636F6D2F64657369676E2D7061636B6167652F323030393C2F666F726D61743E3C2F666F726D6174733E504B0304140006080800CC70623BD486FD9CA0000000F4000000130000005B436F6E74656E745F54797065735D2E786D6C7D8EC10E82300C865F65E91D8A1E8C310C0EEA1BF002731658846E
310
D98AC1B77784ABF1D8FE5FBFBF75BBCE937A534CCEB38643598122B6FEE978D0B0485F9C41B54DDD7D022595594E1A469170414C76A4D9A4D207E29CF43ECE46F218070CC6BECC4078ACAA135ACF422C856C0E68EA1BF5669944DDD7BCDE7B1F8E415D77AECB980613C2E4AC91FC167A2B244592486606FC29C8FD7F045B9A
310
EF7053A7E60B504B0304140006080800CC70623BD9DDAED0EC0000007C01000008000000636F72652E786D6C8D90416EC3201045AF82665B61836D9CD8C2444DD39CA01740405C94182C03558F5F9C3852BBEB6A467FFE9B197D7EF89E6EE8CB2CC17A37002D0820E394D7D68D03A478C17B4007C117EFE32F1B20272733C0
310
2A83E0E3E2D3BC49CABB685CCCAAF3DA6CA20CC14440EA969B0182FA34932C648AD911AEC52CD5558EA6A0CF2EC329598D1E47ACCEFBECC59A050463A7EA5833865FEBDD0E37353BE3EE8DBDE3F6786A48D375FBF6CC78B9C282473B3DEFABC5C86834888A900E538A49F5419B9EB47DD5BC907D4F082F57FB1F28CDFA9F50
310
B22ED6D5F6EE030B20687EE43E10BC5CB3C8E51E54AE6B6EE207504B0304140006080800CC70623B55019EA25F0000007C00000007000000636E782E786D6C4DCB3B0E80201045D1AD90E915ED2CF8AC45050C11660C8261F98AB1B07AC9C97D42D718D865D3E909258CFD00CCE24AC6E326A164D74DC0B4128928FF326038
310
472BA13128B1252AC747C6BAB984FC68F0B87FE8960A5C09FE86CFB69FBA01504B0304140006080800CC70623BA24EB22D72010000D40300000C0000006662782F636F72652E786D6CC5535B6E833010BC8AE5DF0A6C5E49888CA3A6694ED00B38E05014B091B1518EDFE511A5A9D228FD2A1F60CDEC7A67C6986DCE4D8D7A
310
69BA4AAB0C073EC548AA5C17952A33ECECD15B61B4E1CC686DBF9561A44423333CC098B3D268D7CE50AE9595CA02AA74216750749DB418E5352C32DCE59FB211BE70162ABA93DF8AFC244AE9073ED050C759670D0840D390E18DF9F1706664C23973AE2A66B62A605A75ACA4C13C4976E1364A12EF355A2EBD384AF65EFA96
310
BC7B8BED2EA6719AAE16FB8491A199335B351775B991C2CA02F390D2D40B028F861F41BCA68B7518BFD0D59A524686F29B26D7164F36B94AD9289CE54E6D1DE6010819891F6E21228B3AD1831EC219194284CF98F06DD01008846CC5A1BEF83801D4CBDC6A1303536877A57A513B0953A94FC707FDBE6064EA84A9E3E6E0FA
310
EE8CF0E9198F7784A316AA0413C2C2F2E0ECA0934D1AE6D05A69BCDE9E91D2A611F573361E38FC1375157F5752AE6B6DFE4B11990F88CCBF0719EE23FF02504B0304140006080800CC70623B408A7D3B7C0000009D0000000B0000006662782F636E782E786D6C4DCCD10A83201886E15B91FFDC552A92A0064DBC8F581632
310
D3703A76F9ABD1C18E3E78F878E5F0D9027ABBFCF2292AE86E2D20171F69F6715550CB827B40839639A5F2770314A7CD293819B45C73AAFB45B35BA61ACAA1C1C7E7855C58C15BC331339661262CC762340413D68D77DA5B42298546CBE6573AF60CEB2F504B0304140006080800CC70623B449FB9BD290100001202000031
310
0000006662782F36394639363044362D344446342D343946362D394244322D3234314243333846323333332F636F72652E786D6C8D515B6EC32010BC0AE22B55850D98B871848994463E412FE002495162B07854397EA176A4F62F3F2C9A9D991D587EB84F37F0AD7D30CEF6905418026DA553C65E7A98E219ED203808EE9D
310
8B7F6810D871D23D2C3014FCE25D9A57483A1BB58D19B54EE9151C43D0110279CB971E06F9A5A7B11A53CC8C70ADE6515EC78BAE4895DB992778883E0700CB907242D17643D7E2538BD869608875438BBAE38922CAC8F1BDD90DB4691A5E2F42C153326A951B95E398B3D1FE599322163C9AE9115F7A3D46ADA0A018778810
310
84E907617BDCEE297BC5BB3DC6BC2EF47FA234AB2745C9D8D8D035EE220B50105E2F0DC1954B9FB747187D9F9D8FA0CCDB042D5FA0C015C65B42DF78BD10F3F3B363CB56C7109DCFDFBBB97E662ED92EB62D13BC2E1BCAE5777DB9966D8A1F504B0304140006080800CC70623BAD7543B64E01000033030000300000006662
310
782F36394639363044362D344446342D343946362D394244322D3234314243333846323333332F636E782E786D6CD593CD6EC32010845F0571AD6CE3D48AD20813A9873E410FBD12D82434182C7EAAE6EDBB2424CD25871E7B41D6EC30B3FA84F9E67BB2E40B4234DE8DB46F1925E094D7C6ED479AD3AE5951B2113C789FEE
310
6C943839C1488B4C05DF079FE72A69D8C96C13AAD6B8631503449F83828872B949AC57D26200B826A308D316B4064D6E46FCDA41C05550DC9E483A00797BFD207EFB092A45DE9514C1BBD22178396BD39D891265658C238DEA00936C654E5E433CB65A26D9F6EDB5EBC14EBF49A45CB856E66048291F6939A9A81BB5C89177
310
38143CA680F4AA299D66A042CEB3354A2684DC9D8D178FE0D9B8B41CAAD720F880EE7EF93C0C18769E099ECC04D5A102C8049A8A05632F4DDF376CF1DE0F6BB65C2F8627B65A33C6BB62177CEBBDAD973006829F89F22E814B54F4BC2BE347F8AA8F681390B50FA73F804400B5F542E796F19FF974E7F78DB802FE05E20750
310
4B0304140006080800CC70623B8D05915C650500003B100000340000006662782F36394639363044362D344446342D343946362D394244322D3234314243333846323333332F6F626A656374732E786D6CAD575B6FA33814FE2B887D06429276DA1565D4266D158D3A339A6846FB502932E050B66023DB74D2FDF5FB190C01
310
9276B2973C046C8ECFF53B17071F77456EBD502133CEAE6CDF9DD81665314F32965ED995DA3A17B6F5310C04E7AA47665B8C14F4CAD6DB7618A48257A5D94AE89654B91AEDDEDDFC61C998326A5B714EA4BCB265FC440BE2924AF184CA6737218AB8E976E7FA6E4338649B0A523E8D98964450A6A029F619B8588D52FE7039
310
B1BD30F0F4F730D0FF866AF6369557DB33949F31A9088B0F848DD8CCFCF9F2767A76E99CCDE733677E3EF59D9BBB9BA5E37F984D16E78BC5E5F5ED25044B25C0C96822E8D60EEFE11B91C581D77CEA34368A1F5329E68CD1B8B61F16D63A1B8E092D294B10C78C4A48EB593D192E7DED9BDEE7995E1B91FDEDD3ACEA9FE831
310
6A756F9F7D4D79F4274C90A7A04248AA51D5F8C718DAE06FB2F75AC4796EBE65D22A88A22223B995679120E2D50E41AA49C260C046A35368846B0BECD0DFF3EBEB8AD4F835768F69B9ADF25C43D30E6B646F807FAA64AD59F61715C7A54127C4AACA98BA3006A9D792DAE165E0D59B61A01FB3A9F9D838D2DAE62445C86166
310
F37564E842E7DE6A69879FEEA2DD5AE7E371E1A5E025154AC307D06A03D73EB5978C58FFA4C8E9033066E0F3BD53BEC1F39F91BE7B55103791EDE6BBB991A2046172CB4581D8B893FA674DDA17A77B3B7C413D1B511FD2743BFF8A38F03A658705E3ADF8015C3A3417FF3D7E439FF591DA0B5F18BC20C1B8981957AE6392A3
310
F43C640C01D1A0B4728E2DD4F26DB4B3C3152A252A3B4E913CEC1C72F012782FF88EFF8637AA552DBEF76408E8A8DE9E50F9E1CB3A2DA0DB1B6039A893B56063DC5B3E3FFB5F72E67AB9FEB4AEC496C4F4C1149625DD662C53E89D7BF0F6151A046260D1337DFDC94502430F83B0EE07A130A224BCAD7DAE1D9FB6CD422FF6
310
920702629C4BB9AE79C12F243C6432A6794E18E5552BA56B431AAB5D91317302B2B071E86C3A42B1A02F999E24061403B5D0EB639195DA655DD3EBEAB4FB862DDF579F014AD0E73C22F99E28DA57FB98E75C6CA2D74D53086D600F4786E0FE3144B771A8A7B900F03594DB8A633CBC49B2EDB69228BB479CF863B5E807AAAB
310
23872F6DFEB4129B949CA33823F58830E86D65621E10047D9DB34D862E8EAC3C2ABC2F7B2C40D67CDFE01F5545B92105AF983AC54D93D69E56FB8E797F88913F898A9FEC705D3F9D1B54EC8426FB500D40A03BD0119B06E1B95DDC7EB8F6975367793EBD70E66733DFB9BC982F9CE564727731999F5D4ECFCE3B8D6A4DC2A0
310
6D50FD148437D110834A64C6CDDF57FBACB5C307A2A477DFE4939736CFEF2B175371E0E10CF0DD1D5C15654E0BCA14D1E87DD02FF93782A162C0A3D95F1524A52770F972BF1EE9809D13CE7DD599467F8ECE9ADD85CE85A34CD45355448C64F9E8A031DC2D596ACC6E5DD93D9B82DE2EF5CAF81363A8E47996A0DE24564A79
310
4115AACE09C55E14540231FDA13C319787134EBF34E3A022514E5B4D9E0826E25C02D5805B15ABE1BEF51B26383D445DD9E875EE33FE4C22DA16427D65A3BCA92CA6D28DD01DF5DC53330704308475351050232CCD31583787BA75774AFB06E5070DD0C8EF484E19968C5D83BA5B90B244D31E54D55A372320FE4786B7EA58
310
44E135AA5467CB7EA333A61683CC6A8C3257034C10CF46F40EF9F5BE59BE5BD30C3C72D235E95D10345C1D45445A5F0BB47E46A5EBE5570F9380B5FA629579952296A773720405982B9DE04011506178964401AA8BDF1FBF0A8EAB6861DD6580C0E38217056766716DAEB2D6FA0917D3E4116581EADB879C4E7CFFB11EFACD
310
3D641311495D92C8676CB409A72D18610D803CE8A626049E8EC1887CB5B44CC39883690DDA8399B4B9855B481E7D71D4A9D22F96E5BB73BF5793020C02137BF837504B0304140006080000CC70623B000000000000000000000000350000006662782F36394639363044362D344446342D343946362D394244322D32343142
310
43333846323333332F76657274696365732E62696E504B0304140006080800CC70623BF270F1330600000004000000360000006662782F36394639363044362D344446342D343946362D394244322D3234314243333846323333332F747269616E676C65732E62696E636660600000504B0304140006080000CC70623B0000
310
00000000000000000000370000006662782F36394639363044362D344446342D343946362D394244322D3234314243333846323333332F617474726962757465732E62696E504B0304140006080800CC70623B08DA0BD19000000041010000360000006662782F36394639363044362D344446342D343946362D394244322D
310
3234314243333846323333332F6469726563746F72792E786D6C858F410AC3201045AF22B36F53E9A60B35CBEEBAE80D244E44489C6234F4F835464A48035D0DF398FF9F8AF63D0E6CC63039F212F8F9020C7D47C6792B21C5FE7403D62A1188E2E60C98D7234A5830286103A55745067B9D86B8A3CF9C7F90C11DE607FB14
310
4396D7B6A82D282E9A152AD114D5EF2CB866EEE831B8EEA07A7BB5A8D7D61A2BAAEB7FD5F70921FF497D00504B0304140006080800CC70623BCA768048FE000000A00100003B0000006662782F36394639363044362D344446342D343946362D394244322D3234314243333846323333332F7265736F75726365732F636F72
310
652E786D6C8D50596E833010BD0A9ADFCA60D600328E9AA639412F609909B1126CE4A5EAF16B0295DABFFECC8CDEA2797AECF8353F924FB44E193D409E5248504B332A3D0D10FC95B4901C39B3C6F85F3248B49871801506CE266BC2B243D2688FDA47549B11775038871E12F988C7004EDE7016A9083E2ADC3D5D84BC8B09
310
D33C8D74D471E6BC8D0192EDC93A815B742658898E651BCB59086ADC356A8C3FD555A1055ED7E7E254D615792D0F075295F585746FF53B694EE78A565DD736979A65AB9933AFE69F8CD2A2F038022F28ED489E135A7CE4554F9BBEA85E68DB53CAB255FEC71496F19FA6A0B42F8B3DEE6673C0F318E4497096AD7DC5F52C33
310
EEB55BFE0D504B010214000A0000080000CC70623B3DEE336E79000000790000001B00000000000000000000000000000000006175746F6465736B2D64657369676E2D7061636B6167652E786D6C504B01021400140006080800CC70623BD486FD9CA0000000F40000001300000000000000000000000000B20000005B436F
310
6E74656E745F54797065735D2E786D6C504B01021400140006080800CC70623BD9DDAED0EC0000007C010000080000000000000000000000000083010000636F72652E786D6C504B01021400140006080800CC70623B55019EA25F0000007C000000070000000000000000000000000095020000636E782E786D6C504B0102
310
1400140006080800CC70623BA24EB22D72010000D40300000C00000000000000000000000000190300006662782F636F72652E786D6C504B01021400140006080800CC70623B408A7D3B7C0000009D0000000B00000000000000000000000000B50400006662782F636E782E786D6C504B01021400140006080800CC70623B
310
449FB9BD290100001202000031000000000000000000000000005A0500006662782F36394639363044362D344446342D343946362D394244322D3234314243333846323333332F636F72652E786D6C504B01021400140006080800CC70623BAD7543B64E010000330300003000000000000000000000000000D20600006662
310
782F36394639363044362D344446342D343946362D394244322D3234314243333846323333332F636E782E786D6C504B01021400140006080800CC70623B8D05915C650500003B10000034000000000000000000000000006E0800006662782F36394639363044362D344446342D343946362D394244322D32343142433338
310
46323333332F6F626A656374732E786D6C504B01021400140006080000CC70623B0000000000000000000000003500000000000000000000000000250E00006662782F36394639363044362D344446342D343946362D394244322D3234314243333846323333332F76657274696365732E62696E504B010214001400060808
310
00CC70623BF270F13306000000040000003600000000000000000000000000780E00006662782F36394639363044362D344446342D343946362D394244322D3234314243333846323333332F747269616E676C65732E62696E504B01021400140006080000CC70623B00000000000000000000000037000000000000000000
310
00000000D20E00006662782F36394639363044362D344446342D343946362D394244322D3234314243333846323333332F617474726962757465732E62696E504B01021400140006080800CC70623B08DA0BD190000000410100003600000000000000000000000000270F00006662782F36394639363044362D344446342D
310
343946362D394244322D3234314243333846323333332F6469726563746F72792E786D6C504B01021400140006080800CC70623BCA768048FE000000A00100003B000000000000000000000000000B1000006662782F36394639363044362D344446342D343946362D394244322D3234314243333846323333332F7265736F
310
75726365732F636F72652E786D6C504B0506000000000E000E0080040000621100000000
  0
XRECORD
  5
176
102
{ACAD_REACTORS
330
173
102
}
330
173
100
AcDbXrecord
280
     1
270
     1
271
     1
  0
XRECORD
  5
177
102
{ACAD_REACTORS
330
173
102
}
330
173
100
AcDbXrecord
280
     1
270
     1
271
     1
  0
XRECORD
  5
2B6
102
{ACAD_REACTORS
330
234
102
}
330
234
100
AcDbXrecord
280
     1
102
DISPLAYNAME
  1
Metric50
102
FLAGS
 90
        0
  0
CELLSTYLEMAP
  5
27C
102
{ACAD_REACTORS
330
162
102
}
330
162
100
AcDbCellStyleMap
 90
        3
300
CELLSTYLE
  1
TABLEFORMAT_BEGIN
 90
        5
170
     1
 91
        0
 92
    32768
 62
   257
 93
        1
300
CONTENTFORMAT
  1
CONTENTFORMAT_BEGIN
 90
        0
 91
        0
 92
      512
 93
        0
300

 40
0.0
140
1.0
 94
        5
 62
     0
340
11
144
6.0
309
CONTENTFORMAT_END
171
     1
301
MARGIN
  1
CELLMARGIN_BEGIN
 40
1.5
 40
1.5
 40
1.5
 40
1.5
 40
4.5
 40
4.5
309
CELLMARGIN_END
 94
        6
 95
        1
302
GRIDFORMAT
  1
GRIDFORMAT_BEGIN
 90
        0
 91
        1
 62
     0
 92
       -2
340
14
 93
        0
 40
1.125
309
GRIDFORMAT_END
 95
        2
302
GRIDFORMAT
  1
GRIDFORMAT_BEGIN
 90
        0
 91
        1
 62
     0
 92
       -2
340
14
 93
        0
 40
1.125
309
GRIDFORMAT_END
 95
        4
302
GRIDFORMAT
  1
GRIDFORMAT_BEGIN
 90
        0
 91
        1
 62
     0
 92
       -2
340
14
 93
        0
 40
1.125
309
GRIDFORMAT_END
 95
        8
302
GRIDFORMAT
  1
GRIDFORMAT_BEGIN
 90
        0
 91
        1
 62
     0
 92
       -2
340
14
 93
        0
 40
1.125
309
GRIDFORMAT_END
 95
       16
302
GRIDFORMAT
  1
GRIDFORMAT_BEGIN
 90
        0
 91
        1
 62
     0
 92
       -2
340
14
 93
        0
 40
1.125
309
GRIDFORMAT_END
 95
       32
302
GRIDFORMAT
  1
GRIDFORMAT_BEGIN
 90
        0
 91
        1
 62
     0
 92
       -2
340
14
 93
        0
 40
1.125
309
GRIDFORMAT_END
309
TABLEFORMAT_END
  1
CELLSTYLE_BEGIN
 90
        1
 91
        1
300
_TITLE
309
CELLSTYLE_END
300
CELLSTYLE
  1
TABLEFORMAT_BEGIN
 90
        5
170
     1
 91
        0
 92
        0
 62
   257
 93
        1
300
CONTENTFORMAT
  1
CONTENTFORMAT_BEGIN
 90
        0
 91
        0
 92
      512
 93
        0
300

 40
0.0
140
1.0
 94
        5
 62
     0
340
11
144
4.5
309
CONTENTFORMAT_END
171
     1
301
MARGIN
  1
CELLMARGIN_BEGIN
 40
1.5
 40
1.5
 40
1.5
 40
1.5
 40
4.5
 40
4.5
309
CELLMARGIN_END
 94
        6
 95
        1
302
GRIDFORMAT
  1
GRIDFORMAT_BEGIN
 90
        0
 91
        1
 62
     0
 92
       -2
340
14
 93
        0
 40
1.125
309
GRIDFORMAT_END
 95
        2
302
GRIDFORMAT
  1
GRIDFORMAT_BEGIN
 90
        0
 91
        1
 62
     0
 92
       -2
340
14
 93
        0
 40
1.125
309
GRIDFORMAT_END
 95
        4
302
GRIDFORMAT
  1
GRIDFORMAT_BEGIN
 90
        0
 91
        1
 62
     0
 92
       -2
340
14
 93
        0
 40
1.125
309
GRIDFORMAT_END
 95
        8
302
GRIDFORMAT
  1
GRIDFORMAT_BEGIN
 90
        0
 91
        1
 62
     0
 92
       -2
340
14
 93
        0
 40
1.125
309
GRIDFORMAT_END
 95
       16
302
GRIDFORMAT
  1
GRIDFORMAT_BEGIN
 90
        0
 91
        1
 62
     0
 92
       -2
340
14
 93
        0
 40
1.125
309
GRIDFORMAT_END
 95
       32
302
GRIDFORMAT
  1
GRIDFORMAT_BEGIN
 90
        0
 91
        1
 62
     0
 92
       -2
340
14
 93
        0
 40
1.125
309
GRIDFORMAT_END
309
TABLEFORMAT_END
  1
CELLSTYLE_BEGIN
 90
        2
 91
        1
300
_HEADER
309
CELLSTYLE_END
300
CELLSTYLE
  1
TABLEFORMAT_BEGIN
 90
        5
170
     1
 91
        0
 92
        0
 62
   257
 93
        1
300
CONTENTFORMAT
  1
CONTENTFORMAT_BEGIN
 90
        0
 91
        0
 92
      512
 93
        0
300

 40
0.0
140
1.0
 94
        2
 62
     0
340
11
144
4.5
309
CONTENTFORMAT_END
171
     1
301
MARGIN
  1
CELLMARGIN_BEGIN
 40
1.5
 40
1.5
 40
1.5
 40
1.5
 40
4.5
 40
4.5
309
CELLMARGIN_END
 94
        6
 95
        1
302
GRIDFORMAT
  1
GRIDFORMAT_BEGIN
 90
        0
 91
        1
 62
     0
 92
       -2
340
14
 93
        0
 40
1.125
309
GRIDFORMAT_END
 95
        2
302
GRIDFORMAT
  1
GRIDFORMAT_BEGIN
 90
        0
 91
        1
 62
     0
 92
       -2
340
14
 93
        0
 40
1.125
309
GRIDFORMAT_END
 95
        4
302
GRIDFORMAT
  1
GRIDFORMAT_BEGIN
 90
        0
 91
        1
 62
     0
 92
       -2
340
14
 93
        0
 40
1.125
309
GRIDFORMAT_END
 95
        8
302
GRIDFORMAT
  1
GRIDFORMAT_BEGIN
 90
        0
 91
        1
 62
     0
 92
       -2
340
14
 93
        0
 40
1.125
309
GRIDFORMAT_END
 95
       16
302
GRIDFORMAT
  1
GRIDFORMAT_BEGIN
 90
        0
 91
        1
 62
     0
 92
       -2
340
14
 93
        0
 40
1.125
309
GRIDFORMAT_END
 95
       32
302
GRIDFORMAT
  1
GRIDFORMAT_BEGIN
 90
        0
 91
        1
 62
     0
 92
       -2
340
14
 93
        0
 40
1.125
309
GRIDFORMAT_END
309
TABLEFORMAT_END
  1
CELLSTYLE_BEGIN
 90
        3
 91
        2
300
_DATA
309
CELLSTYLE_END
  0
XRECORD
  5
291
102
{ACAD_REACTORS
330
290
102
}
330
290
100
AcDbXrecord
280
     1
102
RTVSPost2010Prop28
280
     1
102
RTVSPost2010PropOp28
 70
     1
102
RTVSPost2010Prop29
280
     1
102
RTVSPost2010PropOp29
 70
     1
102
RTVSPost2010Prop30
280
     0
102
RTVSPost2010PropOp30
 70
     1
102
RTVSPost2010Prop31
280
     0
102
RTVSPost2010PropOp31
 70
     1
102
RTVSPost2010Prop32
280
     0
102
RTVSPost2010PropOp32
 70
     1
102
RTVSPost2010Prop33
280
     0
102
RTVSPost2010PropOp33
 70
     1
102
RTVSPost2010Prop34
280
     0
102
RTVSPost2010PropOp34
 70
     1
102
RTVSPost2010Prop35
280
     0
102
RTVSPost2010PropOp35
 70
     1
102
RTVSPost2010Prop36
280
     0
102
RTVSPost2010PropOp36
 70
     1
102
RTVSPost2010Prop37
 90
       50
102
RTVSPost2010PropOp37
 70
     1
102
RTVSPost2010Prop38
140
0.0
102
RTVSPost2010PropOp38
 70
     1
102
RTVSPost2010Prop39
140
1.0
102
RTVSPost2010PropOp39
 70
     1
102
RTVSPost2010Prop40
 90
        0
102
RTVSPost2010PropOp40
 70
     1
102
RTVSPost2010Prop41ColorIndex
 90
       18
102
RTVSPost2010Prop41ColorRGB
 90
        0
102
RTVSPost2010PropOp41
 70
     1
102
RTVSPost2010Prop42
 90
       50
102
RTVSPost2010PropOp42
 70
     1
102
RTVSPost2010Prop43
 90
        3
102
RTVSPost2010PropOp43
 70
     1
102
RTVSPost2010Prop44ColorIndex
 90
        5
102
RTVSPost2010Prop44ColorRGB
 90
      255
102
RTVSPost2010PropOp44
 70
     1
102
RTVSPost2010Prop45
280
     0
102
RTVSPost2010PropOp45
 70
     1
102
RTVSPost2010Prop46
 90
       50
102
RTVSPost2010PropOp46
 70
     1
102
RTVSPost2010Prop47
 90
       50
102
RTVSPost2010PropOp47
 70
     1
102
RTVSPost2010Prop48
 90
       50
102
RTVSPost2010PropOp48
 70
     1
102
RTVSPost2010Prop49
280
     0
102
RTVSPost2010PropOp49
 70
     1
102
RTVSPost2010Prop50
 90
       50
102
RTVSPost2010PropOp50
 70
     1
102
RTVSPost2010Prop51ColorIndex
 90
      256
102
RTVSPost2010Prop51ColorRGB
 90
-16777216
102
RTVSPost2010PropOp51
 70
     0
102
RTVSPost2010Prop52
140
1.0
102
RTVSPost2010PropOp52
 70
     0
102
RTVSPost2010Prop53
 90
        2
102
RTVSPost2010PropOp53
 70
     1
102
RTVSPost2010Prop54
  1
strokes_ogs.tif
102
RTVSPost2010PropOp54
 70
     1
102
RTVSPost2010Prop55
280
     0
102
RTVSPost2010PropOp55
 70
     1
102
RTVSPost2010Prop56
140
1.0
102
RTVSPost2010PropOp56
 70
     1
102
RTVSPost2010Prop57
140
1.0
102
RTVSPost2010PropOp57
 70
     1
102
RTVSPropertyOp0
 70
     1
102
RTVSPropertyOp1
 70
     1
102
RTVSPropertyOp2
 70
     1
102
RTVSPropertyOp3
 70
     1
102
RTVSPropertyOp4
 70
     1
102
RTVSPropertyOp5
 70
     1
102
RTVSPropertyOp6
 70
     1
102
RTVSPropertyOp7
 70
     1
102
RTVSPropertyOp8
 70
     1
102
RTVSPropertyOp9
 70
     1
102
RTVSPropertyOp10
 70
     1
102
RTVSPropertyOp11
 70
     1
102
RTVSPropertyOp12
 70
     1
102
RTVSPropertyOp13
 70
     1
102
RTVSPropertyOp14
 70
     1
102
RTVSPropertyOp15
 70
     1
102
RTVSPropertyOp16
 70
     1
102
RTVSPropertyOp17
 70
     1
102
RTVSPropertyOp18
 70
     1
102
RTVSPropertyOp19
 70
     1
102
RTVSPropertyOp20
 70
     1
102
RTVSPropertyOp21
 70
     1
102
RTVSPropertyOp22
 70
     1
102
RTVSPropertyOp23
 70
     1
102
RTVSPropertyOp24
 70
     1
102
RTVSPropertyOp25
 70
     1
102
RTVSPropertyOp26
 70
     1
102
RTVSPropertyOp27
 70
     1
102
RTVSPropertyOp28
 70
     1
102
RTVSPropertyOp29
 70
     1
102
RTVSPropertyOp30
 70
     1
102
RTVSPropertyOp31
 70
     1
102
RTVSPropertyOp32
 70
     1
102
RTVSPropertyOp33
 70
     1
102
RTVSPropertyOp34
 70
     1
102
RTVSPropertyOp35
 70
     1
102
RTVSPropertyOp36
 70
     1
102
RTVSPropertyOp37
 70
     1
102
RTVSPropertyOp38
 70
     1
102
RTVSPropertyOp39
 70
     1
102
RTVSPropertyOp40
 70
     1
102
RTVSPropertyOp41
 70
     1
102
RTVSPropertyOp42
 70
     1
102
RTVSPropertyOp43
 70
     1
102
RTVSPropertyOp44
 70
     1
102
RTVSPropertyOp45
 70
     1
102
RTVSPropertyOp46
 70
     1
102
RTVSPropertyOp47
 70
     1
102
RTVSPropertyOp48
 70
     1
102
RTVSPropertyOp49
 70
     1
102
RTVSPropertyOp50
 70
     1
102
RTVSPropertyOp51
 70
     0
102
RTVSPropertyOp52
 70
     0
102
RTVSPropertyOp53
 70
     1
102
RTVSPropertyOp54
 70
     1
102
RTVSPropertyOp55
 70
     1
102
RTVSPropertyOp56
 70
     1
102
RTVSPropertyOp57
 70
     1
102
RTVSPropertyOp58
 70
     1
102
RTVSPropertyOp59
 70
     1
102
RTVSPropertyOp60
 70
     1
102
RTVSPropertyOp61
 70
     1
102
RTVSPropertyOp62
 70
     1
  0
XRECORD
  5
28F
102
{ACAD_REACTORS
330
28E
102
}
330
28E
100
AcDbXrecord
280
     1
102
RTVSPost2010Prop28
280
     0
102
RTVSPost2010PropOp28
 70
     1
102
RTVSPost2010Prop29
280
     1
102
RTVSPost2010PropOp29
 70
     1
102
RTVSPost2010Prop30
280
     1
102
RTVSPost2010PropOp30
 70
     1
102
RTVSPost2010Prop31
280
     0
102
RTVSPost2010PropOp31
 70
     1
102
RTVSPost2010Prop32
280
     0
102
RTVSPost2010PropOp32
 70
     1
102
RTVSPost2010Prop33
280
     0
102
RTVSPost2010PropOp33
 70
     1
102
RTVSPost2010Prop34
280
     0
102
RTVSPost2010PropOp34
 70
     1
102
RTVSPost2010Prop35
280
     0
102
RTVSPost2010PropOp35
 70
     1
102
RTVSPost2010Prop36
280
     0
102
RTVSPost2010PropOp36
 70
     1
102
RTVSPost2010Prop37
 90
       50
102
RTVSPost2010PropOp37
 70
     1
102
RTVSPost2010Prop38
140
0.0
102
RTVSPost2010PropOp38
 70
     1
102
RTVSPost2010Prop39
140
1.0
102
RTVSPost2010PropOp39
 70
     1
102
RTVSPost2010Prop40
 90
        0
102
RTVSPost2010PropOp40
 70
     1
102
RTVSPost2010Prop41ColorIndex
 90
       18
102
RTVSPost2010Prop41ColorRGB
 90
        0
102
RTVSPost2010PropOp41
 70
     1
102
RTVSPost2010Prop42
 90
       50
102
RTVSPost2010PropOp42
 70
     1
102
RTVSPost2010Prop43
 90
        3
102
RTVSPost2010PropOp43
 70
     1
102
RTVSPost2010Prop44ColorIndex
 90
        5
102
RTVSPost2010Prop44ColorRGB
 90
      255
102
RTVSPost2010PropOp44
 70
     1
102
RTVSPost2010Prop45
280
     0
102
RTVSPost2010PropOp45
 70
     1
102
RTVSPost2010Prop46
 90
       50
102
RTVSPost2010PropOp46
 70
     1
102
RTVSPost2010Prop47
 90
       50
102
RTVSPost2010PropOp47
 70
     1
102
RTVSPost2010Prop48
 90
       50
102
RTVSPost2010PropOp48
 70
     1
102
RTVSPost2010Prop49
280
     0
102
RTVSPost2010PropOp49
 70
     1
102
RTVSPost2010Prop50
 90
       50
102
RTVSPost2010PropOp50
 70
     1
102
RTVSPost2010Prop51ColorIndex
 90
      256
102
RTVSPost2010Prop51ColorRGB
 90
-16777216
102
RTVSPost2010PropOp51
 70
     0
102
RTVSPost2010Prop52
140
1.0
102
RTVSPost2010PropOp52
 70
     0
102
RTVSPost2010Prop53
 90
        2
102
RTVSPost2010PropOp53
 70
     1
102
RTVSPost2010Prop54
  1
strokes_ogs.tif
102
RTVSPost2010PropOp54
 70
     1
102
RTVSPost2010Prop55
280
     0
102
RTVSPost2010PropOp55
 70
     1
102
RTVSPost2010Prop56
140
1.0
102
RTVSPost2010PropOp56
 70
     1
102
RTVSPost2010Prop57
140
1.0
102
RTVSPost2010PropOp57
 70
     1
102
RTVSPropertyOp0
 70
     1
102
RTVSPropertyOp1
 70
     1
102
RTVSPropertyOp2
 70
     1
102
RTVSPropertyOp3
 70
     1
102
RTVSPropertyOp4
 70
     1
102
RTVSPropertyOp5
 70
     1
102
RTVSPropertyOp6
 70
     1
102
RTVSPropertyOp7
 70
     1
102
RTVSPropertyOp8
 70
     1
102
RTVSPropertyOp9
 70
     1
102
RTVSPropertyOp10
 70
     1
102
RTVSPropertyOp11
 70
     1
102
RTVSPropertyOp12
 70
     1
102
RTVSPropertyOp13
 70
     1
102
RTVSPropertyOp14
 70
     1
102
RTVSPropertyOp15
 70
     1
102
RTVSPropertyOp16
 70
     1
102
RTVSPropertyOp17
 70
     1
102
RTVSPropertyOp18
 70
     1
102
RTVSPropertyOp19
 70
     1
102
RTVSPropertyOp20
 70
     1
102
RTVSPropertyOp21
 70
     1
102
RTVSPropertyOp22
 70
     1
102
RTVSPropertyOp23
 70
     1
102
RTVSPropertyOp24
 70
     1
102
RTVSPropertyOp25
 70
     1
102
RTVSPropertyOp26
 70
     1
102
RTVSPropertyOp27
 70
     1
102
RTVSPropertyOp28
 70
     1
102
RTVSPropertyOp29
 70
     1
102
RTVSPropertyOp30
 70
     1
102
RTVSPropertyOp31
 70
     1
102
RTVSPropertyOp32
 70
     1
102
RTVSPropertyOp33
 70
     1
102
RTVSPropertyOp34
 70
     1
102
RTVSPropertyOp35
 70
     1
102
RTVSPropertyOp36
 70
     1
102
RTVSPropertyOp37
 70
     1
102
RTVSPropertyOp38
 70
     1
102
RTVSPropertyOp39
 70
     1
102
RTVSPropertyOp40
 70
     1
102
RTVSPropertyOp41
 70
     1
102
RTVSPropertyOp42
 70
     1
102
RTVSPropertyOp43
 70
     1
102
RTVSPropertyOp44
 70
     1
102
RTVSPropertyOp45
 70
     1
102
RTVSPropertyOp46
 70
     1
102
RTVSPropertyOp47
 70
     1
102
RTVSPropertyOp48
 70
     1
102
RTVSPropertyOp49
 70
     1
102
RTVSPropertyOp50
 70
     1
102
RTVSPropertyOp51
 70
     0
102
RTVSPropertyOp52
 70
     0
102
RTVSPropertyOp53
 70
     1
102
RTVSPropertyOp54
 70
     1
102
RTVSPropertyOp55
 70
     1
102
RTVSPropertyOp56
 70
     1
102
RTVSPropertyOp57
 70
     1
102
RTVSPropertyOp58
 70
     1
102
RTVSPropertyOp59
 70
     1
102
RTVSPropertyOp60
 70
     1
102
RTVSPropertyOp61
 70
     1
102
RTVSPropertyOp62
 70
     1
  0
XRECORD
  5
29D
102
{ACAD_REACTORS
330
29C
102
}
330
29C
100
AcDbXrecord
280
     1
102
RTVSPost2010Prop28
280
     0
102
RTVSPost2010PropOp28
 70
     1
102
RTVSPost2010Prop29
280
     1
102
RTVSPost2010PropOp29
 70
     1
102
RTVSPost2010Prop30
280
     1
102
RTVSPost2010PropOp30
 70
     1
102
RTVSPost2010Prop31
280
     0
102
RTVSPost2010PropOp31
 70
     1
102
RTVSPost2010Prop32
280
     0
102
RTVSPost2010PropOp32
 70
     1
102
RTVSPost2010Prop33
280
     0
102
RTVSPost2010PropOp33
 70
     1
102
RTVSPost2010Prop34
280
     0
102
RTVSPost2010PropOp34
 70
     1
102
RTVSPost2010Prop35
280
     0
102
RTVSPost2010PropOp35
 70
     1
102
RTVSPost2010Prop36
280
     0
102
RTVSPost2010PropOp36
 70
     1
102
RTVSPost2010Prop37
 90
       50
102
RTVSPost2010PropOp37
 70
     1
102
RTVSPost2010Prop38
140
0.0
102
RTVSPost2010PropOp38
 70
     1
102
RTVSPost2010Prop39
140
1.0
102
RTVSPost2010PropOp39
 70
     1
102
RTVSPost2010Prop40
 90
        0
102
RTVSPost2010PropOp40
 70
     1
102
RTVSPost2010Prop41ColorIndex
 90
       18
102
RTVSPost2010Prop41ColorRGB
 90
        0
102
RTVSPost2010PropOp41
 70
     1
102
RTVSPost2010Prop42
 90
       50
102
RTVSPost2010PropOp42
 70
     1
102
RTVSPost2010Prop43
 90
        3
102
RTVSPost2010PropOp43
 70
     1
102
RTVSPost2010Prop44ColorIndex
 90
        5
102
RTVSPost2010Prop44ColorRGB
 90
      255
102
RTVSPost2010PropOp44
 70
     1
102
RTVSPost2010Prop45
280
     0
102
RTVSPost2010PropOp45
 70
     1
102
RTVSPost2010Prop46
 90
       50
102
RTVSPost2010PropOp46
 70
     1
102
RTVSPost2010Prop47
 90
       50
102
RTVSPost2010PropOp47
 70
     1
102
RTVSPost2010Prop48
 90
       50
102
RTVSPost2010PropOp48
 70
     1
102
RTVSPost2010Prop49
280
     0
102
RTVSPost2010PropOp49
 70
     1
102
RTVSPost2010Prop50
 90
       50
102
RTVSPost2010PropOp50
 70
     1
102
RTVSPost2010Prop51ColorIndex
 90
      256
102
RTVSPost2010Prop51ColorRGB
 90
-16777216
102
RTVSPost2010PropOp51
 70
     0
102
RTVSPost2010Prop52
140
1.0
102
RTVSPost2010PropOp52
 70
     0
102
RTVSPost2010Prop53
 90
        2
102
RTVSPost2010PropOp53
 70
     1
102
RTVSPost2010Prop54
  1
strokes_ogs.tif
102
RTVSPost2010PropOp54
 70
     1
102
RTVSPost2010Prop55
280
     0
102
RTVSPost2010PropOp55
 70
     1
102
RTVSPost2010Prop56
140
1.0
102
RTVSPost2010PropOp56
 70
     1
102
RTVSPost2010Prop57
140
1.0
102
RTVSPost2010PropOp57
 70
     1
102
RTVSPropertyOp0
 70
     1
102
RTVSPropertyOp1
 70
     1
102
RTVSPropertyOp2
 70
     1
102
RTVSPropertyOp3
 70
     1
102
RTVSPropertyOp4
 70
     1
102
RTVSPropertyOp5
 70
     1
102
RTVSPropertyOp6
 70
     1
102
RTVSPropertyOp7
 70
     1
102
RTVSPropertyOp8
 70
     1
102
RTVSPropertyOp9
 70
     1
102
RTVSPropertyOp10
 70
     1
102
RTVSPropertyOp11
 70
     1
102
RTVSPropertyOp12
 70
     1
102
RTVSPropertyOp13
 70
     1
102
RTVSPropertyOp14
 70
     1
102
RTVSPropertyOp15
 70
     1
102
RTVSPropertyOp16
 70
     1
102
RTVSPropertyOp17
 70
     1
102
RTVSPropertyOp18
 70
     1
102
RTVSPropertyOp19
 70
     1
102
RTVSPropertyOp20
 70
     1
102
RTVSPropertyOp21
 70
     1
102
RTVSPropertyOp22
 70
     1
102
RTVSPropertyOp23
 70
     1
102
RTVSPropertyOp24
 70
     1
102
RTVSPropertyOp25
 70
     1
102
RTVSPropertyOp26
 70
     1
102
RTVSPropertyOp27
 70
     1
102
RTVSPropertyOp28
 70
     1
102
RTVSPropertyOp29
 70
     1
102
RTVSPropertyOp30
 70
     1
102
RTVSPropertyOp31
 70
     1
102
RTVSPropertyOp32
 70
     1
102
RTVSPropertyOp33
 70
     1
102
RTVSPropertyOp34
 70
     1
102
RTVSPropertyOp35
 70
     1
102
RTVSPropertyOp36
 70
     1
102
RTVSPropertyOp37
 70
     1
102
RTVSPropertyOp38
 70
     1
102
RTVSPropertyOp39
 70
     1
102
RTVSPropertyOp40
 70
     1
102
RTVSPropertyOp41
 70
     1
102
RTVSPropertyOp42
 70
     1
102
RTVSPropertyOp43
 70
     1
102
RTVSPropertyOp44
 70
     1
102
RTVSPropertyOp45
 70
     1
102
RTVSPropertyOp46
 70
     1
102
RTVSPropertyOp47
 70
     1
102
RTVSPropertyOp48
 70
     1
102
RTVSPropertyOp49
 70
     1
102
RTVSPropertyOp50
 70
     1
102
RTVSPropertyOp51
 70
     0
102
RTVSPropertyOp52
 70
     0
102
RTVSPropertyOp53
 70
     1
102
RTVSPropertyOp54
 70
     1
102
RTVSPropertyOp55
 70
     1
102
RTVSPropertyOp56
 70
     1
102
RTVSPropertyOp57
 70
     1
102
RTVSPropertyOp58
 70
     1
102
RTVSPropertyOp59
 70
     1
102
RTVSPropertyOp60
 70
     1
102
RTVSPropertyOp61
 70
     1
102
RTVSPropertyOp62
 70
     1
  0
XRECORD
  5
2A5
102
{ACAD_REACTORS
330
2A4
102
}
330
2A4
100
AcDbXrecord
280
     1
102
RTVSPost2010Prop28
280
     0
102
RTVSPost2010PropOp28
 70
     1
102
RTVSPost2010Prop29
280
     1
102
RTVSPost2010PropOp29
 70
     1
102
RTVSPost2010Prop30
280
     1
102
RTVSPost2010PropOp30
 70
     1
102
RTVSPost2010Prop31
280
     0
102
RTVSPost2010PropOp31
 70
     1
102
RTVSPost2010Prop32
280
     0
102
RTVSPost2010PropOp32
 70
     1
102
RTVSPost2010Prop33
280
     0
102
RTVSPost2010PropOp33
 70
     1
102
RTVSPost2010Prop34
280
     0
102
RTVSPost2010PropOp34
 70
     1
102
RTVSPost2010Prop35
280
     0
102
RTVSPost2010PropOp35
 70
     1
102
RTVSPost2010Prop36
280
     0
102
RTVSPost2010PropOp36
 70
     1
102
RTVSPost2010Prop37
 90
       50
102
RTVSPost2010PropOp37
 70
     1
102
RTVSPost2010Prop38
140
0.0
102
RTVSPost2010PropOp38
 70
     1
102
RTVSPost2010Prop39
140
1.0
102
RTVSPost2010PropOp39
 70
     1
102
RTVSPost2010Prop40
 90
        0
102
RTVSPost2010PropOp40
 70
     1
102
RTVSPost2010Prop41ColorIndex
 90
       18
102
RTVSPost2010Prop41ColorRGB
 90
        0
102
RTVSPost2010PropOp41
 70
     1
102
RTVSPost2010Prop42
 90
       50
102
RTVSPost2010PropOp42
 70
     1
102
RTVSPost2010Prop43
 90
        3
102
RTVSPost2010PropOp43
 70
     1
102
RTVSPost2010Prop44ColorIndex
 90
        5
102
RTVSPost2010Prop44ColorRGB
 90
      255
102
RTVSPost2010PropOp44
 70
     1
102
RTVSPost2010Prop45
280
     0
102
RTVSPost2010PropOp45
 70
     1
102
RTVSPost2010Prop46
 90
       50
102
RTVSPost2010PropOp46
 70
     1
102
RTVSPost2010Prop47
 90
       50
102
RTVSPost2010PropOp47
 70
     1
102
RTVSPost2010Prop48
 90
       50
102
RTVSPost2010PropOp48
 70
     1
102
RTVSPost2010Prop49
280
     0
102
RTVSPost2010PropOp49
 70
     1
102
RTVSPost2010Prop50
 90
       50
102
RTVSPost2010PropOp50
 70
     1
102
RTVSPost2010Prop51ColorIndex
 90
      256
102
RTVSPost2010Prop51ColorRGB
 90
-16777216
102
RTVSPost2010PropOp51
 70
     0
102
RTVSPost2010Prop52
140
1.0
102
RTVSPost2010PropOp52
 70
     0
102
RTVSPost2010Prop53
 90
        2
102
RTVSPost2010PropOp53
 70
     1
102
RTVSPost2010Prop54
  1
strokes_ogs.tif
102
RTVSPost2010PropOp54
 70
     1
102
RTVSPost2010Prop55
280
     0
102
RTVSPost2010PropOp55
 70
     1
102
RTVSPost2010Prop56
140
1.0
102
RTVSPost2010PropOp56
 70
     1
102
RTVSPost2010Prop57
140
1.0
102
RTVSPost2010PropOp57
 70
     1
102
RTVSPropertyOp0
 70
     1
102
RTVSPropertyOp1
 70
     1
102
RTVSPropertyOp2
 70
     1
102
RTVSPropertyOp3
 70
     1
102
RTVSPropertyOp4
 70
     1
102
RTVSPropertyOp5
 70
     1
102
RTVSPropertyOp6
 70
     1
102
RTVSPropertyOp7
 70
     1
102
RTVSPropertyOp8
 70
     1
102
RTVSPropertyOp9
 70
     1
102
RTVSPropertyOp10
 70
     1
102
RTVSPropertyOp11
 70
     1
102
RTVSPropertyOp12
 70
     1
102
RTVSPropertyOp13
 70
     1
102
RTVSPropertyOp14
 70
     1
102
RTVSPropertyOp15
 70
     1
102
RTVSPropertyOp16
 70
     1
102
RTVSPropertyOp17
 70
     1
102
RTVSPropertyOp18
 70
     1
102
RTVSPropertyOp19
 70
     1
102
RTVSPropertyOp20
 70
     1
102
RTVSPropertyOp21
 70
     1
102
RTVSPropertyOp22
 70
     1
102
RTVSPropertyOp23
 70
     1
102
RTVSPropertyOp24
 70
     1
102
RTVSPropertyOp25
 70
     1
102
RTVSPropertyOp26
 70
     1
102
RTVSPropertyOp27
 70
     1
102
RTVSPropertyOp28
 70
     1
102
RTVSPropertyOp29
 70
     1
102
RTVSPropertyOp30
 70
     1
102
RTVSPropertyOp31
 70
     1
102
RTVSPropertyOp32
 70
     1
102
RTVSPropertyOp33
 70
     1
102
RTVSPropertyOp34
 70
     1
102
RTVSPropertyOp35
 70
     1
102
RTVSPropertyOp36
 70
     1
102
RTVSPropertyOp37
 70
     1
102
RTVSPropertyOp38
 70
     1
102
RTVSPropertyOp39
 70
     1
102
RTVSPropertyOp40
 70
     1
102
RTVSPropertyOp41
 70
     1
102
RTVSPropertyOp42
 70
     1
102
RTVSPropertyOp43
 70
     1
102
RTVSPropertyOp44
 70
     1
102
RTVSPropertyOp45
 70
     1
102
RTVSPropertyOp46
 70
     1
102
RTVSPropertyOp47
 70
     1
102
RTVSPropertyOp48
 70
     1
102
RTVSPropertyOp49
 70
     1
102
RTVSPropertyOp50
 70
     1
102
RTVSPropertyOp51
 70
     0
102
RTVSPropertyOp52
 70
     0
102
RTVSPropertyOp53
 70
     1
102
RTVSPropertyOp54
 70
     1
102
RTVSPropertyOp55
 70
     1
102
RTVSPropertyOp56
 70
     1
102
RTVSPropertyOp57
 70
     1
102
RTVSPropertyOp58
 70
     1
102
RTVSPropertyOp59
 70
     1
102
RTVSPropertyOp60
 70
     1
102
RTVSPropertyOp61
 70
     1
102
RTVSPropertyOp62
 70
     1
  0
XRECORD
  5
297
102
{ACAD_REACTORS
330
296
102
}
330
296
100
AcDbXrecord
280
     1
102
RTVSPost2010Prop28
280
     0
102
RTVSPost2010PropOp28
 70
     1
102
RTVSPost2010Prop29
280
     1
102
RTVSPost2010PropOp29
 70
     1
102
RTVSPost2010Prop30
280
     1
102
RTVSPost2010PropOp30
 70
     1
102
RTVSPost2010Prop31
280
     0
102
RTVSPost2010PropOp31
 70
     1
102
RTVSPost2010Prop32
280
     0
102
RTVSPost2010PropOp32
 70
     1
102
RTVSPost2010Prop33
280
     0
102
RTVSPost2010PropOp33
 70
     1
102
RTVSPost2010Prop34
280
     0
102
RTVSPost2010PropOp34
 70
     1
102
RTVSPost2010Prop35
280
     0
102
RTVSPost2010PropOp35
 70
     1
102
RTVSPost2010Prop36
280
     0
102
RTVSPost2010PropOp36
 70
     1
102
RTVSPost2010Prop37
 90
       50
102
RTVSPost2010PropOp37
 70
     1
102
RTVSPost2010Prop38
140
0.0
102
RTVSPost2010PropOp38
 70
     1
102
RTVSPost2010Prop39
140
1.0
102
RTVSPost2010PropOp39
 70
     1
102
RTVSPost2010Prop40
 90
        0
102
RTVSPost2010PropOp40
 70
     1
102
RTVSPost2010Prop41ColorIndex
 90
       18
102
RTVSPost2010Prop41ColorRGB
 90
        0
102
RTVSPost2010PropOp41
 70
     1
102
RTVSPost2010Prop42
 90
       50
102
RTVSPost2010PropOp42
 70
     1
102
RTVSPost2010Prop43
 90
        3
102
RTVSPost2010PropOp43
 70
     1
102
RTVSPost2010Prop44ColorIndex
 90
        5
102
RTVSPost2010Prop44ColorRGB
 90
      255
102
RTVSPost2010PropOp44
 70
     1
102
RTVSPost2010Prop45
280
     0
102
RTVSPost2010PropOp45
 70
     1
102
RTVSPost2010Prop46
 90
       50
102
RTVSPost2010PropOp46
 70
     1
102
RTVSPost2010Prop47
 90
       50
102
RTVSPost2010PropOp47
 70
     1
102
RTVSPost2010Prop48
 90
       50
102
RTVSPost2010PropOp48
 70
     1
102
RTVSPost2010Prop49
280
     0
102
RTVSPost2010PropOp49
 70
     1
102
RTVSPost2010Prop50
 90
       50
102
RTVSPost2010PropOp50
 70
     1
102
RTVSPost2010Prop51ColorIndex
 90
      256
102
RTVSPost2010Prop51ColorRGB
 90
-16777216
102
RTVSPost2010PropOp51
 70
     0
102
RTVSPost2010Prop52
140
1.0
102
RTVSPost2010PropOp52
 70
     0
102
RTVSPost2010Prop53
 90
        2
102
RTVSPost2010PropOp53
 70
     1
102
RTVSPost2010Prop54
  1
strokes_ogs.tif
102
RTVSPost2010PropOp54
 70
     1
102
RTVSPost2010Prop55
280
     0
102
RTVSPost2010PropOp55
 70
     1
102
RTVSPost2010Prop56
140
1.0
102
RTVSPost2010PropOp56
 70
     1
102
RTVSPost2010Prop57
140
1.0
102
RTVSPost2010PropOp57
 70
     1
102
RTVSPropertyOp0
 70
     1
102
RTVSPropertyOp1
 70
     1
102
RTVSPropertyOp2
 70
     1
102
RTVSPropertyOp3
 70
     1
102
RTVSPropertyOp4
 70
     1
102
RTVSPropertyOp5
 70
     1
102
RTVSPropertyOp6
 70
     1
102
RTVSPropertyOp7
 70
     1
102
RTVSPropertyOp8
 70
     1
102
RTVSPropertyOp9
 70
     1
102
RTVSPropertyOp10
 70
     1
102
RTVSPropertyOp11
 70
     1
102
RTVSPropertyOp12
 70
     1
102
RTVSPropertyOp13
 70
     1
102
RTVSPropertyOp14
 70
     1
102
RTVSPropertyOp15
 70
     1
102
RTVSPropertyOp16
 70
     1
102
RTVSPropertyOp17
 70
     1
102
RTVSPropertyOp18
 70
     1
102
RTVSPropertyOp19
 70
     1
102
RTVSPropertyOp20
 70
     1
102
RTVSPropertyOp21
 70
     1
102
RTVSPropertyOp22
 70
     1
102
RTVSPropertyOp23
 70
     1
102
RTVSPropertyOp24
 70
     1
102
RTVSPropertyOp25
 70
     1
102
RTVSPropertyOp26
 70
     1
102
RTVSPropertyOp27
 70
     1
102
RTVSPropertyOp28
 70
     1
102
RTVSPropertyOp29
 70
     1
102
RTVSPropertyOp30
 70
     1
102
RTVSPropertyOp31
 70
     1
102
RTVSPropertyOp32
 70
     1
102
RTVSPropertyOp33
 70
     1
102
RTVSPropertyOp34
 70
     1
102
RTVSPropertyOp35
 70
     1
102
RTVSPropertyOp36
 70
     1
102
RTVSPropertyOp37
 70
     1
102
RTVSPropertyOp38
 70
     1
102
RTVSPropertyOp39
 70
     1
102
RTVSPropertyOp40
 70
     1
102
RTVSPropertyOp41
 70
     1
102
RTVSPropertyOp42
 70
     1
102
RTVSPropertyOp43
 70
     1
102
RTVSPropertyOp44
 70
     1
102
RTVSPropertyOp45
 70
     1
102
RTVSPropertyOp46
 70
     1
102
RTVSPropertyOp47
 70
     1
102
RTVSPropertyOp48
 70
     1
102
RTVSPropertyOp49
 70
     1
102
RTVSPropertyOp50
 70
     1
102
RTVSPropertyOp51
 70
     0
102
RTVSPropertyOp52
 70
     0
102
RTVSPropertyOp53
 70
     1
102
RTVSPropertyOp54
 70
     1
102
RTVSPropertyOp55
 70
     1
102
RTVSPropertyOp56
 70
     1
102
RTVSPropertyOp57
 70
     1
102
RTVSPropertyOp58
 70
     1
102
RTVSPropertyOp59
 70
     1
102
RTVSPropertyOp60
 70
     1
102
RTVSPropertyOp61
 70
     1
102
RTVSPropertyOp62
 70
     1
  0
XRECORD
  5
29B
102
{ACAD_REACTORS
330
29A
102
}
330
29A
100
AcDbXrecord
280
     1
102
RTVSPost2010Prop28
280
     0
102
RTVSPost2010PropOp28
 70
     1
102
RTVSPost2010Prop29
280
     1
102
RTVSPost2010PropOp29
 70
     1
102
RTVSPost2010Prop30
280
     1
102
RTVSPost2010PropOp30
 70
     1
102
RTVSPost2010Prop31
280
     0
102
RTVSPost2010PropOp31
 70
     1
102
RTVSPost2010Prop32
280
     0
102
RTVSPost2010PropOp32
 70
     1
102
RTVSPost2010Prop33
280
     0
102
RTVSPost2010PropOp33
 70
     1
102
RTVSPost2010Prop34
280
     0
102
RTVSPost2010PropOp34
 70
     1
102
RTVSPost2010Prop35
280
     0
102
RTVSPost2010PropOp35
 70
     1
102
RTVSPost2010Prop36
280
     0
102
RTVSPost2010PropOp36
 70
     1
102
RTVSPost2010Prop37
 90
       50
102
RTVSPost2010PropOp37
 70
     1
102
RTVSPost2010Prop38
140
0.0
102
RTVSPost2010PropOp38
 70
     1
102
RTVSPost2010Prop39
140
1.0
102
RTVSPost2010PropOp39
 70
     1
102
RTVSPost2010Prop40
 90
        0
102
RTVSPost2010PropOp40
 70
     1
102
RTVSPost2010Prop41ColorIndex
 90
       18
102
RTVSPost2010Prop41ColorRGB
 90
        0
102
RTVSPost2010PropOp41
 70
     1
102
RTVSPost2010Prop42
 90
       50
102
RTVSPost2010PropOp42
 70
     1
102
RTVSPost2010Prop43
 90
        3
102
RTVSPost2010PropOp43
 70
     1
102
RTVSPost2010Prop44ColorIndex
 90
        5
102
RTVSPost2010Prop44ColorRGB
 90
      255
102
RTVSPost2010PropOp44
 70
     1
102
RTVSPost2010Prop45
280
     0
102
RTVSPost2010PropOp45
 70
     1
102
RTVSPost2010Prop46
 90
       50
102
RTVSPost2010PropOp46
 70
     1
102
RTVSPost2010Prop47
 90
       50
102
RTVSPost2010PropOp47
 70
     1
102
RTVSPost2010Prop48
 90
       50
102
RTVSPost2010PropOp48
 70
     1
102
RTVSPost2010Prop49
280
     0
102
RTVSPost2010PropOp49
 70
     1
102
RTVSPost2010Prop50
 90
       50
102
RTVSPost2010PropOp50
 70
     1
102
RTVSPost2010Prop51ColorIndex
 90
      256
102
RTVSPost2010Prop51ColorRGB
 90
-16777216
102
RTVSPost2010PropOp51
 70
     0
102
RTVSPost2010Prop52
140
1.0
102
RTVSPost2010PropOp52
 70
     0
102
RTVSPost2010Prop53
 90
        2
102
RTVSPost2010PropOp53
 70
     1
102
RTVSPost2010Prop54
  1
strokes_ogs.tif
102
RTVSPost2010PropOp54
 70
     1
102
RTVSPost2010Prop55
280
     0
102
RTVSPost2010PropOp55
 70
     1
102
RTVSPost2010Prop56
140
1.0
102
RTVSPost2010PropOp56
 70
     1
102
RTVSPost2010Prop57
140
1.0
102
RTVSPost2010PropOp57
 70
     1
102
RTVSPropertyOp0
 70
     1
102
RTVSPropertyOp1
 70
     1
102
RTVSPropertyOp2
 70
     1
102
RTVSPropertyOp3
 70
     1
102
RTVSPropertyOp4
 70
     1
102
RTVSPropertyOp5
 70
     1
102
RTVSPropertyOp6
 70
     1
102
RTVSPropertyOp7
 70
     1
102
RTVSPropertyOp8
 70
     1
102
RTVSPropertyOp9
 70
     1
102
RTVSPropertyOp10
 70
     1
102
RTVSPropertyOp11
 70
     1
102
RTVSPropertyOp12
 70
     1
102
RTVSPropertyOp13
 70
     1
102
RTVSPropertyOp14
 70
     1
102
RTVSPropertyOp15
 70
     1
102
RTVSPropertyOp16
 70
     1
102
RTVSPropertyOp17
 70
     1
102
RTVSPropertyOp18
 70
     1
102
RTVSPropertyOp19
 70
     1
102
RTVSPropertyOp20
 70
     1
102
RTVSPropertyOp21
 70
     1
102
RTVSPropertyOp22
 70
     1
102
RTVSPropertyOp23
 70
     1
102
RTVSPropertyOp24
 70
     1
102
RTVSPropertyOp25
 70
     1
102
RTVSPropertyOp26
 70
     1
102
RTVSPropertyOp27
 70
     1
102
RTVSPropertyOp28
 70
     1
102
RTVSPropertyOp29
 70
     1
102
RTVSPropertyOp30
 70
     1
102
RTVSPropertyOp31
 70
     1
102
RTVSPropertyOp32
 70
     1
102
RTVSPropertyOp33
 70
     1
102
RTVSPropertyOp34
 70
     1
102
RTVSPropertyOp35
 70
     1
102
RTVSPropertyOp36
 70
     1
102
RTVSPropertyOp37
 70
     1
102
RTVSPropertyOp38
 70
     1
102
RTVSPropertyOp39
 70
     1
102
RTVSPropertyOp40
 70
     1
102
RTVSPropertyOp41
 70
     1
102
RTVSPropertyOp42
 70
     1
102
RTVSPropertyOp43
 70
     1
102
RTVSPropertyOp44
 70
     1
102
RTVSPropertyOp45
 70
     1
102
RTVSPropertyOp46
 70
     1
102
RTVSPropertyOp47
 70
     1
102
RTVSPropertyOp48
 70
     1
102
RTVSPropertyOp49
 70
     1
102
RTVSPropertyOp50
 70
     1
102
RTVSPropertyOp51
 70
     0
102
RTVSPropertyOp52
 70
     0
102
RTVSPropertyOp53
 70
     1
102
RTVSPropertyOp54
 70
     1
102
RTVSPropertyOp55
 70
     1
102
RTVSPropertyOp56
 70
     1
102
RTVSPropertyOp57
 70
     1
102
RTVSPropertyOp58
 70
     1
102
RTVSPropertyOp59
 70
     1
102
RTVSPropertyOp60
 70
     1
102
RTVSPropertyOp61
 70
     1
102
RTVSPropertyOp62
 70
     1
  0
XRECORD
  5
2AB
102
{ACAD_REACTORS
330
2AA
102
}
330
2AA
100
AcDbXrecord
280
     1
102
RTVSPost2010Prop28
280
     0
102
RTVSPost2010PropOp28
 70
     1
102
RTVSPost2010Prop29
280
     1
102
RTVSPost2010PropOp29
 70
     1
102
RTVSPost2010Prop30
280
     1
102
RTVSPost2010PropOp30
 70
     1
102
RTVSPost2010Prop31
280
     0
102
RTVSPost2010PropOp31
 70
     1
102
RTVSPost2010Prop32
280
     0
102
RTVSPost2010PropOp32
 70
     1
102
RTVSPost2010Prop33
280
     0
102
RTVSPost2010PropOp33
 70
     1
102
RTVSPost2010Prop34
280
     0
102
RTVSPost2010PropOp34
 70
     1
102
RTVSPost2010Prop35
280
     0
102
RTVSPost2010PropOp35
 70
     1
102
RTVSPost2010Prop36
280
     0
102
RTVSPost2010PropOp36
 70
     1
102
RTVSPost2010Prop37
 90
       50
102
RTVSPost2010PropOp37
 70
     1
102
RTVSPost2010Prop38
140
0.0
102
RTVSPost2010PropOp38
 70
     1
102
RTVSPost2010Prop39
140
1.0
102
RTVSPost2010PropOp39
 70
     1
102
RTVSPost2010Prop40
 90
        0
102
RTVSPost2010PropOp40
 70
     1
102
RTVSPost2010Prop41ColorIndex
 90
       18
102
RTVSPost2010Prop41ColorRGB
 90
        0
102
RTVSPost2010PropOp41
 70
     1
102
RTVSPost2010Prop42
 90
       50
102
RTVSPost2010PropOp42
 70
     1
102
RTVSPost2010Prop43
 90
        3
102
RTVSPost2010PropOp43
 70
     1
102
RTVSPost2010Prop44ColorIndex
 90
        5
102
RTVSPost2010Prop44ColorRGB
 90
      255
102
RTVSPost2010PropOp44
 70
     1
102
RTVSPost2010Prop45
280
     0
102
RTVSPost2010PropOp45
 70
     1
102
RTVSPost2010Prop46
 90
       50
102
RTVSPost2010PropOp46
 70
     1
102
RTVSPost2010Prop47
 90
       50
102
RTVSPost2010PropOp47
 70
     1
102
RTVSPost2010Prop48
 90
       50
102
RTVSPost2010PropOp48
 70
     1
102
RTVSPost2010Prop49
280
     0
102
RTVSPost2010PropOp49
 70
     1
102
RTVSPost2010Prop50
 90
       50
102
RTVSPost2010PropOp50
 70
     1
102
RTVSPost2010Prop51ColorIndex
 90
      256
102
RTVSPost2010Prop51ColorRGB
 90
-16777216
102
RTVSPost2010PropOp51
 70
     0
102
RTVSPost2010Prop52
140
1.0
102
RTVSPost2010PropOp52
 70
     0
102
RTVSPost2010Prop53
 90
        2
102
RTVSPost2010PropOp53
 70
     1
102
RTVSPost2010Prop54
  1
strokes_ogs.tif
102
RTVSPost2010PropOp54
 70
     1
102
RTVSPost2010Prop55
280
     0
102
RTVSPost2010PropOp55
 70
     1
102
RTVSPost2010Prop56
140
1.0
102
RTVSPost2010PropOp56
 70
     1
102
RTVSPost2010Prop57
140
1.0
102
RTVSPost2010PropOp57
 70
     1
102
RTVSPropertyOp0
 70
     0
102
RTVSPropertyOp1
 70
     0
102
RTVSPropertyOp2
 70
     0
102
RTVSPropertyOp3
 70
     0
102
RTVSPropertyOp4
 70
     0
102
RTVSPropertyOp5
 70
     0
102
RTVSPropertyOp6
 70
     0
102
RTVSPropertyOp7
 70
     0
102
RTVSPropertyOp8
 70
     0
102
RTVSPropertyOp9
 70
     0
102
RTVSPropertyOp10
 70
     0
102
RTVSPropertyOp11
 70
     0
102
RTVSPropertyOp12
 70
     0
102
RTVSPropertyOp13
 70
     0
102
RTVSPropertyOp14
 70
     2
102
RTVSPropertyOp15
 70
     0
102
RTVSPropertyOp16
 70
     0
102
RTVSPropertyOp17
 70
     0
102
RTVSPropertyOp18
 70
     0
102
RTVSPropertyOp19
 70
     0
102
RTVSPropertyOp20
 70
     0
102
RTVSPropertyOp21
 70
     0
102
RTVSPropertyOp22
 70
     0
102
RTVSPropertyOp23
 70
     0
102
RTVSPropertyOp24
 70
     0
102
RTVSPropertyOp25
 70
     0
102
RTVSPropertyOp26
 70
     0
102
RTVSPropertyOp27
 70
     0
102
RTVSPropertyOp28
 70
     1
102
RTVSPropertyOp29
 70
     1
102
RTVSPropertyOp30
 70
     1
102
RTVSPropertyOp31
 70
     1
102
RTVSPropertyOp32
 70
     1
102
RTVSPropertyOp33
 70
     1
102
RTVSPropertyOp34
 70
     1
102
RTVSPropertyOp35
 70
     1
102
RTVSPropertyOp36
 70
     1
102
RTVSPropertyOp37
 70
     1
102
RTVSPropertyOp38
 70
     1
102
RTVSPropertyOp39
 70
     1
102
RTVSPropertyOp40
 70
     1
102
RTVSPropertyOp41
 70
     1
102
RTVSPropertyOp42
 70
     1
102
RTVSPropertyOp43
 70
     1
102
RTVSPropertyOp44
 70
     1
102
RTVSPropertyOp45
 70
     1
102
RTVSPropertyOp46
 70
     1
102
RTVSPropertyOp47
 70
     1
102
RTVSPropertyOp48
 70
     1
102
RTVSPropertyOp49
 70
     1
102
RTVSPropertyOp50
 70
     1
102
RTVSPropertyOp51
 70
     0
102
RTVSPropertyOp52
 70
     0
102
RTVSPropertyOp53
 70
     1
102
RTVSPropertyOp54
 70
     1
102
RTVSPropertyOp55
 70
     1
102
RTVSPropertyOp56
 70
     1
102
RTVSPropertyOp57
 70
     1
102
RTVSPropertyOp58
 70
     1
102
RTVSPropertyOp59
 70
     1
102
RTVSPropertyOp60
 70
     1
102
RTVSPropertyOp61
 70
     1
102
RTVSPropertyOp62
 70
     1
  0
XRECORD
  5
2A3
102
{ACAD_REACTORS
330
2A2
102
}
330
2A2
100
AcDbXrecord
280
     1
102
RTVSPost2010Prop28
280
     0
102
RTVSPost2010PropOp28
 70
     1
102
RTVSPost2010Prop29
280
     1
102
RTVSPost2010PropOp29
 70
     1
102
RTVSPost2010Prop30
280
     1
102
RTVSPost2010PropOp30
 70
     1
102
RTVSPost2010Prop31
280
     0
102
RTVSPost2010PropOp31
 70
     1
102
RTVSPost2010Prop32
280
     0
102
RTVSPost2010PropOp32
 70
     1
102
RTVSPost2010Prop33
280
     0
102
RTVSPost2010PropOp33
 70
     1
102
RTVSPost2010Prop34
280
     0
102
RTVSPost2010PropOp34
 70
     1
102
RTVSPost2010Prop35
280
     0
102
RTVSPost2010PropOp35
 70
     1
102
RTVSPost2010Prop36
280
     0
102
RTVSPost2010PropOp36
 70
     1
102
RTVSPost2010Prop37
 90
       50
102
RTVSPost2010PropOp37
 70
     1
102
RTVSPost2010Prop38
140
0.0
102
RTVSPost2010PropOp38
 70
     1
102
RTVSPost2010Prop39
140
1.0
102
RTVSPost2010PropOp39
 70
     1
102
RTVSPost2010Prop40
 90
        0
102
RTVSPost2010PropOp40
 70
     1
102
RTVSPost2010Prop41ColorIndex
 90
       18
102
RTVSPost2010Prop41ColorRGB
 90
        0
102
RTVSPost2010PropOp41
 70
     1
102
RTVSPost2010Prop42
 90
       50
102
RTVSPost2010PropOp42
 70
     1
102
RTVSPost2010Prop43
 90
        3
102
RTVSPost2010PropOp43
 70
     1
102
RTVSPost2010Prop44ColorIndex
 90
        5
102
RTVSPost2010Prop44ColorRGB
 90
      255
102
RTVSPost2010PropOp44
 70
     1
102
RTVSPost2010Prop45
280
     0
102
RTVSPost2010PropOp45
 70
     1
102
RTVSPost2010Prop46
 90
       50
102
RTVSPost2010PropOp46
 70
     1
102
RTVSPost2010Prop47
 90
       50
102
RTVSPost2010PropOp47
 70
     1
102
RTVSPost2010Prop48
 90
       50
102
RTVSPost2010PropOp48
 70
     1
102
RTVSPost2010Prop49
280
     0
102
RTVSPost2010PropOp49
 70
     1
102
RTVSPost2010Prop50
 90
       50
102
RTVSPost2010PropOp50
 70
     1
102
RTVSPost2010Prop51ColorIndex
 90
      256
102
RTVSPost2010Prop51ColorRGB
 90
-16777216
102
RTVSPost2010PropOp51
 70
     0
102
RTVSPost2010Prop52
140
1.0
102
RTVSPost2010PropOp52
 70
     0
102
RTVSPost2010Prop53
 90
        2
102
RTVSPost2010PropOp53
 70
     1
102
RTVSPost2010Prop54
  1
strokes_ogs.tif
102
RTVSPost2010PropOp54
 70
     1
102
RTVSPost2010Prop55
280
     0
102
RTVSPost2010PropOp55
 70
     1
102
RTVSPost2010Prop56
140
1.0
102
RTVSPost2010PropOp56
 70
     1
102
RTVSPost2010Prop57
140
1.0
102
RTVSPost2010PropOp57
 70
     1
102
RTVSPropertyOp0
 70
     1
102
RTVSPropertyOp1
 70
     1
102
RTVSPropertyOp2
 70
     1
102
RTVSPropertyOp3
 70
     1
102
RTVSPropertyOp4
 70
     1
102
RTVSPropertyOp5
 70
     1
102
RTVSPropertyOp6
 70
     1
102
RTVSPropertyOp7
 70
     1
102
RTVSPropertyOp8
 70
     1
102
RTVSPropertyOp9
 70
     1
102
RTVSPropertyOp10
 70
     1
102
RTVSPropertyOp11
 70
     1
102
RTVSPropertyOp12
 70
     1
102
RTVSPropertyOp13
 70
     1
102
RTVSPropertyOp14
 70
     1
102
RTVSPropertyOp15
 70
     1
102
RTVSPropertyOp16
 70
     1
102
RTVSPropertyOp17
 70
     1
102
RTVSPropertyOp18
 70
     1
102
RTVSPropertyOp19
 70
     1
102
RTVSPropertyOp20
 70
     1
102
RTVSPropertyOp21
 70
     1
102
RTVSPropertyOp22
 70
     1
102
RTVSPropertyOp23
 70
     1
102
RTVSPropertyOp24
 70
     1
102
RTVSPropertyOp25
 70
     1
102
RTVSPropertyOp26
 70
     1
102
RTVSPropertyOp27
 70
     1
102
RTVSPropertyOp28
 70
     1
102
RTVSPropertyOp29
 70
     1
102
RTVSPropertyOp30
 70
     1
102
RTVSPropertyOp31
 70
     1
102
RTVSPropertyOp32
 70
     1
102
RTVSPropertyOp33
 70
     1
102
RTVSPropertyOp34
 70
     1
102
RTVSPropertyOp35
 70
     1
102
RTVSPropertyOp36
 70
     1
102
RTVSPropertyOp37
 70
     1
102
RTVSPropertyOp38
 70
     1
102
RTVSPropertyOp39
 70
     1
102
RTVSPropertyOp40
 70
     1
102
RTVSPropertyOp41
 70
     1
102
RTVSPropertyOp42
 70
     1
102
RTVSPropertyOp43
 70
     1
102
RTVSPropertyOp44
 70
     1
102
RTVSPropertyOp45
 70
     1
102
RTVSPropertyOp46
 70
     1
102
RTVSPropertyOp47
 70
     1
102
RTVSPropertyOp48
 70
     1
102
RTVSPropertyOp49
 70
     1
102
RTVSPropertyOp50
 70
     1
102
RTVSPropertyOp51
 70
     0
102
RTVSPropertyOp52
 70
     0
102
RTVSPropertyOp53
 70
     1
102
RTVSPropertyOp54
 70
     1
102
RTVSPropertyOp55
 70
     1
102
RTVSPropertyOp56
 70
     1
102
RTVSPropertyOp57
 70
     1
102
RTVSPropertyOp58
 70
     1
102
RTVSPropertyOp59
 70
     1
102
RTVSPropertyOp60
 70
     1
102
RTVSPropertyOp61
 70
     1
102
RTVSPropertyOp62
 70
     1
  0
XRECORD
  5
287
102
{ACAD_REACTORS
330
286
102
}
330
286
100
AcDbXrecord
280
     1
102
RTVSPost2010Prop28
280
     0
102
RTVSPost2010PropOp28
 70
     1
102
RTVSPost2010Prop29
280
     1
102
RTVSPost2010PropOp29
 70
     1
102
RTVSPost2010Prop30
280
     1
102
RTVSPost2010PropOp30
 70
     1
102
RTVSPost2010Prop31
280
     0
102
RTVSPost2010PropOp31
 70
     1
102
RTVSPost2010Prop32
280
     0
102
RTVSPost2010PropOp32
 70
     1
102
RTVSPost2010Prop33
280
     0
102
RTVSPost2010PropOp33
 70
     1
102
RTVSPost2010Prop34
280
     0
102
RTVSPost2010PropOp34
 70
     1
102
RTVSPost2010Prop35
280
     0
102
RTVSPost2010PropOp35
 70
     1
102
RTVSPost2010Prop36
280
     0
102
RTVSPost2010PropOp36
 70
     1
102
RTVSPost2010Prop37
 90
       50
102
RTVSPost2010PropOp37
 70
     1
102
RTVSPost2010Prop38
140
0.0
102
RTVSPost2010PropOp38
 70
     1
102
RTVSPost2010Prop39
140
1.0
102
RTVSPost2010PropOp39
 70
     1
102
RTVSPost2010Prop40
 90
        0
102
RTVSPost2010PropOp40
 70
     1
102
RTVSPost2010Prop41ColorIndex
 90
       18
102
RTVSPost2010Prop41ColorRGB
 90
        0
102
RTVSPost2010PropOp41
 70
     1
102
RTVSPost2010Prop42
 90
       50
102
RTVSPost2010PropOp42
 70
     1
102
RTVSPost2010Prop43
 90
        3
102
RTVSPost2010PropOp43
 70
     1
102
RTVSPost2010Prop44ColorIndex
 90
        5
102
RTVSPost2010Prop44ColorRGB
 90
      255
102
RTVSPost2010PropOp44
 70
     1
102
RTVSPost2010Prop45
280
     0
102
RTVSPost2010PropOp45
 70
     1
102
RTVSPost2010Prop46
 90
       50
102
RTVSPost2010PropOp46
 70
     1
102
RTVSPost2010Prop47
 90
       50
102
RTVSPost2010PropOp47
 70
     1
102
RTVSPost2010Prop48
 90
       50
102
RTVSPost2010PropOp48
 70
     1
102
RTVSPost2010Prop49
280
     0
102
RTVSPost2010PropOp49
 70
     1
102
RTVSPost2010Prop50
 90
       50
102
RTVSPost2010PropOp50
 70
     1
102
RTVSPost2010Prop51ColorIndex
 90
      256
102
RTVSPost2010Prop51ColorRGB
 90
-16777216
102
RTVSPost2010PropOp51
 70
     0
102
RTVSPost2010Prop52
140
1.0
102
RTVSPost2010PropOp52
 70
     0
102
RTVSPost2010Prop53
 90
        2
102
RTVSPost2010PropOp53
 70
     1
102
RTVSPost2010Prop54
  1
strokes_ogs.tif
102
RTVSPost2010PropOp54
 70
     1
102
RTVSPost2010Prop55
280
     0
102
RTVSPost2010PropOp55
 70
     1
102
RTVSPost2010Prop56
140
1.0
102
RTVSPost2010PropOp56
 70
     1
102
RTVSPost2010Prop57
140
1.0
102
RTVSPost2010PropOp57
 70
     1
102
RTVSPropertyOp0
 70
     1
102
RTVSPropertyOp1
 70
     1
102
RTVSPropertyOp2
 70
     1
102
RTVSPropertyOp3
 70
     1
102
RTVSPropertyOp4
 70
     1
102
RTVSPropertyOp5
 70
     1
102
RTVSPropertyOp6
 70
     1
102
RTVSPropertyOp7
 70
     1
102
RTVSPropertyOp8
 70
     1
102
RTVSPropertyOp9
 70
     1
102
RTVSPropertyOp10
 70
     1
102
RTVSPropertyOp11
 70
     1
102
RTVSPropertyOp12
 70
     1
102
RTVSPropertyOp13
 70
     1
102
RTVSPropertyOp14
 70
     1
102
RTVSPropertyOp15
 70
     1
102
RTVSPropertyOp16
 70
     1
102
RTVSPropertyOp17
 70
     1
102
RTVSPropertyOp18
 70
     1
102
RTVSPropertyOp19
 70
     1
102
RTVSPropertyOp20
 70
     1
102
RTVSPropertyOp21
 70
     1
102
RTVSPropertyOp22
 70
     1
102
RTVSPropertyOp23
 70
     1
102
RTVSPropertyOp24
 70
     1
102
RTVSPropertyOp25
 70
     1
102
RTVSPropertyOp26
 70
     1
102
RTVSPropertyOp27
 70
     1
102
RTVSPropertyOp28
 70
     1
102
RTVSPropertyOp29
 70
     1
102
RTVSPropertyOp30
 70
     1
102
RTVSPropertyOp31
 70
     1
102
RTVSPropertyOp32
 70
     1
102
RTVSPropertyOp33
 70
     1
102
RTVSPropertyOp34
 70
     1
102
RTVSPropertyOp35
 70
     1
102
RTVSPropertyOp36
 70
     1
102
RTVSPropertyOp37
 70
     1
102
RTVSPropertyOp38
 70
     1
102
RTVSPropertyOp39
 70
     1
102
RTVSPropertyOp40
 70
     1
102
RTVSPropertyOp41
 70
     1
102
RTVSPropertyOp42
 70
     1
102
RTVSPropertyOp43
 70
     1
102
RTVSPropertyOp44
 70
     1
102
RTVSPropertyOp45
 70
     1
102
RTVSPropertyOp46
 70
     1
102
RTVSPropertyOp47
 70
     1
102
RTVSPropertyOp48
 70
     1
102
RTVSPropertyOp49
 70
     1
102
RTVSPropertyOp50
 70
     1
102
RTVSPropertyOp51
 70
     0
102
RTVSPropertyOp52
 70
     0
102
RTVSPropertyOp53
 70
     1
102
RTVSPropertyOp54
 70
     1
102
RTVSPropertyOp55
 70
     1
102
RTVSPropertyOp56
 70
     1
102
RTVSPropertyOp57
 70
     1
102
RTVSPropertyOp58
 70
     1
102
RTVSPropertyOp59
 70
     1
102
RTVSPropertyOp60
 70
     1
102
RTVSPropertyOp61
 70
     1
102
RTVSPropertyOp62
 70
     1
  0
XRECORD
  5
289
102
{ACAD_REACTORS
330
288
102
}
330
288
100
AcDbXrecord
280
     1
102
RTVSPost2010Prop28
280
     0
102
RTVSPost2010PropOp28
 70
     1
102
RTVSPost2010Prop29
280
     1
102
RTVSPost2010PropOp29
 70
     1
102
RTVSPost2010Prop30
280
     1
102
RTVSPost2010PropOp30
 70
     1
102
RTVSPost2010Prop31
280
     0
102
RTVSPost2010PropOp31
 70
     1
102
RTVSPost2010Prop32
280
     0
102
RTVSPost2010PropOp32
 70
     1
102
RTVSPost2010Prop33
280
     0
102
RTVSPost2010PropOp33
 70
     1
102
RTVSPost2010Prop34
280
     0
102
RTVSPost2010PropOp34
 70
     1
102
RTVSPost2010Prop35
280
     0
102
RTVSPost2010PropOp35
 70
     1
102
RTVSPost2010Prop36
280
     0
102
RTVSPost2010PropOp36
 70
     1
102
RTVSPost2010Prop37
 90
       50
102
RTVSPost2010PropOp37
 70
     1
102
RTVSPost2010Prop38
140
0.0
102
RTVSPost2010PropOp38
 70
     1
102
RTVSPost2010Prop39
140
1.0
102
RTVSPost2010PropOp39
 70
     1
102
RTVSPost2010Prop40
 90
        0
102
RTVSPost2010PropOp40
 70
     1
102
RTVSPost2010Prop41ColorIndex
 90
       18
102
RTVSPost2010Prop41ColorRGB
 90
        0
102
RTVSPost2010PropOp41
 70
     1
102
RTVSPost2010Prop42
 90
       50
102
RTVSPost2010PropOp42
 70
     1
102
RTVSPost2010Prop43
 90
        3
102
RTVSPost2010PropOp43
 70
     1
102
RTVSPost2010Prop44ColorIndex
 90
        5
102
RTVSPost2010Prop44ColorRGB
 90
      255
102
RTVSPost2010PropOp44
 70
     1
102
RTVSPost2010Prop45
280
     0
102
RTVSPost2010PropOp45
 70
     1
102
RTVSPost2010Prop46
 90
       50
102
RTVSPost2010PropOp46
 70
     1
102
RTVSPost2010Prop47
 90
       50
102
RTVSPost2010PropOp47
 70
     1
102
RTVSPost2010Prop48
 90
       50
102
RTVSPost2010PropOp48
 70
     1
102
RTVSPost2010Prop49
280
     0
102
RTVSPost2010PropOp49
 70
     1
102
RTVSPost2010Prop50
 90
       50
102
RTVSPost2010PropOp50
 70
     1
102
RTVSPost2010Prop51ColorIndex
 90
      256
102
RTVSPost2010Prop51ColorRGB
 90
-16777216
102
RTVSPost2010PropOp51
 70
     0
102
RTVSPost2010Prop52
140
1.0
102
RTVSPost2010PropOp52
 70
     0
102
RTVSPost2010Prop53
 90
        2
102
RTVSPost2010PropOp53
 70
     1
102
RTVSPost2010Prop54
  1
strokes_ogs.tif
102
RTVSPost2010PropOp54
 70
     1
102
RTVSPost2010Prop55
280
     0
102
RTVSPost2010PropOp55
 70
     1
102
RTVSPost2010Prop56
140
1.0
102
RTVSPost2010PropOp56
 70
     1
102
RTVSPost2010Prop57
140
1.0
102
RTVSPost2010PropOp57
 70
     1
102
RTVSPropertyOp0
 70
     1
102
RTVSPropertyOp1
 70
     1
102
RTVSPropertyOp2
 70
     1
102
RTVSPropertyOp3
 70
     1
102
RTVSPropertyOp4
 70
     1
102
RTVSPropertyOp5
 70
     1
102
RTVSPropertyOp6
 70
     1
102
RTVSPropertyOp7
 70
     1
102
RTVSPropertyOp8
 70
     1
102
RTVSPropertyOp9
 70
     1
102
RTVSPropertyOp10
 70
     1
102
RTVSPropertyOp11
 70
     1
102
RTVSPropertyOp12
 70
     1
102
RTVSPropertyOp13
 70
     1
102
RTVSPropertyOp14
 70
     1
102
RTVSPropertyOp15
 70
     1
102
RTVSPropertyOp16
 70
     1
102
RTVSPropertyOp17
 70
     1
102
RTVSPropertyOp18
 70
     1
102
RTVSPropertyOp19
 70
     1
102
RTVSPropertyOp20
 70
     1
102
RTVSPropertyOp21
 70
     1
102
RTVSPropertyOp22
 70
     1
102
RTVSPropertyOp23
 70
     1
102
RTVSPropertyOp24
 70
     1
102
RTVSPropertyOp25
 70
     1
102
RTVSPropertyOp26
 70
     1
102
RTVSPropertyOp27
 70
     1
102
RTVSPropertyOp28
 70
     1
102
RTVSPropertyOp29
 70
     1
102
RTVSPropertyOp30
 70
     1
102
RTVSPropertyOp31
 70
     1
102
RTVSPropertyOp32
 70
     1
102
RTVSPropertyOp33
 70
     1
102
RTVSPropertyOp34
 70
     1
102
RTVSPropertyOp35
 70
     1
102
RTVSPropertyOp36
 70
     1
102
RTVSPropertyOp37
 70
     1
102
RTVSPropertyOp38
 70
     1
102
RTVSPropertyOp39
 70
     1
102
RTVSPropertyOp40
 70
     1
102
RTVSPropertyOp41
 70
     1
102
RTVSPropertyOp42
 70
     1
102
RTVSPropertyOp43
 70
     1
102
RTVSPropertyOp44
 70
     1
102
RTVSPropertyOp45
 70
     1
102
RTVSPropertyOp46
 70
     1
102
RTVSPropertyOp47
 70
     1
102
RTVSPropertyOp48
 70
     1
102
RTVSPropertyOp49
 70
     1
102
RTVSPropertyOp50
 70
     1
102
RTVSPropertyOp51
 70
     0
102
RTVSPropertyOp52
 70
     0
102
RTVSPropertyOp53
 70
     1
102
RTVSPropertyOp54
 70
     1
102
RTVSPropertyOp55
 70
     1
102
RTVSPropertyOp56
 70
     1
102
RTVSPropertyOp57
 70
     1
102
RTVSPropertyOp58
 70
     1
102
RTVSPropertyOp59
 70
     1
102
RTVSPropertyOp60
 70
     1
102
RTVSPropertyOp61
 70
     1
102
RTVSPropertyOp62
 70
     1
  0
XRECORD
  5
28B
102
{ACAD_REACTORS
330
28A
102
}
330
28A
100
AcDbXrecord
280
     1
102
RTVSPost2010Prop28
280
     0
102
RTVSPost2010PropOp28
 70
     1
102
RTVSPost2010Prop29
280
     1
102
RTVSPost2010PropOp29
 70
     1
102
RTVSPost2010Prop30
280
     1
102
RTVSPost2010PropOp30
 70
     1
102
RTVSPost2010Prop31
280
     0
102
RTVSPost2010PropOp31
 70
     1
102
RTVSPost2010Prop32
280
     0
102
RTVSPost2010PropOp32
 70
     1
102
RTVSPost2010Prop33
280
     0
102
RTVSPost2010PropOp33
 70
     1
102
RTVSPost2010Prop34
280
     0
102
RTVSPost2010PropOp34
 70
     1
102
RTVSPost2010Prop35
280
     0
102
RTVSPost2010PropOp35
 70
     1
102
RTVSPost2010Prop36
280
     0
102
RTVSPost2010PropOp36
 70
     1
102
RTVSPost2010Prop37
 90
       50
102
RTVSPost2010PropOp37
 70
     1
102
RTVSPost2010Prop38
140
0.0
102
RTVSPost2010PropOp38
 70
     1
102
RTVSPost2010Prop39
140
1.0
102
RTVSPost2010PropOp39
 70
     1
102
RTVSPost2010Prop40
 90
        0
102
RTVSPost2010PropOp40
 70
     1
102
RTVSPost2010Prop41ColorIndex
 90
       18
102
RTVSPost2010Prop41ColorRGB
 90
        0
102
RTVSPost2010PropOp41
 70
     1
102
RTVSPost2010Prop42
 90
       50
102
RTVSPost2010PropOp42
 70
     1
102
RTVSPost2010Prop43
 90
        3
102
RTVSPost2010PropOp43
 70
     1
102
RTVSPost2010Prop44ColorIndex
 90
        5
102
RTVSPost2010Prop44ColorRGB
 90
      255
102
RTVSPost2010PropOp44
 70
     1
102
RTVSPost2010Prop45
280
     0
102
RTVSPost2010PropOp45
 70
     1
102
RTVSPost2010Prop46
 90
       50
102
RTVSPost2010PropOp46
 70
     1
102
RTVSPost2010Prop47
 90
       50
102
RTVSPost2010PropOp47
 70
     1
102
RTVSPost2010Prop48
 90
       50
102
RTVSPost2010PropOp48
 70
     1
102
RTVSPost2010Prop49
280
     0
102
RTVSPost2010PropOp49
 70
     1
102
RTVSPost2010Prop50
 90
       50
102
RTVSPost2010PropOp50
 70
     1
102
RTVSPost2010Prop51ColorIndex
 90
      256
102
RTVSPost2010Prop51ColorRGB
 90
-16777216
102
RTVSPost2010PropOp51
 70
     0
102
RTVSPost2010Prop52
140
1.0
102
RTVSPost2010PropOp52
 70
     0
102
RTVSPost2010Prop53
 90
        2
102
RTVSPost2010PropOp53
 70
     1
102
RTVSPost2010Prop54
  1
strokes_ogs.tif
102
RTVSPost2010PropOp54
 70
     1
102
RTVSPost2010Prop55
280
     0
102
RTVSPost2010PropOp55
 70
     1
102
RTVSPost2010Prop56
140
1.0
102
RTVSPost2010PropOp56
 70
     1
102
RTVSPost2010Prop57
140
1.0
102
RTVSPost2010PropOp57
 70
     1
102
RTVSPropertyOp0
 70
     1
102
RTVSPropertyOp1
 70
     1
102
RTVSPropertyOp2
 70
     1
102
RTVSPropertyOp3
 70
     1
102
RTVSPropertyOp4
 70
     1
102
RTVSPropertyOp5
 70
     1
102
RTVSPropertyOp6
 70
     1
102
RTVSPropertyOp7
 70
     1
102
RTVSPropertyOp8
 70
     1
102
RTVSPropertyOp9
 70
     1
102
RTVSPropertyOp10
 70
     1
102
RTVSPropertyOp11
 70
     1
102
RTVSPropertyOp12
 70
     1
102
RTVSPropertyOp13
 70
     1
102
RTVSPropertyOp14
 70
     1
102
RTVSPropertyOp15
 70
     1
102
RTVSPropertyOp16
 70
     1
102
RTVSPropertyOp17
 70
     1
102
RTVSPropertyOp18
 70
     1
102
RTVSPropertyOp19
 70
     1
102
RTVSPropertyOp20
 70
     1
102
RTVSPropertyOp21
 70
     1
102
RTVSPropertyOp22
 70
     1
102
RTVSPropertyOp23
 70
     1
102
RTVSPropertyOp24
 70
     1
102
RTVSPropertyOp25
 70
     1
102
RTVSPropertyOp26
 70
     1
102
RTVSPropertyOp27
 70
     1
102
RTVSPropertyOp28
 70
     1
102
RTVSPropertyOp29
 70
     1
102
RTVSPropertyOp30
 70
     1
102
RTVSPropertyOp31
 70
     1
102
RTVSPropertyOp32
 70
     1
102
RTVSPropertyOp33
 70
     1
102
RTVSPropertyOp34
 70
     1
102
RTVSPropertyOp35
 70
     1
102
RTVSPropertyOp36
 70
     1
102
RTVSPropertyOp37
 70
     1
102
RTVSPropertyOp38
 70
     1
102
RTVSPropertyOp39
 70
     1
102
RTVSPropertyOp40
 70
     1
102
RTVSPropertyOp41
 70
     1
102
RTVSPropertyOp42
 70
     1
102
RTVSPropertyOp43
 70
     1
102
RTVSPropertyOp44
 70
     1
102
RTVSPropertyOp45
 70
     1
102
RTVSPropertyOp46
 70
     1
102
RTVSPropertyOp47
 70
     1
102
RTVSPropertyOp48
 70
     1
102
RTVSPropertyOp49
 70
     1
102
RTVSPropertyOp50
 70
     1
102
RTVSPropertyOp51
 70
     0
102
RTVSPropertyOp52
 70
     0
102
RTVSPropertyOp53
 70
     1
102
RTVSPropertyOp54
 70
     1
102
RTVSPropertyOp55
 70
     1
102
RTVSPropertyOp56
 70
     1
102
RTVSPropertyOp57
 70
     1
102
RTVSPropertyOp58
 70
     1
102
RTVSPropertyOp59
 70
     1
102
RTVSPropertyOp60
 70
     1
102
RTVSPropertyOp61
 70
     1
102
RTVSPropertyOp62
 70
     1
  0
XRECORD
  5
28D
102
{ACAD_REACTORS
330
28C
102
}
330
28C
100
AcDbXrecord
280
     1
102
RTVSPost2010Prop28
280
     0
102
RTVSPost2010PropOp28
 70
     1
102
RTVSPost2010Prop29
280
     1
102
RTVSPost2010PropOp29
 70
     1
102
RTVSPost2010Prop30
280
     1
102
RTVSPost2010PropOp30
 70
     1
102
RTVSPost2010Prop31
280
     0
102
RTVSPost2010PropOp31
 70
     1
102
RTVSPost2010Prop32
280
     0
102
RTVSPost2010PropOp32
 70
     1
102
RTVSPost2010Prop33
280
     0
102
RTVSPost2010PropOp33
 70
     1
102
RTVSPost2010Prop34
280
     0
102
RTVSPost2010PropOp34
 70
     1
102
RTVSPost2010Prop35
280
     0
102
RTVSPost2010PropOp35
 70
     1
102
RTVSPost2010Prop36
280
     0
102
RTVSPost2010PropOp36
 70
     1
102
RTVSPost2010Prop37
 90
       50
102
RTVSPost2010PropOp37
 70
     1
102
RTVSPost2010Prop38
140
0.0
102
RTVSPost2010PropOp38
 70
     1
102
RTVSPost2010Prop39
140
1.0
102
RTVSPost2010PropOp39
 70
     1
102
RTVSPost2010Prop40
 90
        0
102
RTVSPost2010PropOp40
 70
     1
102
RTVSPost2010Prop41ColorIndex
 90
       18
102
RTVSPost2010Prop41ColorRGB
 90
        0
102
RTVSPost2010PropOp41
 70
     1
102
RTVSPost2010Prop42
 90
       50
102
RTVSPost2010PropOp42
 70
     1
102
RTVSPost2010Prop43
 90
        3
102
RTVSPost2010PropOp43
 70
     1
102
RTVSPost2010Prop44ColorIndex
 90
        5
102
RTVSPost2010Prop44ColorRGB
 90
      255
102
RTVSPost2010PropOp44
 70
     1
102
RTVSPost2010Prop45
280
     0
102
RTVSPost2010PropOp45
 70
     1
102
RTVSPost2010Prop46
 90
       50
102
RTVSPost2010PropOp46
 70
     1
102
RTVSPost2010Prop47
 90
       50
102
RTVSPost2010PropOp47
 70
     1
102
RTVSPost2010Prop48
 90
       50
102
RTVSPost2010PropOp48
 70
     1
102
RTVSPost2010Prop49
280
     0
102
RTVSPost2010PropOp49
 70
     1
102
RTVSPost2010Prop50
 90
       50
102
RTVSPost2010PropOp50
 70
     1
102
RTVSPost2010Prop51ColorIndex
 90
      256
102
RTVSPost2010Prop51ColorRGB
 90
-16777216
102
RTVSPost2010PropOp51
 70
     0
102
RTVSPost2010Prop52
140
1.0
102
RTVSPost2010PropOp52
 70
     0
102
RTVSPost2010Prop53
 90
        2
102
RTVSPost2010PropOp53
 70
     1
102
RTVSPost2010Prop54
  1
strokes_ogs.tif
102
RTVSPost2010PropOp54
 70
     1
102
RTVSPost2010Prop55
280
     0
102
RTVSPost2010PropOp55
 70
     1
102
RTVSPost2010Prop56
140
1.0
102
RTVSPost2010PropOp56
 70
     1
102
RTVSPost2010Prop57
140
1.0
102
RTVSPost2010PropOp57
 70
     1
102
RTVSPropertyOp0
 70
     1
102
RTVSPropertyOp1
 70
     1
102
RTVSPropertyOp2
 70
     1
102
RTVSPropertyOp3
 70
     1
102
RTVSPropertyOp4
 70
     1
102
RTVSPropertyOp5
 70
     1
102
RTVSPropertyOp6
 70
     1
102
RTVSPropertyOp7
 70
     1
102
RTVSPropertyOp8
 70
     1
102
RTVSPropertyOp9
 70
     1
102
RTVSPropertyOp10
 70
     1
102
RTVSPropertyOp11
 70
     1
102
RTVSPropertyOp12
 70
     1
102
RTVSPropertyOp13
 70
     1
102
RTVSPropertyOp14
 70
     1
102
RTVSPropertyOp15
 70
     1
102
RTVSPropertyOp16
 70
     1
102
RTVSPropertyOp17
 70
     1
102
RTVSPropertyOp18
 70
     1
102
RTVSPropertyOp19
 70
     1
102
RTVSPropertyOp20
 70
     1
102
RTVSPropertyOp21
 70
     1
102
RTVSPropertyOp22
 70
     1
102
RTVSPropertyOp23
 70
     1
102
RTVSPropertyOp24
 70
     1
102
RTVSPropertyOp25
 70
     1
102
RTVSPropertyOp26
 70
     1
102
RTVSPropertyOp27
 70
     1
102
RTVSPropertyOp28
 70
     1
102
RTVSPropertyOp29
 70
     1
102
RTVSPropertyOp30
 70
     1
102
RTVSPropertyOp31
 70
     1
102
RTVSPropertyOp32
 70
     1
102
RTVSPropertyOp33
 70
     1
102
RTVSPropertyOp34
 70
     1
102
RTVSPropertyOp35
 70
     1
102
RTVSPropertyOp36
 70
     1
102
RTVSPropertyOp37
 70
     1
102
RTVSPropertyOp38
 70
     1
102
RTVSPropertyOp39
 70
     1
102
RTVSPropertyOp40
 70
     1
102
RTVSPropertyOp41
 70
     1
102
RTVSPropertyOp42
 70
     1
102
RTVSPropertyOp43
 70
     1
102
RTVSPropertyOp44
 70
     1
102
RTVSPropertyOp45
 70
     1
102
RTVSPropertyOp46
 70
     1
102
RTVSPropertyOp47
 70
     1
102
RTVSPropertyOp48
 70
     1
102
RTVSPropertyOp49
 70
     1
102
RTVSPropertyOp50
 70
     1
102
RTVSPropertyOp51
 70
     0
102
RTVSPropertyOp52
 70
     0
102
RTVSPropertyOp53
 70
     1
102
RTVSPropertyOp54
 70
     1
102
RTVSPropertyOp55
 70
     1
102
RTVSPropertyOp56
 70
     1
102
RTVSPropertyOp57
 70
     1
102
RTVSPropertyOp58
 70
     1
102
RTVSPropertyOp59
 70
     1
102
RTVSPropertyOp60
 70
     1
102
RTVSPropertyOp61
 70
     1
102
RTVSPropertyOp62
 70
     1
  0
XRECORD
  5
295
102
{ACAD_REACTORS
330
294
102
}
330
294
100
AcDbXrecord
280
     1
102
RTVSPost2010Prop28
280
     0
102
RTVSPost2010PropOp28
 70
     1
102
RTVSPost2010Prop29
280
     1
102
RTVSPost2010PropOp29
 70
     1
102
RTVSPost2010Prop30
280
     1
102
RTVSPost2010PropOp30
 70
     1
102
RTVSPost2010Prop31
280
     0
102
RTVSPost2010PropOp31
 70
     1
102
RTVSPost2010Prop32
280
     0
102
RTVSPost2010PropOp32
 70
     1
102
RTVSPost2010Prop33
280
     0
102
RTVSPost2010PropOp33
 70
     1
102
RTVSPost2010Prop34
280
     0
102
RTVSPost2010PropOp34
 70
     1
102
RTVSPost2010Prop35
280
     0
102
RTVSPost2010PropOp35
 70
     1
102
RTVSPost2010Prop36
280
     0
102
RTVSPost2010PropOp36
 70
     1
102
RTVSPost2010Prop37
 90
       50
102
RTVSPost2010PropOp37
 70
     1
102
RTVSPost2010Prop38
140
0.0
102
RTVSPost2010PropOp38
 70
     1
102
RTVSPost2010Prop39
140
1.0
102
RTVSPost2010PropOp39
 70
     1
102
RTVSPost2010Prop40
 90
        0
102
RTVSPost2010PropOp40
 70
     1
102
RTVSPost2010Prop41ColorIndex
 90
       18
102
RTVSPost2010Prop41ColorRGB
 90
        0
102
RTVSPost2010PropOp41
 70
     1
102
RTVSPost2010Prop42
 90
       50
102
RTVSPost2010PropOp42
 70
     1
102
RTVSPost2010Prop43
 90
        3
102
RTVSPost2010PropOp43
 70
     1
102
RTVSPost2010Prop44ColorIndex
 90
        5
102
RTVSPost2010Prop44ColorRGB
 90
      255
102
RTVSPost2010PropOp44
 70
     1
102
RTVSPost2010Prop45
280
     0
102
RTVSPost2010PropOp45
 70
     1
102
RTVSPost2010Prop46
 90
       50
102
RTVSPost2010PropOp46
 70
     1
102
RTVSPost2010Prop47
 90
       50
102
RTVSPost2010PropOp47
 70
     1
102
RTVSPost2010Prop48
 90
       50
102
RTVSPost2010PropOp48
 70
     1
102
RTVSPost2010Prop49
280
     0
102
RTVSPost2010PropOp49
 70
     1
102
RTVSPost2010Prop50
 90
       50
102
RTVSPost2010PropOp50
 70
     1
102
RTVSPost2010Prop51ColorIndex
 90
      256
102
RTVSPost2010Prop51ColorRGB
 90
-16777216
102
RTVSPost2010PropOp51
 70
     0
102
RTVSPost2010Prop52
140
1.0
102
RTVSPost2010PropOp52
 70
     0
102
RTVSPost2010Prop53
 90
        2
102
RTVSPost2010PropOp53
 70
     1
102
RTVSPost2010Prop54
  1
strokes_ogs.tif
102
RTVSPost2010PropOp54
 70
     1
102
RTVSPost2010Prop55
280
     0
102
RTVSPost2010PropOp55
 70
     1
102
RTVSPost2010Prop56
140
1.0
102
RTVSPost2010PropOp56
 70
     1
102
RTVSPost2010Prop57
140
1.0
102
RTVSPost2010PropOp57
 70
     1
102
RTVSPropertyOp0
 70
     1
102
RTVSPropertyOp1
 70
     1
102
RTVSPropertyOp2
 70
     1
102
RTVSPropertyOp3
 70
     1
102
RTVSPropertyOp4
 70
     1
102
RTVSPropertyOp5
 70
     1
102
RTVSPropertyOp6
 70
     1
102
RTVSPropertyOp7
 70
     1
102
RTVSPropertyOp8
 70
     1
102
RTVSPropertyOp9
 70
     1
102
RTVSPropertyOp10
 70
     1
102
RTVSPropertyOp11
 70
     1
102
RTVSPropertyOp12
 70
     1
102
RTVSPropertyOp13
 70
     1
102
RTVSPropertyOp14
 70
     1
102
RTVSPropertyOp15
 70
     1
102
RTVSPropertyOp16
 70
     1
102
RTVSPropertyOp17
 70
     1
102
RTVSPropertyOp18
 70
     1
102
RTVSPropertyOp19
 70
     1
102
RTVSPropertyOp20
 70
     1
102
RTVSPropertyOp21
 70
     1
102
RTVSPropertyOp22
 70
     1
102
RTVSPropertyOp23
 70
     1
102
RTVSPropertyOp24
 70
     1
102
RTVSPropertyOp25
 70
     1
102
RTVSPropertyOp26
 70
     1
102
RTVSPropertyOp27
 70
     1
102
RTVSPropertyOp28
 70
     1
102
RTVSPropertyOp29
 70
     1
102
RTVSPropertyOp30
 70
     1
102
RTVSPropertyOp31
 70
     1
102
RTVSPropertyOp32
 70
     1
102
RTVSPropertyOp33
 70
     1
102
RTVSPropertyOp34
 70
     1
102
RTVSPropertyOp35
 70
     1
102
RTVSPropertyOp36
 70
     1
102
RTVSPropertyOp37
 70
     1
102
RTVSPropertyOp38
 70
     1
102
RTVSPropertyOp39
 70
     1
102
RTVSPropertyOp40
 70
     1
102
RTVSPropertyOp41
 70
     1
102
RTVSPropertyOp42
 70
     1
102
RTVSPropertyOp43
 70
     1
102
RTVSPropertyOp44
 70
     1
102
RTVSPropertyOp45
 70
     1
102
RTVSPropertyOp46
 70
     1
102
RTVSPropertyOp47
 70
     1
102
RTVSPropertyOp48
 70
     1
102
RTVSPropertyOp49
 70
     1
102
RTVSPropertyOp50
 70
     1
102
RTVSPropertyOp51
 70
     0
102
RTVSPropertyOp52
 70
     0
102
RTVSPropertyOp53
 70
     1
102
RTVSPropertyOp54
 70
     1
102
RTVSPropertyOp55
 70
     1
102
RTVSPropertyOp56
 70
     1
102
RTVSPropertyOp57
 70
     1
102
RTVSPropertyOp58
 70
     1
102
RTVSPropertyOp59
 70
     1
102
RTVSPropertyOp60
 70
     1
102
RTVSPropertyOp61
 70
     1
102
RTVSPropertyOp62
 70
     1
  0
XRECORD
  5
2A7
102
{ACAD_REACTORS
330
2A6
102
}
330
2A6
100
AcDbXrecord
280
     1
102
RTVSPost2010Prop28
280
     0
102
RTVSPost2010PropOp28
 70
     1
102
RTVSPost2010Prop29
280
     1
102
RTVSPost2010PropOp29
 70
     1
102
RTVSPost2010Prop30
280
     1
102
RTVSPost2010PropOp30
 70
     1
102
RTVSPost2010Prop31
280
     0
102
RTVSPost2010PropOp31
 70
     1
102
RTVSPost2010Prop32
280
     0
102
RTVSPost2010PropOp32
 70
     1
102
RTVSPost2010Prop33
280
     0
102
RTVSPost2010PropOp33
 70
     1
102
RTVSPost2010Prop34
280
     0
102
RTVSPost2010PropOp34
 70
     1
102
RTVSPost2010Prop35
280
     0
102
RTVSPost2010PropOp35
 70
     1
102
RTVSPost2010Prop36
280
     0
102
RTVSPost2010PropOp36
 70
     1
102
RTVSPost2010Prop37
 90
       50
102
RTVSPost2010PropOp37
 70
     1
102
RTVSPost2010Prop38
140
0.0
102
RTVSPost2010PropOp38
 70
     1
102
RTVSPost2010Prop39
140
1.0
102
RTVSPost2010PropOp39
 70
     1
102
RTVSPost2010Prop40
 90
        0
102
RTVSPost2010PropOp40
 70
     1
102
RTVSPost2010Prop41ColorIndex
 90
       18
102
RTVSPost2010Prop41ColorRGB
 90
        0
102
RTVSPost2010PropOp41
 70
     1
102
RTVSPost2010Prop42
 90
       50
102
RTVSPost2010PropOp42
 70
     1
102
RTVSPost2010Prop43
 90
        3
102
RTVSPost2010PropOp43
 70
     1
102
RTVSPost2010Prop44ColorIndex
 90
        5
102
RTVSPost2010Prop44ColorRGB
 90
      255
102
RTVSPost2010PropOp44
 70
     1
102
RTVSPost2010Prop45
280
     0
102
RTVSPost2010PropOp45
 70
     1
102
RTVSPost2010Prop46
 90
       50
102
RTVSPost2010PropOp46
 70
     1
102
RTVSPost2010Prop47
 90
       50
102
RTVSPost2010PropOp47
 70
     1
102
RTVSPost2010Prop48
 90
       50
102
RTVSPost2010PropOp48
 70
     1
102
RTVSPost2010Prop49
280
     0
102
RTVSPost2010PropOp49
 70
     1
102
RTVSPost2010Prop50
 90
       50
102
RTVSPost2010PropOp50
 70
     1
102
RTVSPost2010Prop51ColorIndex
 90
      256
102
RTVSPost2010Prop51ColorRGB
 90
-16777216
102
RTVSPost2010PropOp51
 70
     0
102
RTVSPost2010Prop52
140
1.0
102
RTVSPost2010PropOp52
 70
     0
102
RTVSPost2010Prop53
 90
        2
102
RTVSPost2010PropOp53
 70
     1
102
RTVSPost2010Prop54
  1
strokes_ogs.tif
102
RTVSPost2010PropOp54
 70
     1
102
RTVSPost2010Prop55
280
     0
102
RTVSPost2010PropOp55
 70
     1
102
RTVSPost2010Prop56
140
1.0
102
RTVSPost2010PropOp56
 70
     1
102
RTVSPost2010Prop57
140
1.0
102
RTVSPost2010PropOp57
 70
     1
102
RTVSPropertyOp0
 70
     0
102
RTVSPropertyOp1
 70
     0
102
RTVSPropertyOp2
 70
     0
102
RTVSPropertyOp3
 70
     0
102
RTVSPropertyOp4
 70
     0
102
RTVSPropertyOp5
 70
     0
102
RTVSPropertyOp6
 70
     0
102
RTVSPropertyOp7
 70
     0
102
RTVSPropertyOp8
 70
     0
102
RTVSPropertyOp9
 70
     0
102
RTVSPropertyOp10
 70
     0
102
RTVSPropertyOp11
 70
     0
102
RTVSPropertyOp12
 70
     0
102
RTVSPropertyOp13
 70
     0
102
RTVSPropertyOp14
 70
     2
102
RTVSPropertyOp15
 70
     0
102
RTVSPropertyOp16
 70
     0
102
RTVSPropertyOp17
 70
     0
102
RTVSPropertyOp18
 70
     0
102
RTVSPropertyOp19
 70
     0
102
RTVSPropertyOp20
 70
     0
102
RTVSPropertyOp21
 70
     0
102
RTVSPropertyOp22
 70
     0
102
RTVSPropertyOp23
 70
     0
102
RTVSPropertyOp24
 70
     0
102
RTVSPropertyOp25
 70
     0
102
RTVSPropertyOp26
 70
     0
102
RTVSPropertyOp27
 70
     0
102
RTVSPropertyOp28
 70
     1
102
RTVSPropertyOp29
 70
     1
102
RTVSPropertyOp30
 70
     1
102
RTVSPropertyOp31
 70
     1
102
RTVSPropertyOp32
 70
     1
102
RTVSPropertyOp33
 70
     1
102
RTVSPropertyOp34
 70
     1
102
RTVSPropertyOp35
 70
     1
102
RTVSPropertyOp36
 70
     1
102
RTVSPropertyOp37
 70
     1
102
RTVSPropertyOp38
 70
     1
102
RTVSPropertyOp39
 70
     1
102
RTVSPropertyOp40
 70
     1
102
RTVSPropertyOp41
 70
     1
102
RTVSPropertyOp42
 70
     1
102
RTVSPropertyOp43
 70
     1
102
RTVSPropertyOp44
 70
     1
102
RTVSPropertyOp45
 70
     1
102
RTVSPropertyOp46
 70
     1
102
RTVSPropertyOp47
 70
     1
102
RTVSPropertyOp48
 70
     1
102
RTVSPropertyOp49
 70
     1
102
RTVSPropertyOp50
 70
     1
102
RTVSPropertyOp51
 70
     0
102
RTVSPropertyOp52
 70
     0
102
RTVSPropertyOp53
 70
     1
102
RTVSPropertyOp54
 70
     1
102
RTVSPropertyOp55
 70
     1
102
RTVSPropertyOp56
 70
     1
102
RTVSPropertyOp57
 70
     1
102
RTVSPropertyOp58
 70
     1
102
RTVSPropertyOp59
 70
     1
102
RTVSPropertyOp60
 70
     1
102
RTVSPropertyOp61
 70
     1
102
RTVSPropertyOp62
 70
     1
  0
XRECORD
  5
2A1
102
{ACAD_REACTORS
330
2A0
102
}
330
2A0
100
AcDbXrecord
280
     1
102
RTVSPost2010Prop28
280
     0
102
RTVSPost2010PropOp28
 70
     1
102
RTVSPost2010Prop29
280
     1
102
RTVSPost2010PropOp29
 70
     1
102
RTVSPost2010Prop30
280
     1
102
RTVSPost2010PropOp30
 70
     1
102
RTVSPost2010Prop31
280
     0
102
RTVSPost2010PropOp31
 70
     1
102
RTVSPost2010Prop32
280
     0
102
RTVSPost2010PropOp32
 70
     1
102
RTVSPost2010Prop33
280
     0
102
RTVSPost2010PropOp33
 70
     1
102
RTVSPost2010Prop34
280
     0
102
RTVSPost2010PropOp34
 70
     1
102
RTVSPost2010Prop35
280
     0
102
RTVSPost2010PropOp35
 70
     1
102
RTVSPost2010Prop36
280
     0
102
RTVSPost2010PropOp36
 70
     1
102
RTVSPost2010Prop37
 90
       50
102
RTVSPost2010PropOp37
 70
     1
102
RTVSPost2010Prop38
140
0.0
102
RTVSPost2010PropOp38
 70
     1
102
RTVSPost2010Prop39
140
1.0
102
RTVSPost2010PropOp39
 70
     1
102
RTVSPost2010Prop40
 90
        0
102
RTVSPost2010PropOp40
 70
     1
102
RTVSPost2010Prop41ColorIndex
 90
       18
102
RTVSPost2010Prop41ColorRGB
 90
        0
102
RTVSPost2010PropOp41
 70
     1
102
RTVSPost2010Prop42
 90
       50
102
RTVSPost2010PropOp42
 70
     1
102
RTVSPost2010Prop43
 90
        3
102
RTVSPost2010PropOp43
 70
     1
102
RTVSPost2010Prop44ColorIndex
 90
        5
102
RTVSPost2010Prop44ColorRGB
 90
      255
102
RTVSPost2010PropOp44
 70
     1
102
RTVSPost2010Prop45
280
     0
102
RTVSPost2010PropOp45
 70
     1
102
RTVSPost2010Prop46
 90
       50
102
RTVSPost2010PropOp46
 70
     1
102
RTVSPost2010Prop47
 90
       50
102
RTVSPost2010PropOp47
 70
     1
102
RTVSPost2010Prop48
 90
       50
102
RTVSPost2010PropOp48
 70
     1
102
RTVSPost2010Prop49
280
     0
102
RTVSPost2010PropOp49
 70
     1
102
RTVSPost2010Prop50
 90
       50
102
RTVSPost2010PropOp50
 70
     1
102
RTVSPost2010Prop51ColorIndex
 90
      256
102
RTVSPost2010Prop51ColorRGB
 90
-16777216
102
RTVSPost2010PropOp51
 70
     0
102
RTVSPost2010Prop52
140
1.0
102
RTVSPost2010PropOp52
 70
     0
102
RTVSPost2010Prop53
 90
        2
102
RTVSPost2010PropOp53
 70
     1
102
RTVSPost2010Prop54
  1
strokes_ogs.tif
102
RTVSPost2010PropOp54
 70
     1
102
RTVSPost2010Prop55
280
     0
102
RTVSPost2010PropOp55
 70
     1
102
RTVSPost2010Prop56
140
1.0
102
RTVSPost2010PropOp56
 70
     1
102
RTVSPost2010Prop57
140
1.0
102
RTVSPost2010PropOp57
 70
     1
102
RTVSPropertyOp0
 70
     1
102
RTVSPropertyOp1
 70
     1
102
RTVSPropertyOp2
 70
     1
102
RTVSPropertyOp3
 70
     1
102
RTVSPropertyOp4
 70
     1
102
RTVSPropertyOp5
 70
     1
102
RTVSPropertyOp6
 70
     1
102
RTVSPropertyOp7
 70
     1
102
RTVSPropertyOp8
 70
     1
102
RTVSPropertyOp9
 70
     1
102
RTVSPropertyOp10
 70
     1
102
RTVSPropertyOp11
 70
     1
102
RTVSPropertyOp12
 70
     1
102
RTVSPropertyOp13
 70
     1
102
RTVSPropertyOp14
 70
     1
102
RTVSPropertyOp15
 70
     1
102
RTVSPropertyOp16
 70
     1
102
RTVSPropertyOp17
 70
     1
102
RTVSPropertyOp18
 70
     1
102
RTVSPropertyOp19
 70
     1
102
RTVSPropertyOp20
 70
     1
102
RTVSPropertyOp21
 70
     1
102
RTVSPropertyOp22
 70
     1
102
RTVSPropertyOp23
 70
     1
102
RTVSPropertyOp24
 70
     1
102
RTVSPropertyOp25
 70
     1
102
RTVSPropertyOp26
 70
     1
102
RTVSPropertyOp27
 70
     1
102
RTVSPropertyOp28
 70
     1
102
RTVSPropertyOp29
 70
     1
102
RTVSPropertyOp30
 70
     1
102
RTVSPropertyOp31
 70
     1
102
RTVSPropertyOp32
 70
     1
102
RTVSPropertyOp33
 70
     1
102
RTVSPropertyOp34
 70
     1
102
RTVSPropertyOp35
 70
     1
102
RTVSPropertyOp36
 70
     1
102
RTVSPropertyOp37
 70
     1
102
RTVSPropertyOp38
 70
     1
102
RTVSPropertyOp39
 70
     1
102
RTVSPropertyOp40
 70
     1
102
RTVSPropertyOp41
 70
     1
102
RTVSPropertyOp42
 70
     1
102
RTVSPropertyOp43
 70
     1
102
RTVSPropertyOp44
 70
     1
102
RTVSPropertyOp45
 70
     1
102
RTVSPropertyOp46
 70
     1
102
RTVSPropertyOp47
 70
     1
102
RTVSPropertyOp48
 70
     1
102
RTVSPropertyOp49
 70
     1
102
RTVSPropertyOp50
 70
     1
102
RTVSPropertyOp51
 70
     0
102
RTVSPropertyOp52
 70
     0
102
RTVSPropertyOp53
 70
     1
102
RTVSPropertyOp54
 70
     1
102
RTVSPropertyOp55
 70
     1
102
RTVSPropertyOp56
 70
     1
102
RTVSPropertyOp57
 70
     1
102
RTVSPropertyOp58
 70
     1
102
RTVSPropertyOp59
 70
     1
102
RTVSPropertyOp60
 70
     1
102
RTVSPropertyOp61
 70
     1
102
RTVSPropertyOp62
 70
     1
  0
XRECORD
  5
2A9
102
{ACAD_REACTORS
330
2A8
102
}
330
2A8
100
AcDbXrecord
280
     1
102
RTVSPost2010Prop28
280
     0
102
RTVSPost2010PropOp28
 70
     1
102
RTVSPost2010Prop29
280
     1
102
RTVSPost2010PropOp29
 70
     1
102
RTVSPost2010Prop30
280
     1
102
RTVSPost2010PropOp30
 70
     1
102
RTVSPost2010Prop31
280
     0
102
RTVSPost2010PropOp31
 70
     1
102
RTVSPost2010Prop32
280
     0
102
RTVSPost2010PropOp32
 70
     1
102
RTVSPost2010Prop33
280
     0
102
RTVSPost2010PropOp33
 70
     1
102
RTVSPost2010Prop34
280
     0
102
RTVSPost2010PropOp34
 70
     1
102
RTVSPost2010Prop35
280
     0
102
RTVSPost2010PropOp35
 70
     1
102
RTVSPost2010Prop36
280
     0
102
RTVSPost2010PropOp36
 70
     1
102
RTVSPost2010Prop37
 90
       50
102
RTVSPost2010PropOp37
 70
     1
102
RTVSPost2010Prop38
140
0.0
102
RTVSPost2010PropOp38
 70
     1
102
RTVSPost2010Prop39
140
1.0
102
RTVSPost2010PropOp39
 70
     1
102
RTVSPost2010Prop40
 90
        0
102
RTVSPost2010PropOp40
 70
     1
102
RTVSPost2010Prop41ColorIndex
 90
       18
102
RTVSPost2010Prop41ColorRGB
 90
        0
102
RTVSPost2010PropOp41
 70
     1
102
RTVSPost2010Prop42
 90
       50
102
RTVSPost2010PropOp42
 70
     1
102
RTVSPost2010Prop43
 90
        3
102
RTVSPost2010PropOp43
 70
     1
102
RTVSPost2010Prop44ColorIndex
 90
        5
102
RTVSPost2010Prop44ColorRGB
 90
      255
102
RTVSPost2010PropOp44
 70
     1
102
RTVSPost2010Prop45
280
     0
102
RTVSPost2010PropOp45
 70
     1
102
RTVSPost2010Prop46
 90
       50
102
RTVSPost2010PropOp46
 70
     1
102
RTVSPost2010Prop47
 90
       50
102
RTVSPost2010PropOp47
 70
     1
102
RTVSPost2010Prop48
 90
       50
102
RTVSPost2010PropOp48
 70
     1
102
RTVSPost2010Prop49
280
     0
102
RTVSPost2010PropOp49
 70
     1
102
RTVSPost2010Prop50
 90
       50
102
RTVSPost2010PropOp50
 70
     1
102
RTVSPost2010Prop51ColorIndex
 90
      256
102
RTVSPost2010Prop51ColorRGB
 90
-16777216
102
RTVSPost2010PropOp51
 70
     0
102
RTVSPost2010Prop52
140
1.0
102
RTVSPost2010PropOp52
 70
     0
102
RTVSPost2010Prop53
 90
        2
102
RTVSPost2010PropOp53
 70
     1
102
RTVSPost2010Prop54
  1
strokes_ogs.tif
102
RTVSPost2010PropOp54
 70
     1
102
RTVSPost2010Prop55
280
     0
102
RTVSPost2010PropOp55
 70
     1
102
RTVSPost2010Prop56
140
1.0
102
RTVSPost2010PropOp56
 70
     1
102
RTVSPost2010Prop57
140
1.0
102
RTVSPost2010PropOp57
 70
     1
102
RTVSPropertyOp0
 70
     0
102
RTVSPropertyOp1
 70
     0
102
RTVSPropertyOp2
 70
     0
102
RTVSPropertyOp3
 70
     0
102
RTVSPropertyOp4
 70
     0
102
RTVSPropertyOp5
 70
     0
102
RTVSPropertyOp6
 70
     0
102
RTVSPropertyOp7
 70
     0
102
RTVSPropertyOp8
 70
     0
102
RTVSPropertyOp9
 70
     0
102
RTVSPropertyOp10
 70
     0
102
RTVSPropertyOp11
 70
     0
102
RTVSPropertyOp12
 70
     0
102
RTVSPropertyOp13
 70
     0
102
RTVSPropertyOp14
 70
     2
102
RTVSPropertyOp15
 70
     0
102
RTVSPropertyOp16
 70
     0
102
RTVSPropertyOp17
 70
     0
102
RTVSPropertyOp18
 70
     0
102
RTVSPropertyOp19
 70
     0
102
RTVSPropertyOp20
 70
     0
102
RTVSPropertyOp21
 70
     0
102
RTVSPropertyOp22
 70
     0
102
RTVSPropertyOp23
 70
     0
102
RTVSPropertyOp24
 70
     0
102
RTVSPropertyOp25
 70
     0
102
RTVSPropertyOp26
 70
     0
102
RTVSPropertyOp27
 70
     0
102
RTVSPropertyOp28
 70
     1
102
RTVSPropertyOp29
 70
     1
102
RTVSPropertyOp30
 70
     1
102
RTVSPropertyOp31
 70
     1
102
RTVSPropertyOp32
 70
     1
102
RTVSPropertyOp33
 70
     1
102
RTVSPropertyOp34
 70
     1
102
RTVSPropertyOp35
 70
     1
102
RTVSPropertyOp36
 70
     1
102
RTVSPropertyOp37
 70
     1
102
RTVSPropertyOp38
 70
     1
102
RTVSPropertyOp39
 70
     1
102
RTVSPropertyOp40
 70
     1
102
RTVSPropertyOp41
 70
     1
102
RTVSPropertyOp42
 70
     1
102
RTVSPropertyOp43
 70
     1
102
RTVSPropertyOp44
 70
     1
102
RTVSPropertyOp45
 70
     1
102
RTVSPropertyOp46
 70
     1
102
RTVSPropertyOp47
 70
     1
102
RTVSPropertyOp48
 70
     1
102
RTVSPropertyOp49
 70
     1
102
RTVSPropertyOp50
 70
     1
102
RTVSPropertyOp51
 70
     0
102
RTVSPropertyOp52
 70
     0
102
RTVSPropertyOp53
 70
     1
102
RTVSPropertyOp54
 70
     1
102
RTVSPropertyOp55
 70
     1
102
RTVSPropertyOp56
 70
     1
102
RTVSPropertyOp57
 70
     1
102
RTVSPropertyOp58
 70
     1
102
RTVSPropertyOp59
 70
     1
102
RTVSPropertyOp60
 70
     1
102
RTVSPropertyOp61
 70
     1
102
RTVSPropertyOp62
 70
     1
  0
XRECORD
  5
299
102
{ACAD_REACTORS
330
298
102
}
330
298
100
AcDbXrecord
280
     1
102
RTVSPost2010Prop28
280
     0
102
RTVSPost2010PropOp28
 70
     1
102
RTVSPost2010Prop29
280
     1
102
RTVSPost2010PropOp29
 70
     1
102
RTVSPost2010Prop30
280
     1
102
RTVSPost2010PropOp30
 70
     1
102
RTVSPost2010Prop31
280
     0
102
RTVSPost2010PropOp31
 70
     1
102
RTVSPost2010Prop32
280
     0
102
RTVSPost2010PropOp32
 70
     1
102
RTVSPost2010Prop33
280
     0
102
RTVSPost2010PropOp33
 70
     1
102
RTVSPost2010Prop34
280
     0
102
RTVSPost2010PropOp34
 70
     1
102
RTVSPost2010Prop35
280
     0
102
RTVSPost2010PropOp35
 70
     1
102
RTVSPost2010Prop36
280
     0
102
RTVSPost2010PropOp36
 70
     1
102
RTVSPost2010Prop37
 90
       50
102
RTVSPost2010PropOp37
 70
     1
102
RTVSPost2010Prop38
140
0.0
102
RTVSPost2010PropOp38
 70
     1
102
RTVSPost2010Prop39
140
1.0
102
RTVSPost2010PropOp39
 70
     1
102
RTVSPost2010Prop40
 90
        0
102
RTVSPost2010PropOp40
 70
     1
102
RTVSPost2010Prop41ColorIndex
 90
       18
102
RTVSPost2010Prop41ColorRGB
 90
        0
102
RTVSPost2010PropOp41
 70
     1
102
RTVSPost2010Prop42
 90
       50
102
RTVSPost2010PropOp42
 70
     1
102
RTVSPost2010Prop43
 90
        3
102
RTVSPost2010PropOp43
 70
     1
102
RTVSPost2010Prop44ColorIndex
 90
        5
102
RTVSPost2010Prop44ColorRGB
 90
      255
102
RTVSPost2010PropOp44
 70
     1
102
RTVSPost2010Prop45
280
     0
102
RTVSPost2010PropOp45
 70
     1
102
RTVSPost2010Prop46
 90
       50
102
RTVSPost2010PropOp46
 70
     1
102
RTVSPost2010Prop47
 90
       50
102
RTVSPost2010PropOp47
 70
     1
102
RTVSPost2010Prop48
 90
       50
102
RTVSPost2010PropOp48
 70
     1
102
RTVSPost2010Prop49
280
     0
102
RTVSPost2010PropOp49
 70
     1
102
RTVSPost2010Prop50
 90
       50
102
RTVSPost2010PropOp50
 70
     1
102
RTVSPost2010Prop51ColorIndex
 90
      256
102
RTVSPost2010Prop51ColorRGB
 90
-16777216
102
RTVSPost2010PropOp51
 70
     0
102
RTVSPost2010Prop52
140
1.0
102
RTVSPost2010PropOp52
 70
     0
102
RTVSPost2010Prop53
 90
        2
102
RTVSPost2010PropOp53
 70
     1
102
RTVSPost2010Prop54
  1
strokes_ogs.tif
102
RTVSPost2010PropOp54
 70
     1
102
RTVSPost2010Prop55
280
     0
102
RTVSPost2010PropOp55
 70
     1
102
RTVSPost2010Prop56
140
1.0
102
RTVSPost2010PropOp56
 70
     1
102
RTVSPost2010Prop57
140
1.0
102
RTVSPost2010PropOp57
 70
     1
102
RTVSPropertyOp0
 70
     1
102
RTVSPropertyOp1
 70
     1
102
RTVSPropertyOp2
 70
     1
102
RTVSPropertyOp3
 70
     1
102
RTVSPropertyOp4
 70
     1
102
RTVSPropertyOp5
 70
     1
102
RTVSPropertyOp6
 70
     1
102
RTVSPropertyOp7
 70
     1
102
RTVSPropertyOp8
 70
     1
102
RTVSPropertyOp9
 70
     1
102
RTVSPropertyOp10
 70
     1
102
RTVSPropertyOp11
 70
     1
102
RTVSPropertyOp12
 70
     1
102
RTVSPropertyOp13
 70
     1
102
RTVSPropertyOp14
 70
     1
102
RTVSPropertyOp15
 70
     1
102
RTVSPropertyOp16
 70
     1
102
RTVSPropertyOp17
 70
     1
102
RTVSPropertyOp18
 70
     1
102
RTVSPropertyOp19
 70
     1
102
RTVSPropertyOp20
 70
     1
102
RTVSPropertyOp21
 70
     1
102
RTVSPropertyOp22
 70
     1
102
RTVSPropertyOp23
 70
     1
102
RTVSPropertyOp24
 70
     1
102
RTVSPropertyOp25
 70
     1
102
RTVSPropertyOp26
 70
     1
102
RTVSPropertyOp27
 70
     1
102
RTVSPropertyOp28
 70
     1
102
RTVSPropertyOp29
 70
     1
102
RTVSPropertyOp30
 70
     1
102
RTVSPropertyOp31
 70
     1
102
RTVSPropertyOp32
 70
     1
102
RTVSPropertyOp33
 70
     1
102
RTVSPropertyOp34
 70
     1
102
RTVSPropertyOp35
 70
     1
102
RTVSPropertyOp36
 70
     1
102
RTVSPropertyOp37
 70
     1
102
RTVSPropertyOp38
 70
     1
102
RTVSPropertyOp39
 70
     1
102
RTVSPropertyOp40
 70
     1
102
RTVSPropertyOp41
 70
     1
102
RTVSPropertyOp42
 70
     1
102
RTVSPropertyOp43
 70
     1
102
RTVSPropertyOp44
 70
     1
102
RTVSPropertyOp45
 70
     1
102
RTVSPropertyOp46
 70
     1
102
RTVSPropertyOp47
 70
     1
102
RTVSPropertyOp48
 70
     1
102
RTVSPropertyOp49
 70
     1
102
RTVSPropertyOp50
 70
     1
102
RTVSPropertyOp51
 70
     0
102
RTVSPropertyOp52
 70
     0
102
RTVSPropertyOp53
 70
     1
102
RTVSPropertyOp54
 70
     1
102
RTVSPropertyOp55
 70
     1
102
RTVSPropertyOp56
 70
     1
102
RTVSPropertyOp57
 70
     1
102
RTVSPropertyOp58
 70
     1
102
RTVSPropertyOp59
 70
     1
102
RTVSPropertyOp60
 70
     1
102
RTVSPropertyOp61
 70
     1
102
RTVSPropertyOp62
 70
     1
  0
XRECORD
  5
2B5
102
{ACAD_REACTORS
330
2B4
102
}
330
2B4
100
AcDbXrecord
280
     1
102
RTVSPost2010Prop28
280
     0
102
RTVSPost2010PropOp28
 70
     1
102
RTVSPost2010Prop29
280
     1
102
RTVSPost2010PropOp29
 70
     1
102
RTVSPost2010Prop30
280
     1
102
RTVSPost2010PropOp30
 70
     1
102
RTVSPost2010Prop31
280
     0
102
RTVSPost2010PropOp31
 70
     1
102
RTVSPost2010Prop32
280
     0
102
RTVSPost2010PropOp32
 70
     1
102
RTVSPost2010Prop33
280
     0
102
RTVSPost2010PropOp33
 70
     1
102
RTVSPost2010Prop34
280
     0
102
RTVSPost2010PropOp34
 70
     1
102
RTVSPost2010Prop35
280
     0
102
RTVSPost2010PropOp35
 70
     1
102
RTVSPost2010Prop36
280
     0
102
RTVSPost2010PropOp36
 70
     1
102
RTVSPost2010Prop37
 90
       50
102
RTVSPost2010PropOp37
 70
     1
102
RTVSPost2010Prop38
140
0.0
102
RTVSPost2010PropOp38
 70
     1
102
RTVSPost2010Prop39
140
1.0
102
RTVSPost2010PropOp39
 70
     1
102
RTVSPost2010Prop40
 90
        0
102
RTVSPost2010PropOp40
 70
     1
102
RTVSPost2010Prop41ColorIndex
 90
       18
102
RTVSPost2010Prop41ColorRGB
 90
        0
102
RTVSPost2010PropOp41
 70
     1
102
RTVSPost2010Prop42
 90
       50
102
RTVSPost2010PropOp42
 70
     1
102
RTVSPost2010Prop43
 90
        3
102
RTVSPost2010PropOp43
 70
     1
102
RTVSPost2010Prop44ColorIndex
 90
        5
102
RTVSPost2010Prop44ColorRGB
 90
      255
102
RTVSPost2010PropOp44
 70
     1
102
RTVSPost2010Prop45
280
     0
102
RTVSPost2010PropOp45
 70
     1
102
RTVSPost2010Prop46
 90
       50
102
RTVSPost2010PropOp46
 70
     1
102
RTVSPost2010Prop47
 90
       50
102
RTVSPost2010PropOp47
 70
     1
102
RTVSPost2010Prop48
 90
       50
102
RTVSPost2010PropOp48
 70
     1
102
RTVSPost2010Prop49
280
     0
102
RTVSPost2010PropOp49
 70
     1
102
RTVSPost2010Prop50
 90
       50
102
RTVSPost2010PropOp50
 70
     1
102
RTVSPost2010Prop51ColorIndex
 90
      256
102
RTVSPost2010Prop51ColorRGB
 90
-16777216
102
RTVSPost2010PropOp51
 70
     0
102
RTVSPost2010Prop52
140
1.0
102
RTVSPost2010PropOp52
 70
     0
102
RTVSPost2010Prop53
 90
        2
102
RTVSPost2010PropOp53
 70
     1
102
RTVSPost2010Prop54
  1
strokes_ogs.tif
102
RTVSPost2010PropOp54
 70
     1
102
RTVSPost2010Prop55
280
     0
102
RTVSPost2010PropOp55
 70
     1
102
RTVSPost2010Prop56
140
1.0
102
RTVSPost2010PropOp56
 70
     1
102
RTVSPost2010Prop57
140
1.0
102
RTVSPost2010PropOp57
 70
     1
102
RTVSPropertyOp0
 70
     1
102
RTVSPropertyOp1
 70
     1
102
RTVSPropertyOp2
 70
     1
102
RTVSPropertyOp3
 70
     1
102
RTVSPropertyOp4
 70
     1
102
RTVSPropertyOp5
 70
     1
102
RTVSPropertyOp6
 70
     1
102
RTVSPropertyOp7
 70
     1
102
RTVSPropertyOp8
 70
     1
102
RTVSPropertyOp9
 70
     1
102
RTVSPropertyOp10
 70
     1
102
RTVSPropertyOp11
 70
     1
102
RTVSPropertyOp12
 70
     1
102
RTVSPropertyOp13
 70
     1
102
RTVSPropertyOp14
 70
     1
102
RTVSPropertyOp15
 70
     1
102
RTVSPropertyOp16
 70
     1
102
RTVSPropertyOp17
 70
     1
102
RTVSPropertyOp18
 70
     1
102
RTVSPropertyOp19
 70
     1
102
RTVSPropertyOp20
 70
     1
102
RTVSPropertyOp21
 70
     1
102
RTVSPropertyOp22
 70
     1
102
RTVSPropertyOp23
 70
     1
102
RTVSPropertyOp24
 70
     1
102
RTVSPropertyOp25
 70
     1
102
RTVSPropertyOp26
 70
     1
102
RTVSPropertyOp27
 70
     1
102
RTVSPropertyOp28
 70
     1
102
RTVSPropertyOp29
 70
     1
102
RTVSPropertyOp30
 70
     1
102
RTVSPropertyOp31
 70
     1
102
RTVSPropertyOp32
 70
     1
102
RTVSPropertyOp33
 70
     1
102
RTVSPropertyOp34
 70
     1
102
RTVSPropertyOp35
 70
     1
102
RTVSPropertyOp36
 70
     1
102
RTVSPropertyOp37
 70
     1
102
RTVSPropertyOp38
 70
     1
102
RTVSPropertyOp39
 70
     1
102
RTVSPropertyOp40
 70
     1
102
RTVSPropertyOp41
 70
     1
102
RTVSPropertyOp42
 70
     1
102
RTVSPropertyOp43
 70
     1
102
RTVSPropertyOp44
 70
     1
102
RTVSPropertyOp45
 70
     1
102
RTVSPropertyOp46
 70
     1
102
RTVSPropertyOp47
 70
     1
102
RTVSPropertyOp48
 70
     1
102
RTVSPropertyOp49
 70
     1
102
RTVSPropertyOp50
 70
     1
102
RTVSPropertyOp51
 70
     0
102
RTVSPropertyOp52
 70
     0
102
RTVSPropertyOp53
 70
     1
102
RTVSPropertyOp54
 70
     1
102
RTVSPropertyOp55
 70
     1
102
RTVSPropertyOp56
 70
     1
102
RTVSPropertyOp57
 70
     1
102
RTVSPropertyOp58
 70
     1
102
RTVSPropertyOp59
 70
     1
102
RTVSPropertyOp60
 70
     1
102
RTVSPropertyOp61
 70
     1
102
RTVSPropertyOp62
 70
     1
  0
XRECORD
  5
2B3
102
{ACAD_REACTORS
330
2B2
102
}
330
2B2
100
AcDbXrecord
280
     1
102
RTVSPost2010Prop28
280
     0
102
RTVSPost2010PropOp28
 70
     1
102
RTVSPost2010Prop29
280
     1
102
RTVSPost2010PropOp29
 70
     1
102
RTVSPost2010Prop30
280
     1
102
RTVSPost2010PropOp30
 70
     1
102
RTVSPost2010Prop31
280
     0
102
RTVSPost2010PropOp31
 70
     1
102
RTVSPost2010Prop32
280
     0
102
RTVSPost2010PropOp32
 70
     1
102
RTVSPost2010Prop33
280
     0
102
RTVSPost2010PropOp33
 70
     1
102
RTVSPost2010Prop34
280
     0
102
RTVSPost2010PropOp34
 70
     1
102
RTVSPost2010Prop35
280
     0
102
RTVSPost2010PropOp35
 70
     1
102
RTVSPost2010Prop36
280
     0
102
RTVSPost2010PropOp36
 70
     1
102
RTVSPost2010Prop37
 90
       50
102
RTVSPost2010PropOp37
 70
     1
102
RTVSPost2010Prop38
140
0.0
102
RTVSPost2010PropOp38
 70
     1
102
RTVSPost2010Prop39
140
1.0
102
RTVSPost2010PropOp39
 70
     1
102
RTVSPost2010Prop40
 90
        0
102
RTVSPost2010PropOp40
 70
     1
102
RTVSPost2010Prop41ColorIndex
 90
       18
102
RTVSPost2010Prop41ColorRGB
 90
        0
102
RTVSPost2010PropOp41
 70
     1
102
RTVSPost2010Prop42
 90
       50
102
RTVSPost2010PropOp42
 70
     1
102
RTVSPost2010Prop43
 90
        3
102
RTVSPost2010PropOp43
 70
     1
102
RTVSPost2010Prop44ColorIndex
 90
        5
102
RTVSPost2010Prop44ColorRGB
 90
      255
102
RTVSPost2010PropOp44
 70
     1
102
RTVSPost2010Prop45
280
     0
102
RTVSPost2010PropOp45
 70
     1
102
RTVSPost2010Prop46
 90
       50
102
RTVSPost2010PropOp46
 70
     1
102
RTVSPost2010Prop47
 90
       50
102
RTVSPost2010PropOp47
 70
     1
102
RTVSPost2010Prop48
 90
       50
102
RTVSPost2010PropOp48
 70
     1
102
RTVSPost2010Prop49
280
     0
102
RTVSPost2010PropOp49
 70
     1
102
RTVSPost2010Prop50
 90
       50
102
RTVSPost2010PropOp50
 70
     1
102
RTVSPost2010Prop51ColorIndex
 90
      256
102
RTVSPost2010Prop51ColorRGB
 90
-16777216
102
RTVSPost2010PropOp51
 70
     0
102
RTVSPost2010Prop52
140
1.0
102
RTVSPost2010PropOp52
 70
     0
102
RTVSPost2010Prop53
 90
        2
102
RTVSPost2010PropOp53
 70
     1
102
RTVSPost2010Prop54
  1
strokes_ogs.tif
102
RTVSPost2010PropOp54
 70
     1
102
RTVSPost2010Prop55
280
     0
102
RTVSPost2010PropOp55
 70
     1
102
RTVSPost2010Prop56
140
1.0
102
RTVSPost2010PropOp56
 70
     1
102
RTVSPost2010Prop57
140
1.0
102
RTVSPost2010PropOp57
 70
     1
102
RTVSPropertyOp0
 70
     1
102
RTVSPropertyOp1
 70
     1
102
RTVSPropertyOp2
 70
     1
102
RTVSPropertyOp3
 70
     1
102
RTVSPropertyOp4
 70
     1
102
RTVSPropertyOp5
 70
     1
102
RTVSPropertyOp6
 70
     1
102
RTVSPropertyOp7
 70
     1
102
RTVSPropertyOp8
 70
     1
102
RTVSPropertyOp9
 70
     1
102
RTVSPropertyOp10
 70
     1
102
RTVSPropertyOp11
 70
     1
102
RTVSPropertyOp12
 70
     1
102
RTVSPropertyOp13
 70
     1
102
RTVSPropertyOp14
 70
     1
102
RTVSPropertyOp15
 70
     1
102
RTVSPropertyOp16
 70
     1
102
RTVSPropertyOp17
 70
     1
102
RTVSPropertyOp18
 70
     1
102
RTVSPropertyOp19
 70
     1
102
RTVSPropertyOp20
 70
     1
102
RTVSPropertyOp21
 70
     1
102
RTVSPropertyOp22
 70
     1
102
RTVSPropertyOp23
 70
     1
102
RTVSPropertyOp24
 70
     1
102
RTVSPropertyOp25
 70
     1
102
RTVSPropertyOp26
 70
     1
102
RTVSPropertyOp27
 70
     1
102
RTVSPropertyOp28
 70
     1
102
RTVSPropertyOp29
 70
     1
102
RTVSPropertyOp30
 70
     1
102
RTVSPropertyOp31
 70
     1
102
RTVSPropertyOp32
 70
     1
102
RTVSPropertyOp33
 70
     1
102
RTVSPropertyOp34
 70
     1
102
RTVSPropertyOp35
 70
     1
102
RTVSPropertyOp36
 70
     1
102
RTVSPropertyOp37
 70
     1
102
RTVSPropertyOp38
 70
     1
102
RTVSPropertyOp39
 70
     1
102
RTVSPropertyOp40
 70
     1
102
RTVSPropertyOp41
 70
     1
102
RTVSPropertyOp42
 70
     1
102
RTVSPropertyOp43
 70
     1
102
RTVSPropertyOp44
 70
     1
102
RTVSPropertyOp45
 70
     1
102
RTVSPropertyOp46
 70
     1
102
RTVSPropertyOp47
 70
     1
102
RTVSPropertyOp48
 70
     1
102
RTVSPropertyOp49
 70
     1
102
RTVSPropertyOp50
 70
     1
102
RTVSPropertyOp51
 70
     0
102
RTVSPropertyOp52
 70
     0
102
RTVSPropertyOp53
 70
     1
102
RTVSPropertyOp54
 70
     1
102
RTVSPropertyOp55
 70
     1
102
RTVSPropertyOp56
 70
     1
102
RTVSPropertyOp57
 70
     1
102
RTVSPropertyOp58
 70
     1
102
RTVSPropertyOp59
 70
     1
102
RTVSPropertyOp60
 70
     1
102
RTVSPropertyOp61
 70
     1
102
RTVSPropertyOp62
 70
     1
  0
XRECORD
  5
2AD
102
{ACAD_REACTORS
330
2AC
102
}
330
2AC
100
AcDbXrecord
280
     1
102
RTVSPost2010Prop28
280
     0
102
RTVSPost2010PropOp28
 70
     1
102
RTVSPost2010Prop29
280
     1
102
RTVSPost2010PropOp29
 70
     1
102
RTVSPost2010Prop30
280
     1
102
RTVSPost2010PropOp30
 70
     1
102
RTVSPost2010Prop31
280
     0
102
RTVSPost2010PropOp31
 70
     1
102
RTVSPost2010Prop32
280
     0
102
RTVSPost2010PropOp32
 70
     1
102
RTVSPost2010Prop33
280
     0
102
RTVSPost2010PropOp33
 70
     1
102
RTVSPost2010Prop34
280
     0
102
RTVSPost2010PropOp34
 70
     1
102
RTVSPost2010Prop35
280
     0
102
RTVSPost2010PropOp35
 70
     1
102
RTVSPost2010Prop36
280
     0
102
RTVSPost2010PropOp36
 70
     1
102
RTVSPost2010Prop37
 90
       50
102
RTVSPost2010PropOp37
 70
     1
102
RTVSPost2010Prop38
140
0.0
102
RTVSPost2010PropOp38
 70
     1
102
RTVSPost2010Prop39
140
1.0
102
RTVSPost2010PropOp39
 70
     1
102
RTVSPost2010Prop40
 90
        0
102
RTVSPost2010PropOp40
 70
     1
102
RTVSPost2010Prop41ColorIndex
 90
       18
102
RTVSPost2010Prop41ColorRGB
 90
        0
102
RTVSPost2010PropOp41
 70
     1
102
RTVSPost2010Prop42
 90
       50
102
RTVSPost2010PropOp42
 70
     1
102
RTVSPost2010Prop43
 90
        3
102
RTVSPost2010PropOp43
 70
     1
102
RTVSPost2010Prop44ColorIndex
 90
        5
102
RTVSPost2010Prop44ColorRGB
 90
      255
102
RTVSPost2010PropOp44
 70
     1
102
RTVSPost2010Prop45
280
     0
102
RTVSPost2010PropOp45
 70
     1
102
RTVSPost2010Prop46
 90
       50
102
RTVSPost2010PropOp46
 70
     1
102
RTVSPost2010Prop47
 90
       50
102
RTVSPost2010PropOp47
 70
     1
102
RTVSPost2010Prop48
 90
       50
102
RTVSPost2010PropOp48
 70
     1
102
RTVSPost2010Prop49
280
     0
102
RTVSPost2010PropOp49
 70
     1
102
RTVSPost2010Prop50
 90
       50
102
RTVSPost2010PropOp50
 70
     1
102
RTVSPost2010Prop51ColorIndex
 90
      256
102
RTVSPost2010Prop51ColorRGB
 90
-16777216
102
RTVSPost2010PropOp51
 70
     0
102
RTVSPost2010Prop52
140
1.0
102
RTVSPost2010PropOp52
 70
     0
102
RTVSPost2010Prop53
 90
        2
102
RTVSPost2010PropOp53
 70
     1
102
RTVSPost2010Prop54
  1
strokes_ogs.tif
102
RTVSPost2010PropOp54
 70
     1
102
RTVSPost2010Prop55
280
     0
102
RTVSPost2010PropOp55
 70
     1
102
RTVSPost2010Prop56
140
1.0
102
RTVSPost2010PropOp56
 70
     1
102
RTVSPost2010Prop57
140
1.0
102
RTVSPost2010PropOp57
 70
     1
102
RTVSPropertyOp0
 70
     1
102
RTVSPropertyOp1
 70
     1
102
RTVSPropertyOp2
 70
     1
102
RTVSPropertyOp3
 70
     1
102
RTVSPropertyOp4
 70
     1
102
RTVSPropertyOp5
 70
     1
102
RTVSPropertyOp6
 70
     1
102
RTVSPropertyOp7
 70
     1
102
RTVSPropertyOp8
 70
     1
102
RTVSPropertyOp9
 70
     1
102
RTVSPropertyOp10
 70
     1
102
RTVSPropertyOp11
 70
     1
102
RTVSPropertyOp12
 70
     1
102
RTVSPropertyOp13
 70
     1
102
RTVSPropertyOp14
 70
     1
102
RTVSPropertyOp15
 70
     1
102
RTVSPropertyOp16
 70
     1
102
RTVSPropertyOp17
 70
     1
102
RTVSPropertyOp18
 70
     1
102
RTVSPropertyOp19
 70
     1
102
RTVSPropertyOp20
 70
     1
102
RTVSPropertyOp21
 70
     1
102
RTVSPropertyOp22
 70
     1
102
RTVSPropertyOp23
 70
     1
102
RTVSPropertyOp24
 70
     1
102
RTVSPropertyOp25
 70
     1
102
RTVSPropertyOp26
 70
     1
102
RTVSPropertyOp27
 70
     1
102
RTVSPropertyOp28
 70
     1
102
RTVSPropertyOp29
 70
     1
102
RTVSPropertyOp30
 70
     1
102
RTVSPropertyOp31
 70
     1
102
RTVSPropertyOp32
 70
     1
102
RTVSPropertyOp33
 70
     1
102
RTVSPropertyOp34
 70
     1
102
RTVSPropertyOp35
 70
     1
102
RTVSPropertyOp36
 70
     1
102
RTVSPropertyOp37
 70
     1
102
RTVSPropertyOp38
 70
     1
102
RTVSPropertyOp39
 70
     1
102
RTVSPropertyOp40
 70
     1
102
RTVSPropertyOp41
 70
     1
102
RTVSPropertyOp42
 70
     1
102
RTVSPropertyOp43
 70
     1
102
RTVSPropertyOp44
 70
     1
102
RTVSPropertyOp45
 70
     1
102
RTVSPropertyOp46
 70
     1
102
RTVSPropertyOp47
 70
     1
102
RTVSPropertyOp48
 70
     1
102
RTVSPropertyOp49
 70
     1
102
RTVSPropertyOp50
 70
     1
102
RTVSPropertyOp51
 70
     0
102
RTVSPropertyOp52
 70
     0
102
RTVSPropertyOp53
 70
     1
102
RTVSPropertyOp54
 70
     1
102
RTVSPropertyOp55
 70
     1
102
RTVSPropertyOp56
 70
     1
102
RTVSPropertyOp57
 70
     1
102
RTVSPropertyOp58
 70
     1
102
RTVSPropertyOp59
 70
     1
102
RTVSPropertyOp60
 70
     1
102
RTVSPropertyOp61
 70
     1
102
RTVSPropertyOp62
 70
     1
  0
XRECORD
  5
2AF
102
{ACAD_REACTORS
330
2AE
102
}
330
2AE
100
AcDbXrecord
280
     1
102
RTVSPost2010Prop28
280
     0
102
RTVSPost2010PropOp28
 70
     1
102
RTVSPost2010Prop29
280
     1
102
RTVSPost2010PropOp29
 70
     1
102
RTVSPost2010Prop30
280
     1
102
RTVSPost2010PropOp30
 70
     1
102
RTVSPost2010Prop31
280
     0
102
RTVSPost2010PropOp31
 70
     1
102
RTVSPost2010Prop32
280
     0
102
RTVSPost2010PropOp32
 70
     1
102
RTVSPost2010Prop33
280
     0
102
RTVSPost2010PropOp33
 70
     1
102
RTVSPost2010Prop34
280
     0
102
RTVSPost2010PropOp34
 70
     1
102
RTVSPost2010Prop35
280
     0
102
RTVSPost2010PropOp35
 70
     1
102
RTVSPost2010Prop36
280
     0
102
RTVSPost2010PropOp36
 70
     1
102
RTVSPost2010Prop37
 90
       50
102
RTVSPost2010PropOp37
 70
     1
102
RTVSPost2010Prop38
140
0.0
102
RTVSPost2010PropOp38
 70
     1
102
RTVSPost2010Prop39
140
1.0
102
RTVSPost2010PropOp39
 70
     1
102
RTVSPost2010Prop40
 90
        0
102
RTVSPost2010PropOp40
 70
     1
102
RTVSPost2010Prop41ColorIndex
 90
       18
102
RTVSPost2010Prop41ColorRGB
 90
        0
102
RTVSPost2010PropOp41
 70
     1
102
RTVSPost2010Prop42
 90
       50
102
RTVSPost2010PropOp42
 70
     1
102
RTVSPost2010Prop43
 90
        3
102
RTVSPost2010PropOp43
 70
     1
102
RTVSPost2010Prop44ColorIndex
 90
        5
102
RTVSPost2010Prop44ColorRGB
 90
      255
102
RTVSPost2010PropOp44
 70
     1
102
RTVSPost2010Prop45
280
     0
102
RTVSPost2010PropOp45
 70
     1
102
RTVSPost2010Prop46
 90
       50
102
RTVSPost2010PropOp46
 70
     1
102
RTVSPost2010Prop47
 90
       50
102
RTVSPost2010PropOp47
 70
     1
102
RTVSPost2010Prop48
 90
       50
102
RTVSPost2010PropOp48
 70
     1
102
RTVSPost2010Prop49
280
     0
102
RTVSPost2010PropOp49
 70
     1
102
RTVSPost2010Prop50
 90
       50
102
RTVSPost2010PropOp50
 70
     1
102
RTVSPost2010Prop51ColorIndex
 90
      256
102
RTVSPost2010Prop51ColorRGB
 90
-16777216
102
RTVSPost2010PropOp51
 70
     0
102
RTVSPost2010Prop52
140
1.0
102
RTVSPost2010PropOp52
 70
     0
102
RTVSPost2010Prop53
 90
        2
102
RTVSPost2010PropOp53
 70
     1
102
RTVSPost2010Prop54
  1
strokes_ogs.tif
102
RTVSPost2010PropOp54
 70
     1
102
RTVSPost2010Prop55
280
     0
102
RTVSPost2010PropOp55
 70
     1
102
RTVSPost2010Prop56
140
1.0
102
RTVSPost2010PropOp56
 70
     1
102
RTVSPost2010Prop57
140
1.0
102
RTVSPost2010PropOp57
 70
     1
102
RTVSPropertyOp0
 70
     1
102
RTVSPropertyOp1
 70
     1
102
RTVSPropertyOp2
 70
     1
102
RTVSPropertyOp3
 70
     1
102
RTVSPropertyOp4
 70
     1
102
RTVSPropertyOp5
 70
     1
102
RTVSPropertyOp6
 70
     1
102
RTVSPropertyOp7
 70
     1
102
RTVSPropertyOp8
 70
     1
102
RTVSPropertyOp9
 70
     1
102
RTVSPropertyOp10
 70
     1
102
RTVSPropertyOp11
 70
     1
102
RTVSPropertyOp12
 70
     1
102
RTVSPropertyOp13
 70
     1
102
RTVSPropertyOp14
 70
     1
102
RTVSPropertyOp15
 70
     1
102
RTVSPropertyOp16
 70
     1
102
RTVSPropertyOp17
 70
     1
102
RTVSPropertyOp18
 70
     1
102
RTVSPropertyOp19
 70
     1
102
RTVSPropertyOp20
 70
     1
102
RTVSPropertyOp21
 70
     1
102
RTVSPropertyOp22
 70
     1
102
RTVSPropertyOp23
 70
     1
102
RTVSPropertyOp24
 70
     1
102
RTVSPropertyOp25
 70
     1
102
RTVSPropertyOp26
 70
     1
102
RTVSPropertyOp27
 70
     1
102
RTVSPropertyOp28
 70
     1
102
RTVSPropertyOp29
 70
     1
102
RTVSPropertyOp30
 70
     1
102
RTVSPropertyOp31
 70
     1
102
RTVSPropertyOp32
 70
     1
102
RTVSPropertyOp33
 70
     1
102
RTVSPropertyOp34
 70
     1
102
RTVSPropertyOp35
 70
     1
102
RTVSPropertyOp36
 70
     1
102
RTVSPropertyOp37
 70
     1
102
RTVSPropertyOp38
 70
     1
102
RTVSPropertyOp39
 70
     1
102
RTVSPropertyOp40
 70
     1
102
RTVSPropertyOp41
 70
     1
102
RTVSPropertyOp42
 70
     1
102
RTVSPropertyOp43
 70
     1
102
RTVSPropertyOp44
 70
     1
102
RTVSPropertyOp45
 70
     1
102
RTVSPropertyOp46
 70
     1
102
RTVSPropertyOp47
 70
     1
102
RTVSPropertyOp48
 70
     1
102
RTVSPropertyOp49
 70
     1
102
RTVSPropertyOp50
 70
     1
102
RTVSPropertyOp51
 70
     0
102
RTVSPropertyOp52
 70
     0
102
RTVSPropertyOp53
 70
     1
102
RTVSPropertyOp54
 70
     1
102
RTVSPropertyOp55
 70
     1
102
RTVSPropertyOp56
 70
     1
102
RTVSPropertyOp57
 70
     1
102
RTVSPropertyOp58
 70
     1
102
RTVSPropertyOp59
 70
     1
102
RTVSPropertyOp60
 70
     1
102
RTVSPropertyOp61
 70
     1
102
RTVSPropertyOp62
 70
     1
  0
XRECORD
  5
29F
102
{ACAD_REACTORS
330
29E
102
}
330
29E
100
AcDbXrecord
280
     1
102
RTVSPost2010Prop28
280
     0
102
RTVSPost2010PropOp28
 70
     1
102
RTVSPost2010Prop29
280
     1
102
RTVSPost2010PropOp29
 70
     1
102
RTVSPost2010Prop30
280
     1
102
RTVSPost2010PropOp30
 70
     1
102
RTVSPost2010Prop31
280
     0
102
RTVSPost2010PropOp31
 70
     1
102
RTVSPost2010Prop32
280
     0
102
RTVSPost2010PropOp32
 70
     1
102
RTVSPost2010Prop33
280
     0
102
RTVSPost2010PropOp33
 70
     1
102
RTVSPost2010Prop34
280
     0
102
RTVSPost2010PropOp34
 70
     1
102
RTVSPost2010Prop35
280
     0
102
RTVSPost2010PropOp35
 70
     1
102
RTVSPost2010Prop36
280
     0
102
RTVSPost2010PropOp36
 70
     1
102
RTVSPost2010Prop37
 90
       50
102
RTVSPost2010PropOp37
 70
     1
102
RTVSPost2010Prop38
140
0.0
102
RTVSPost2010PropOp38
 70
     1
102
RTVSPost2010Prop39
140
1.0
102
RTVSPost2010PropOp39
 70
     1
102
RTVSPost2010Prop40
 90
        0
102
RTVSPost2010PropOp40
 70
     1
102
RTVSPost2010Prop41ColorIndex
 90
       18
102
RTVSPost2010Prop41ColorRGB
 90
        0
102
RTVSPost2010PropOp41
 70
     1
102
RTVSPost2010Prop42
 90
       50
102
RTVSPost2010PropOp42
 70
     1
102
RTVSPost2010Prop43
 90
        3
102
RTVSPost2010PropOp43
 70
     1
102
RTVSPost2010Prop44ColorIndex
 90
        5
102
RTVSPost2010Prop44ColorRGB
 90
      255
102
RTVSPost2010PropOp44
 70
     1
102
RTVSPost2010Prop45
280
     0
102
RTVSPost2010PropOp45
 70
     1
102
RTVSPost2010Prop46
 90
       50
102
RTVSPost2010PropOp46
 70
     1
102
RTVSPost2010Prop47
 90
       50
102
RTVSPost2010PropOp47
 70
     1
102
RTVSPost2010Prop48
 90
       50
102
RTVSPost2010PropOp48
 70
     1
102
RTVSPost2010Prop49
280
     0
102
RTVSPost2010PropOp49
 70
     1
102
RTVSPost2010Prop50
 90
       50
102
RTVSPost2010PropOp50
 70
     1
102
RTVSPost2010Prop51ColorIndex
 90
      256
102
RTVSPost2010Prop51ColorRGB
 90
-16777216
102
RTVSPost2010PropOp51
 70
     0
102
RTVSPost2010Prop52
140
1.0
102
RTVSPost2010PropOp52
 70
     0
102
RTVSPost2010Prop53
 90
        2
102
RTVSPost2010PropOp53
 70
     1
102
RTVSPost2010Prop54
  1
strokes_ogs.tif
102
RTVSPost2010PropOp54
 70
     1
102
RTVSPost2010Prop55
280
     0
102
RTVSPost2010PropOp55
 70
     1
102
RTVSPost2010Prop56
140
1.0
102
RTVSPost2010PropOp56
 70
     1
102
RTVSPost2010Prop57
140
1.0
102
RTVSPost2010PropOp57
 70
     1
102
RTVSPropertyOp0
 70
     1
102
RTVSPropertyOp1
 70
     1
102
RTVSPropertyOp2
 70
     1
102
RTVSPropertyOp3
 70
     1
102
RTVSPropertyOp4
 70
     1
102
RTVSPropertyOp5
 70
     1
102
RTVSPropertyOp6
 70
     1
102
RTVSPropertyOp7
 70
     1
102
RTVSPropertyOp8
 70
     1
102
RTVSPropertyOp9
 70
     1
102
RTVSPropertyOp10
 70
     1
102
RTVSPropertyOp11
 70
     1
102
RTVSPropertyOp12
 70
     1
102
RTVSPropertyOp13
 70
     1
102
RTVSPropertyOp14
 70
     1
102
RTVSPropertyOp15
 70
     1
102
RTVSPropertyOp16
 70
     1
102
RTVSPropertyOp17
 70
     1
102
RTVSPropertyOp18
 70
     1
102
RTVSPropertyOp19
 70
     1
102
RTVSPropertyOp20
 70
     1
102
RTVSPropertyOp21
 70
     1
102
RTVSPropertyOp22
 70
     1
102
RTVSPropertyOp23
 70
     1
102
RTVSPropertyOp24
 70
     1
102
RTVSPropertyOp25
 70
     1
102
RTVSPropertyOp26
 70
     1
102
RTVSPropertyOp27
 70
     1
102
RTVSPropertyOp28
 70
     1
102
RTVSPropertyOp29
 70
     1
102
RTVSPropertyOp30
 70
     1
102
RTVSPropertyOp31
 70
     1
102
RTVSPropertyOp32
 70
     1
102
RTVSPropertyOp33
 70
     1
102
RTVSPropertyOp34
 70
     1
102
RTVSPropertyOp35
 70
     1
102
RTVSPropertyOp36
 70
     1
102
RTVSPropertyOp37
 70
     1
102
RTVSPropertyOp38
 70
     1
102
RTVSPropertyOp39
 70
     1
102
RTVSPropertyOp40
 70
     1
102
RTVSPropertyOp41
 70
     1
102
RTVSPropertyOp42
 70
     1
102
RTVSPropertyOp43
 70
     1
102
RTVSPropertyOp44
 70
     1
102
RTVSPropertyOp45
 70
     1
102
RTVSPropertyOp46
 70
     1
102
RTVSPropertyOp47
 70
     1
102
RTVSPropertyOp48
 70
     1
102
RTVSPropertyOp49
 70
     1
102
RTVSPropertyOp50
 70
     1
102
RTVSPropertyOp51
 70
     0
102
RTVSPropertyOp52
 70
     0
102
RTVSPropertyOp53
 70
     1
102
RTVSPropertyOp54
 70
     1
102
RTVSPropertyOp55
 70
     1
102
RTVSPropertyOp56
 70
     1
102
RTVSPropertyOp57
 70
     1
102
RTVSPropertyOp58
 70
     1
102
RTVSPropertyOp59
 70
     1
102
RTVSPropertyOp60
 70
     1
102
RTVSPropertyOp61
 70
     1
102
RTVSPropertyOp62
 70
     1
  0
XRECORD
  5
293
102
{ACAD_REACTORS
330
292
102
}
330
292
100
AcDbXrecord
280
     1
102
RTVSPost2010Prop28
280
     0
102
RTVSPost2010PropOp28
 70
     1
102
RTVSPost2010Prop29
280
     1
102
RTVSPost2010PropOp29
 70
     1
102
RTVSPost2010Prop30
280
     1
102
RTVSPost2010PropOp30
 70
     1
102
RTVSPost2010Prop31
280
     0
102
RTVSPost2010PropOp31
 70
     1
102
RTVSPost2010Prop32
280
     0
102
RTVSPost2010PropOp32
 70
     1
102
RTVSPost2010Prop33
280
     0
102
RTVSPost2010PropOp33
 70
     1
102
RTVSPost2010Prop34
280
     0
102
RTVSPost2010PropOp34
 70
     1
102
RTVSPost2010Prop35
280
     0
102
RTVSPost2010PropOp35
 70
     1
102
RTVSPost2010Prop36
280
     0
102
RTVSPost2010PropOp36
 70
     1
102
RTVSPost2010Prop37
 90
       50
102
RTVSPost2010PropOp37
 70
     1
102
RTVSPost2010Prop38
140
0.0
102
RTVSPost2010PropOp38
 70
     1
102
RTVSPost2010Prop39
140
1.0
102
RTVSPost2010PropOp39
 70
     1
102
RTVSPost2010Prop40
 90
        0
102
RTVSPost2010PropOp40
 70
     1
102
RTVSPost2010Prop41ColorIndex
 90
       18
102
RTVSPost2010Prop41ColorRGB
 90
        0
102
RTVSPost2010PropOp41
 70
     1
102
RTVSPost2010Prop42
 90
       50
102
RTVSPost2010PropOp42
 70
     1
102
RTVSPost2010Prop43
 90
        3
102
RTVSPost2010PropOp43
 70
     1
102
RTVSPost2010Prop44ColorIndex
 90
        5
102
RTVSPost2010Prop44ColorRGB
 90
      255
102
RTVSPost2010PropOp44
 70
     1
102
RTVSPost2010Prop45
280
     0
102
RTVSPost2010PropOp45
 70
     1
102
RTVSPost2010Prop46
 90
       50
102
RTVSPost2010PropOp46
 70
     1
102
RTVSPost2010Prop47
 90
       50
102
RTVSPost2010PropOp47
 70
     1
102
RTVSPost2010Prop48
 90
       50
102
RTVSPost2010PropOp48
 70
     1
102
RTVSPost2010Prop49
280
     0
102
RTVSPost2010PropOp49
 70
     1
102
RTVSPost2010Prop50
 90
       50
102
RTVSPost2010PropOp50
 70
     1
102
RTVSPost2010Prop51ColorIndex
 90
      256
102
RTVSPost2010Prop51ColorRGB
 90
-16777216
102
RTVSPost2010PropOp51
 70
     0
102
RTVSPost2010Prop52
140
1.0
102
RTVSPost2010PropOp52
 70
     0
102
RTVSPost2010Prop53
 90
        2
102
RTVSPost2010PropOp53
 70
     1
102
RTVSPost2010Prop54
  1
strokes_ogs.tif
102
RTVSPost2010PropOp54
 70
     1
102
RTVSPost2010Prop55
280
     0
102
RTVSPost2010PropOp55
 70
     1
102
RTVSPost2010Prop56
140
1.0
102
RTVSPost2010PropOp56
 70
     1
102
RTVSPost2010Prop57
140
1.0
102
RTVSPost2010PropOp57
 70
     1
102
RTVSPropertyOp0
 70
     1
102
RTVSPropertyOp1
 70
     1
102
RTVSPropertyOp2
 70
     1
102
RTVSPropertyOp3
 70
     1
102
RTVSPropertyOp4
 70
     1
102
RTVSPropertyOp5
 70
     1
102
RTVSPropertyOp6
 70
     1
102
RTVSPropertyOp7
 70
     1
102
RTVSPropertyOp8
 70
     1
102
RTVSPropertyOp9
 70
     1
102
RTVSPropertyOp10
 70
     1
102
RTVSPropertyOp11
 70
     1
102
RTVSPropertyOp12
 70
     1
102
RTVSPropertyOp13
 70
     1
102
RTVSPropertyOp14
 70
     1
102
RTVSPropertyOp15
 70
     1
102
RTVSPropertyOp16
 70
     1
102
RTVSPropertyOp17
 70
     1
102
RTVSPropertyOp18
 70
     1
102
RTVSPropertyOp19
 70
     1
102
RTVSPropertyOp20
 70
     1
102
RTVSPropertyOp21
 70
     1
102
RTVSPropertyOp22
 70
     1
102
RTVSPropertyOp23
 70
     1
102
RTVSPropertyOp24
 70
     1
102
RTVSPropertyOp25
 70
     1
102
RTVSPropertyOp26
 70
     1
102
RTVSPropertyOp27
 70
     1
102
RTVSPropertyOp28
 70
     1
102
RTVSPropertyOp29
 70
     1
102
RTVSPropertyOp30
 70
     1
102
RTVSPropertyOp31
 70
     1
102
RTVSPropertyOp32
 70
     1
102
RTVSPropertyOp33
 70
     1
102
RTVSPropertyOp34
 70
     1
102
RTVSPropertyOp35
 70
     1
102
RTVSPropertyOp36
 70
     1
102
RTVSPropertyOp37
 70
     1
102
RTVSPropertyOp38
 70
     1
102
RTVSPropertyOp39
 70
     1
102
RTVSPropertyOp40
 70
     1
102
RTVSPropertyOp41
 70
     1
102
RTVSPropertyOp42
 70
     1
102
RTVSPropertyOp43
 70
     1
102
RTVSPropertyOp44
 70
     1
102
RTVSPropertyOp45
 70
     1
102
RTVSPropertyOp46
 70
     1
102
RTVSPropertyOp47
 70
     1
102
RTVSPropertyOp48
 70
     1
102
RTVSPropertyOp49
 70
     1
102
RTVSPropertyOp50
 70
     1
102
RTVSPropertyOp51
 70
     0
102
RTVSPropertyOp52
 70
     0
102
RTVSPropertyOp53
 70
     1
102
RTVSPropertyOp54
 70
     1
102
RTVSPropertyOp55
 70
     1
102
RTVSPropertyOp56
 70
     1
102
RTVSPropertyOp57
 70
     1
102
RTVSPropertyOp58
 70
     1
102
RTVSPropertyOp59
 70
     1
102
RTVSPropertyOp60
 70
     1
102
RTVSPropertyOp61
 70
     1
102
RTVSPropertyOp62
 70
     1
  0
XRECORD
  5
2B1
102
{ACAD_REACTORS
330
2B0
102
}
330
2B0
100
AcDbXrecord
280
     1
102
RTVSPost2010Prop28
280
     0
102
RTVSPost2010PropOp28
 70
     1
102
RTVSPost2010Prop29
280
     1
102
RTVSPost2010PropOp29
 70
     1
102
RTVSPost2010Prop30
280
     1
102
RTVSPost2010PropOp30
 70
     1
102
RTVSPost2010Prop31
280
     0
102
RTVSPost2010PropOp31
 70
     1
102
RTVSPost2010Prop32
280
     0
102
RTVSPost2010PropOp32
 70
     1
102
RTVSPost2010Prop33
280
     0
102
RTVSPost2010PropOp33
 70
     1
102
RTVSPost2010Prop34
280
     0
102
RTVSPost2010PropOp34
 70
     1
102
RTVSPost2010Prop35
280
     0
102
RTVSPost2010PropOp35
 70
     1
102
RTVSPost2010Prop36
280
     0
102
RTVSPost2010PropOp36
 70
     1
102
RTVSPost2010Prop37
 90
       50
102
RTVSPost2010PropOp37
 70
     1
102
RTVSPost2010Prop38
140
0.0
102
RTVSPost2010PropOp38
 70
     1
102
RTVSPost2010Prop39
140
1.0
102
RTVSPost2010PropOp39
 70
     1
102
RTVSPost2010Prop40
 90
        0
102
RTVSPost2010PropOp40
 70
     1
102
RTVSPost2010Prop41ColorIndex
 90
       18
102
RTVSPost2010Prop41ColorRGB
 90
        0
102
RTVSPost2010PropOp41
 70
     1
102
RTVSPost2010Prop42
 90
       50
102
RTVSPost2010PropOp42
 70
     1
102
RTVSPost2010Prop43
 90
        3
102
RTVSPost2010PropOp43
 70
     1
102
RTVSPost2010Prop44ColorIndex
 90
        5
102
RTVSPost2010Prop44ColorRGB
 90
      255
102
RTVSPost2010PropOp44
 70
     1
102
RTVSPost2010Prop45
280
     0
102
RTVSPost2010PropOp45
 70
     1
102
RTVSPost2010Prop46
 90
       50
102
RTVSPost2010PropOp46
 70
     1
102
RTVSPost2010Prop47
 90
       50
102
RTVSPost2010PropOp47
 70
     1
102
RTVSPost2010Prop48
 90
       50
102
RTVSPost2010PropOp48
 70
     1
102
RTVSPost2010Prop49
280
     0
102
RTVSPost2010PropOp49
 70
     1
102
RTVSPost2010Prop50
 90
       50
102
RTVSPost2010PropOp50
 70
     1
102
RTVSPost2010Prop51ColorIndex
 90
      256
102
RTVSPost2010Prop51ColorRGB
 90
-16777216
102
RTVSPost2010PropOp51
 70
     0
102
RTVSPost2010Prop52
140
1.0
102
RTVSPost2010PropOp52
 70
     0
102
RTVSPost2010Prop53
 90
        2
102
RTVSPost2010PropOp53
 70
     1
102
RTVSPost2010Prop54
  1
strokes_ogs.tif
102
RTVSPost2010PropOp54
 70
     1
102
RTVSPost2010Prop55
280
     0
102
RTVSPost2010PropOp55
 70
     1
102
RTVSPost2010Prop56
140
1.0
102
RTVSPost2010PropOp56
 70
     1
102
RTVSPost2010Prop57
140
1.0
102
RTVSPost2010PropOp57
 70
     1
102
RTVSPropertyOp0
 70
     1
102
RTVSPropertyOp1
 70
     1
102
RTVSPropertyOp2
 70
     1
102
RTVSPropertyOp3
 70
     1
102
RTVSPropertyOp4
 70
     1
102
RTVSPropertyOp5
 70
     1
102
RTVSPropertyOp6
 70
     1
102
RTVSPropertyOp7
 70
     1
102
RTVSPropertyOp8
 70
     1
102
RTVSPropertyOp9
 70
     1
102
RTVSPropertyOp10
 70
     1
102
RTVSPropertyOp11
 70
     1
102
RTVSPropertyOp12
 70
     1
102
RTVSPropertyOp13
 70
     1
102
RTVSPropertyOp14
 70
     1
102
RTVSPropertyOp15
 70
     1
102
RTVSPropertyOp16
 70
     1
102
RTVSPropertyOp17
 70
     1
102
RTVSPropertyOp18
 70
     1
102
RTVSPropertyOp19
 70
     1
102
RTVSPropertyOp20
 70
     1
102
RTVSPropertyOp21
 70
     1
102
RTVSPropertyOp22
 70
     1
102
RTVSPropertyOp23
 70
     1
102
RTVSPropertyOp24
 70
     1
102
RTVSPropertyOp25
 70
     1
102
RTVSPropertyOp26
 70
     1
102
RTVSPropertyOp27
 70
     1
102
RTVSPropertyOp28
 70
     1
102
RTVSPropertyOp29
 70
     1
102
RTVSPropertyOp30
 70
     1
102
RTVSPropertyOp31
 70
     1
102
RTVSPropertyOp32
 70
     1
102
RTVSPropertyOp33
 70
     1
102
RTVSPropertyOp34
 70
     1
102
RTVSPropertyOp35
 70
     1
102
RTVSPropertyOp36
 70
     1
102
RTVSPropertyOp37
 70
     1
102
RTVSPropertyOp38
 70
     1
102
RTVSPropertyOp39
 70
     1
102
RTVSPropertyOp40
 70
     1
102
RTVSPropertyOp41
 70
     1
102
RTVSPropertyOp42
 70
     1
102
RTVSPropertyOp43
 70
     1
102
RTVSPropertyOp44
 70
     1
102
RTVSPropertyOp45
 70
     1
102
RTVSPropertyOp46
 70
     1
102
RTVSPropertyOp47
 70
     1
102
RTVSPropertyOp48
 70
     1
102
RTVSPropertyOp49
 70
     1
102
RTVSPropertyOp50
 70
     1
102
RTVSPropertyOp51
 70
     0
102
RTVSPropertyOp52
 70
     0
102
RTVSPropertyOp53
 70
     1
102
RTVSPropertyOp54
 70
     1
102
RTVSPropertyOp55
 70
     1
102
RTVSPropertyOp56
 70
     1
102
RTVSPropertyOp57
 70
     1
102
RTVSPropertyOp58
 70
     1
102
RTVSPropertyOp59
 70
     1
102
RTVSPropertyOp60
 70
     1
102
RTVSPropertyOp61
 70
     1
102
RTVSPropertyOp62
 70
     1
  0
ENDSEC
  0
EOF